Using pre-set license
Built from '2022.3/staging' branch; Version is '2022.3.47f1 (88c277b85d21) revision 8962679'; Using compiler version '192829333'; Build Type 'Release'
OS: 'Windows 11  (10.0.22631) 64bit Core' Language: 'en' Physical Memory: 16227 MB
BatchMode: 1, IsHumanControllingUs: 0, StartBugReporterOnCrash: 0, Is64bit: 1, IsPro: 1

COMMAND LINE ARGUMENTS:
C:\Program Files\Unity\Hub\Editor\2022.3.47f1\Editor\Unity.exe
-adb2
-batchMode
-noUpm
-name
AssetImportWorker5
-projectPath
C:/Users/ryanm/OneDrive/Desktop/I2GT24_25_RMurphy_40180992/UnityEssentials - Get Creating/Knight quest (revamp)
-logFile
Logs/AssetImportWorker5.log
-srvPort
50404
Successfully changed project path to: C:/Users/ryanm/OneDrive/Desktop/I2GT24_25_RMurphy_40180992/UnityEssentials - Get Creating/Knight quest (revamp)
C:/Users/ryanm/OneDrive/Desktop/I2GT24_25_RMurphy_40180992/UnityEssentials - Get Creating/Knight quest (revamp)
[UnityMemory] Configuration Parameters - Can be set up in boot.config
    "memorysetup-bucket-allocator-granularity=16"
    "memorysetup-bucket-allocator-bucket-count=8"
    "memorysetup-bucket-allocator-block-size=33554432"
    "memorysetup-bucket-allocator-block-count=8"
    "memorysetup-main-allocator-block-size=16777216"
    "memorysetup-thread-allocator-block-size=16777216"
    "memorysetup-gfx-main-allocator-block-size=16777216"
    "memorysetup-gfx-thread-allocator-block-size=16777216"
    "memorysetup-cache-allocator-block-size=4194304"
    "memorysetup-typetree-allocator-block-size=2097152"
    "memorysetup-profiler-bucket-allocator-granularity=16"
    "memorysetup-profiler-bucket-allocator-bucket-count=8"
    "memorysetup-profiler-bucket-allocator-block-size=33554432"
    "memorysetup-profiler-bucket-allocator-block-count=8"
    "memorysetup-profiler-allocator-block-size=16777216"
    "memorysetup-profiler-editor-allocator-block-size=1048576"
    "memorysetup-temp-allocator-size-main=16777216"
    "memorysetup-job-temp-allocator-block-size=2097152"
    "memorysetup-job-temp-allocator-block-size-background=1048576"
    "memorysetup-job-temp-allocator-reduction-small-platforms=262144"
    "memorysetup-allocator-temp-initial-block-size-main=262144"
    "memorysetup-allocator-temp-initial-block-size-worker=262144"
    "memorysetup-temp-allocator-size-background-worker=32768"
    "memorysetup-temp-allocator-size-job-worker=262144"
    "memorysetup-temp-allocator-size-preload-manager=33554432"
    "memorysetup-temp-allocator-size-nav-mesh-worker=65536"
    "memorysetup-temp-allocator-size-audio-worker=65536"
    "memorysetup-temp-allocator-size-cloud-worker=32768"
    "memorysetup-temp-allocator-size-gi-baking-worker=262144"
    "memorysetup-temp-allocator-size-gfx=262144"
Player connection [25752]  Target information:

Player connection [25752]  * "[IP] 192.168.0.118 [Port] 0 [Flags] 2 [Guid] 4001127678 [EditorId] 4001127678 [Version] 1048832 [Id] WindowsEditor(7,RyanPC) [Debug] 1 [PackageName] WindowsEditor [ProjectName] Editor" 

Player connection [25752] Host joined multi-casting on [225.0.0.222:54997]...
Player connection [25752] Host joined alternative multi-casting on [225.0.0.222:34997]...
[PhysX] Initialized MultithreadedTaskDispatcher with 20 workers.
Refreshing native plugins compatible for Editor in 14.40 ms, found 4 plugins.
Preloading 0 native plugins for Editor in 0.00 ms.
Initialize engine version: 2022.3.47f1 (88c277b85d21)
[Subsystems] Discovering subsystems at path C:/Program Files/Unity/Hub/Editor/2022.3.47f1/Editor/Data/Resources/UnitySubsystems
[Subsystems] Discovering subsystems at path C:/Users/ryanm/OneDrive/Desktop/I2GT24_25_RMurphy_40180992/UnityEssentials - Get Creating/Knight quest (revamp)/Assets
GfxDevice: creating device client; threaded=0; jobified=0
Direct3D:
    Version:  Direct3D 11.0 [level 11.1]
    Renderer: NVIDIA GeForce RTX 3070 (ID=0x2488)
    Vendor:   NVIDIA
    VRAM:     8032 MB
    Driver:   31.0.15.3699
Initialize mono
Mono path[0] = 'C:/Program Files/Unity/Hub/Editor/2022.3.47f1/Editor/Data/Managed'
Mono path[1] = 'C:/Program Files/Unity/Hub/Editor/2022.3.47f1/Editor/Data/MonoBleedingEdge/lib/mono/unityjit-win32'
Mono config path = 'C:/Program Files/Unity/Hub/Editor/2022.3.47f1/Editor/Data/MonoBleedingEdge/etc'
Using monoOptions --debugger-agent=transport=dt_socket,embedding=1,server=y,suspend=n,address=127.0.0.1:56456
Begin MonoManager ReloadAssembly
Registering precompiled unity dll's ...
Register platform support module: C:/Program Files/Unity/Hub/Editor/2022.3.47f1/Editor/Data/PlaybackEngines/WebGLSupport/UnityEditor.WebGL.Extensions.dll
Register platform support module: C:/Program Files/Unity/Hub/Editor/2022.3.47f1/Editor/Data/PlaybackEngines/WindowsStandaloneSupport/UnityEditor.WindowsStandalone.Extensions.dll
Registered in 0.006604 seconds.
- Loaded All Assemblies, in  0.224 seconds
Native extension for WindowsStandalone target not found
Native extension for WebGL target not found
Mono: successfully reloaded assembly
- Finished resetting the current domain, in  0.169 seconds
Domain Reload Profiling: 392ms
	BeginReloadAssembly (69ms)
		ExecutionOrderSort (0ms)
		DisableScriptedObjects (0ms)
		BackupInstance (0ms)
		ReleaseScriptingObjects (0ms)
		CreateAndSetChildDomain (0ms)
	RebuildCommonClasses (20ms)
	RebuildNativeTypeToScriptingClass (6ms)
	initialDomainReloadingComplete (40ms)
	LoadAllAssembliesAndSetupDomain (86ms)
		LoadAssemblies (67ms)
		RebuildTransferFunctionScriptingTraits (0ms)
		AnalyzeDomain (85ms)
			TypeCache.Refresh (84ms)
				TypeCache.ScanAssembly (76ms)
			ScanForSourceGeneratedMonoScriptInfo (0ms)
			ResolveRequiredComponents (0ms)
	FinalizeReload (169ms)
		ReleaseScriptCaches (0ms)
		RebuildScriptCaches (0ms)
		SetupLoadedEditorAssemblies (136ms)
			LogAssemblyErrors (0ms)
			InitializePlatformSupportModulesInManaged (7ms)
			SetLoadedEditorAssemblies (4ms)
			RefreshPlugins (0ms)
			BeforeProcessingInitializeOnLoad (1ms)
			ProcessInitializeOnLoadAttributes (95ms)
			ProcessInitializeOnLoadMethodAttributes (29ms)
			AfterProcessingInitializeOnLoad (0ms)
			EditorAssembliesLoaded (0ms)
		ExecutionOrderSort2 (0ms)
		AwakeInstancesAfterBackupRestoration (0ms)
========================================================================
Worker process is ready to serve import requests
Caller must complete domain reload
Begin MonoManager ReloadAssembly
- Loaded All Assemblies, in  0.430 seconds
Native extension for WindowsStandalone target not found
Native extension for WebGL target not found
System.Exception: Error! Visual Scripting: couldn't find visual scripting package
  at Unity.VisualScripting.PackageVersionUtility.get_version () [0x00043] in .\Library\PackageCache\com.unity.visualscripting@1.9.4\Editor\VisualScripting.Core\Utilities\PackageVersionUtility.cs:31 
  at Unity.VisualScripting.BoltCoreManifest.get_version () [0x00000] in .\Library\PackageCache\com.unity.visualscripting@1.9.4\Editor\VisualScripting.Core\Plugin\BoltCoreManifest.cs:11 
  at Unity.VisualScripting.PluginManifest.get_currentVersion () [0x00000] in .\Library\PackageCache\com.unity.visualscripting@1.9.4\Editor\VisualScripting.Core\Plugins\PluginManifest.cs:33 
  at Unity.VisualScripting.PluginManifest.get_versionMismatch () [0x00000] in .\Library\PackageCache\com.unity.visualscripting@1.9.4\Editor\VisualScripting.Core\Plugins\PluginManifest.cs:48 
  at Unity.VisualScripting.PluginContainer.Initialize () [0x00525] in .\Library\PackageCache\com.unity.visualscripting@1.9.4\Editor\VisualScripting.Core\Plugins\PluginContainer.cs:208 
  at Unity.VisualScripting.PluginContainer.InitializeOnLoad () [0x00009] in .\Library\PackageCache\com.unity.visualscripting@1.9.4\Editor\VisualScripting.Core\Plugins\PluginContainer.cs:32 
  at Unity.VisualScripting.VSUsageUtility.DoInitializeOnLoadCalls () [0x00034] in .\Library\PackageCache\com.unity.visualscripting@1.9.4\Editor\VisualScripting.Core\Utilities\VSUsageUtility.cs:76 
  at Unity.VisualScripting.VSUsageUtility.set_isVisualScriptingUsed (System.Boolean value) [0x0002c] in .\Library\PackageCache\com.unity.visualscripting@1.9.4\Editor\VisualScripting.Core\Utilities\VSUsageUtility.cs:114 
  at Unity.VisualScripting.VSUsageUtility.CheckAndSetIsVisualScriptingUsed () [0x00032] in .\Library\PackageCache\com.unity.visualscripting@1.9.4\Editor\VisualScripting.Core\Utilities\VSUsageUtility.cs:48 
  at Unity.VisualScripting.VSUsageUtility..cctor () [0x00000] in .\Library\PackageCache\com.unity.visualscripting@1.9.4\Editor\VisualScripting.Core\Utilities\VSUsageUtility.cs:22 
UnityEngine.StackTraceUtility:ExtractStackTrace ()
UnityEngine.DebugLogHandler:LogFormat (UnityEngine.LogType,UnityEngine.Object,string,object[])
UnityEngine.Logger:Log (UnityEngine.LogType,object)
UnityEngine.Debug:LogError (object)
UnityEditor.EditorAssemblies:ProcessInitializeOnLoadAttributes (System.Type[])

Package Manager log level set to [2]
[Package Manager] Server::EnsureServerProcessIsRunning -- launch failed, reason: Unity was launched with the -noUpm command-line argument
[Package Manager] UpmClient::Send -- Unable to send message (not connected to UPM process).
[Package Manager] Cannot connect to Unity Package Manager local server
Mono: successfully reloaded assembly
- Finished resetting the current domain, in  0.644 seconds
Domain Reload Profiling: 1070ms
	BeginReloadAssembly (102ms)
		ExecutionOrderSort (0ms)
		DisableScriptedObjects (3ms)
		BackupInstance (0ms)
		ReleaseScriptingObjects (0ms)
		CreateAndSetChildDomain (13ms)
	RebuildCommonClasses (21ms)
	RebuildNativeTypeToScriptingClass (6ms)
	initialDomainReloadingComplete (29ms)
	LoadAllAssembliesAndSetupDomain (268ms)
		LoadAssemblies (220ms)
		RebuildTransferFunctionScriptingTraits (0ms)
		AnalyzeDomain (104ms)
			TypeCache.Refresh (87ms)
				TypeCache.ScanAssembly (77ms)
			ScanForSourceGeneratedMonoScriptInfo (13ms)
			ResolveRequiredComponents (3ms)
	FinalizeReload (644ms)
		ReleaseScriptCaches (0ms)
		RebuildScriptCaches (0ms)
		SetupLoadedEditorAssemblies (559ms)
			LogAssemblyErrors (0ms)
			InitializePlatformSupportModulesInManaged (5ms)
			SetLoadedEditorAssemblies (2ms)
			RefreshPlugins (0ms)
			BeforeProcessingInitializeOnLoad (46ms)
			ProcessInitializeOnLoadAttributes (477ms)
			ProcessInitializeOnLoadMethodAttributes (23ms)
			AfterProcessingInitializeOnLoad (6ms)
			EditorAssembliesLoaded (0ms)
		ExecutionOrderSort2 (0ms)
		AwakeInstancesAfterBackupRestoration (4ms)
Launched and connected shader compiler UnityShaderCompiler.exe after 0.18 seconds
Refreshing native plugins compatible for Editor in 4.14 ms, found 4 plugins.
Preloading 0 native plugins for Editor in 0.00 ms.
Unloading 4027 Unused Serialized files (Serialized files now loaded: 0)
Unloading 38 unused Assets / (241.4 KB). Loaded Objects now: 4491.
Memory consumption went from 141.1 MB to 140.8 MB.
Total: 7.619400 ms (FindLiveObjects: 0.176200 ms CreateObjectMapping: 0.070900 ms MarkObjects: 7.240500 ms  DeleteObjects: 0.130900 ms)

AssetImportParameters requested are different than current active one (requested -> active):
  custom:container-demuxer-ogg: 62fdf1f143b41e24485cea50d1cbac27 -> 
  custom:video-decoder-ogg-theora: a1e56fd34408186e4bbccfd4996cb3dc -> 
  custom:framework-win-MediaFoundation: 216162199b28c13a410421893ffa2e32 -> 
  custom:CustomObjectIndexerAttribute: 9a22284fe3817be447336de3de66b15e -> 
  custom:container-demuxer-webm: 4f35f7cbe854078d1ac9338744f61a02 -> 
  custom:container-muxer-webm: aa71ff27fc2769a1b78a27578f13a17b -> 
  custom:video-decoder-webm-vp8: 9c59270c3fd7afecdb556c50c9e8de78 -> 
  custom:SearchIndexIgnoredProperties: e643bd26f0fe6173181afceb89e7c659 -> 
  custom:AudioImporter_EditorPlatform: d09bf68614088b80899f8185d706f6e7 -> 
  custom:video-encoder-webm-vp8: eb34c28f22e8b96e1ab97ce403110664 -> 
  custom:audio-decoder-ogg-vorbis: bf7c407c2cedff20999df2af8eb42d56 -> 
  custom:audio-encoder-webm-vorbis: bf7c407c2cedff20999df2af8eb42d56 -> 
========================================================================
Received Import Request.
  Time since last request: 2200.364247 seconds.
  path: Assets/UI Toolkit/UnityThemes
  artifactKey: Guid(2bffe82814c6bdc4b82ebd089369f55a) Importer(2089858483,0ecaa5967403d082aa24f35e1b516d23)
Start importing Assets/UI Toolkit/UnityThemes using Guid(2bffe82814c6bdc4b82ebd089369f55a) Importer(2089858483,0ecaa5967403d082aa24f35e1b516d23) [PhysX] Initialized MultithreadedTaskDispatcher with 20 workers.
 -> (artifact id: '61bf221c6e3e235428bd2efeb41c02bc') in 0.041025 seconds
Number of updated asset objects reloaded before import = 0
Number of asset objects unloaded after import = 1
========================================================================
Received Import Request.
  Time since last request: 0.000018 seconds.
  path: Assets/UI Toolkit
  artifactKey: Guid(51db540a95a45d64b84b194689d9837c) Importer(2089858483,0ecaa5967403d082aa24f35e1b516d23)
Start importing Assets/UI Toolkit using Guid(51db540a95a45d64b84b194689d9837c) Importer(2089858483,0ecaa5967403d082aa24f35e1b516d23) [PhysX] Initialized MultithreadedTaskDispatcher with 20 workers.
 -> (artifact id: '365cdc8ad7de0332ba8b254e5a715fdc') in 0.003490 seconds
Number of updated asset objects reloaded before import = 0
Number of asset objects unloaded after import = 1
========================================================================
Received Import Request.
  Time since last request: 5.210463 seconds.
  path: Assets/characters/New Panel Settings.asset
  artifactKey: Guid(fa65f12ade02f6b43a75c4664c245a4c) Importer(2089858483,0ecaa5967403d082aa24f35e1b516d23)
Start importing Assets/characters/New Panel Settings.asset using Guid(fa65f12ade02f6b43a75c4664c245a4c) Importer(2089858483,0ecaa5967403d082aa24f35e1b516d23) [PhysX] Initialized MultithreadedTaskDispatcher with 20 workers.
 -> (artifact id: 'e02e3a216527cea282ed1945fd53d0d1') in 0.052683 seconds
Number of updated asset objects reloaded before import = 0
Number of asset objects unloaded after import = 25
========================================================================
Received Import Request.
  Time since last request: 1082.398384 seconds.
  path: Assets/Violet Theme Ui/Prefab/Bottom Menu.prefab
  artifactKey: Guid(070add71008581e49986cf2f1d3ff193) Importer(2089858483,0ecaa5967403d082aa24f35e1b516d23)
Start importing Assets/Violet Theme Ui/Prefab/Bottom Menu.prefab using Guid(070add71008581e49986cf2f1d3ff193) Importer(2089858483,0ecaa5967403d082aa24f35e1b516d23) [PhysX] Initialized MultithreadedTaskDispatcher with 20 workers.
 -> (artifact id: '469c332256cec453ffbb51b95efa8ee2') in 0.022824 seconds
Number of updated asset objects reloaded before import = 0
Number of asset objects unloaded after import = 59
========================================================================
Received Import Request.
  Time since last request: 0.022576 seconds.
  path: Assets/Violet Theme Ui/Colored Icons/Magnet.png
  artifactKey: Guid(bd6ebf661ce04ab4599d54cda1928984) Importer(2089858483,0ecaa5967403d082aa24f35e1b516d23)
Start importing Assets/Violet Theme Ui/Colored Icons/Magnet.png using Guid(bd6ebf661ce04ab4599d54cda1928984) Importer(2089858483,0ecaa5967403d082aa24f35e1b516d23) [PhysX] Initialized MultithreadedTaskDispatcher with 20 workers.
 -> (artifact id: '8834b70589cec8b2605b0acd9eef7a73') in 0.033469 seconds
Number of updated asset objects reloaded before import = 0
Number of asset objects unloaded after import = 3
========================================================================
Received Import Request.
  Time since last request: 0.032961 seconds.
  path: Assets/Violet Theme Ui/White Icons/White Disc.png
  artifactKey: Guid(2c248267db061ba4ebd1526d75220aec) Importer(2089858483,0ecaa5967403d082aa24f35e1b516d23)
Start importing Assets/Violet Theme Ui/White Icons/White Disc.png using Guid(2c248267db061ba4ebd1526d75220aec) Importer(2089858483,0ecaa5967403d082aa24f35e1b516d23) [PhysX] Initialized MultithreadedTaskDispatcher with 20 workers.
 -> (artifact id: '5836d8e312214a39fc11f9831641a3b3') in 0.010182 seconds
Number of updated asset objects reloaded before import = 0
Number of asset objects unloaded after import = 3
========================================================================
Received Import Request.
  Time since last request: 0.000019 seconds.
  path: Assets/Violet Theme Ui/Switch/Switch.afdesign
  artifactKey: Guid(73c8469faf4a58143a6eb59321504c23) Importer(2089858483,0ecaa5967403d082aa24f35e1b516d23)
Start importing Assets/Violet Theme Ui/Switch/Switch.afdesign using Guid(73c8469faf4a58143a6eb59321504c23) Importer(2089858483,0ecaa5967403d082aa24f35e1b516d23) [PhysX] Initialized MultithreadedTaskDispatcher with 20 workers.
 -> (artifact id: '924fb23bde512539adc4b675fe97f84f') in 0.003672 seconds
Number of updated asset objects reloaded before import = 0
Number of asset objects unloaded after import = 1
========================================================================
Received Import Request.
  Time since last request: 0.000019 seconds.
  path: Assets/Violet Theme Ui/White Icons/White Pilar.png
  artifactKey: Guid(734ba8157012521439acb44c15bc5e6b) Importer(2089858483,0ecaa5967403d082aa24f35e1b516d23)
Start importing Assets/Violet Theme Ui/White Icons/White Pilar.png using Guid(734ba8157012521439acb44c15bc5e6b) Importer(2089858483,0ecaa5967403d082aa24f35e1b516d23) [PhysX] Initialized MultithreadedTaskDispatcher with 20 workers.
 -> (artifact id: '9224e3993b76b1fb4bdb1fe699c1016d') in 0.017197 seconds
Number of updated asset objects reloaded before import = 0
Number of asset objects unloaded after import = 5
========================================================================
Received Import Request.
  Time since last request: 0.000024 seconds.
  path: Assets/Violet Theme Ui/White Icons/White Gun 2.png
  artifactKey: Guid(2b5e509a6a8c71c43a674c1f4d849028) Importer(2089858483,0ecaa5967403d082aa24f35e1b516d23)
Start importing Assets/Violet Theme Ui/White Icons/White Gun 2.png using Guid(2b5e509a6a8c71c43a674c1f4d849028) Importer(2089858483,0ecaa5967403d082aa24f35e1b516d23) [PhysX] Initialized MultithreadedTaskDispatcher with 20 workers.
 -> (artifact id: 'c131861157771b312f963f9e23ea3079') in 0.009942 seconds
Number of updated asset objects reloaded before import = 0
Number of asset objects unloaded after import = 3
========================================================================
Received Import Request.
  Time since last request: 0.000023 seconds.
  path: Assets/Violet Theme Ui/White Icons/White Music.png
  artifactKey: Guid(e1fae94be64d32249a3a7de030d185db) Importer(2089858483,0ecaa5967403d082aa24f35e1b516d23)
Start importing Assets/Violet Theme Ui/White Icons/White Music.png using Guid(e1fae94be64d32249a3a7de030d185db) Importer(2089858483,0ecaa5967403d082aa24f35e1b516d23) [PhysX] Initialized MultithreadedTaskDispatcher with 20 workers.
 -> (artifact id: 'e58c08c8c273cd64bcd988d64bf9f70f') in 0.009529 seconds
Number of updated asset objects reloaded before import = 0
Number of asset objects unloaded after import = 3
========================================================================
Received Import Request.
  Time since last request: 0.000025 seconds.
  path: Assets/Violet Theme Ui/Panels/White Panel Style 2 Orange.png
  artifactKey: Guid(904015734ff79b74f9429d2d99567820) Importer(2089858483,0ecaa5967403d082aa24f35e1b516d23)
Start importing Assets/Violet Theme Ui/Panels/White Panel Style 2 Orange.png using Guid(904015734ff79b74f9429d2d99567820) Importer(2089858483,0ecaa5967403d082aa24f35e1b516d23) [PhysX] Initialized MultithreadedTaskDispatcher with 20 workers.
 -> (artifact id: '8e96cd98ea23c722e799d866dc022c6b') in 0.025428 seconds
Number of updated asset objects reloaded before import = 0
Number of asset objects unloaded after import = 3
========================================================================
Received Import Request.
  Time since last request: 0.000019 seconds.
  path: Assets/Violet Theme Ui/White Icons/White Battery Full.png
  artifactKey: Guid(abdf66134bde9074dbbdb17b30d8d5a2) Importer(2089858483,0ecaa5967403d082aa24f35e1b516d23)
Start importing Assets/Violet Theme Ui/White Icons/White Battery Full.png using Guid(abdf66134bde9074dbbdb17b30d8d5a2) Importer(2089858483,0ecaa5967403d082aa24f35e1b516d23) [PhysX] Initialized MultithreadedTaskDispatcher with 20 workers.
 -> (artifact id: '456822e76c6f57415b2debf3d2f3dc45') in 0.010209 seconds
Number of updated asset objects reloaded before import = 0
Number of asset objects unloaded after import = 4
========================================================================
Received Import Request.
  Time since last request: 0.000024 seconds.
  path: Assets/Violet Theme Ui/White Icons/White Dollar.png
  artifactKey: Guid(e5088364c4bd4314281121fc691fc2e1) Importer(2089858483,0ecaa5967403d082aa24f35e1b516d23)
Start importing Assets/Violet Theme Ui/White Icons/White Dollar.png using Guid(e5088364c4bd4314281121fc691fc2e1) Importer(2089858483,0ecaa5967403d082aa24f35e1b516d23) [PhysX] Initialized MultithreadedTaskDispatcher with 20 workers.
 -> (artifact id: '181dd2ae1b5e817c8e9e476f7be8f3da') in 0.008244 seconds
Number of updated asset objects reloaded before import = 0
Number of asset objects unloaded after import = 3
========================================================================
Received Import Request.
  Time since last request: 0.000019 seconds.
  path: Assets/Violet Theme Ui/White Icons/White ThumbUp.png
  artifactKey: Guid(67e9b580fea2bc94fb3e400ae2a1d780) Importer(2089858483,0ecaa5967403d082aa24f35e1b516d23)
Start importing Assets/Violet Theme Ui/White Icons/White ThumbUp.png using Guid(67e9b580fea2bc94fb3e400ae2a1d780) Importer(2089858483,0ecaa5967403d082aa24f35e1b516d23) [PhysX] Initialized MultithreadedTaskDispatcher with 20 workers.
 -> (artifact id: '097edce913682309cccdb1dbbe3cd4a6') in 0.010188 seconds
Number of updated asset objects reloaded before import = 0
Number of asset objects unloaded after import = 4
========================================================================
Received Import Request.
  Time since last request: 0.000019 seconds.
  path: Assets/Violet Theme Ui/Buttons/Misc/80x80 Background.afdesign
  artifactKey: Guid(06517eb482146f649bd7deb3ed9d6540) Importer(2089858483,0ecaa5967403d082aa24f35e1b516d23)
Start importing Assets/Violet Theme Ui/Buttons/Misc/80x80 Background.afdesign using Guid(06517eb482146f649bd7deb3ed9d6540) Importer(2089858483,0ecaa5967403d082aa24f35e1b516d23) [PhysX] Initialized MultithreadedTaskDispatcher with 20 workers.
 -> (artifact id: '88f65c2cd96ba498ba023312d72348df') in 0.003031 seconds
Number of updated asset objects reloaded before import = 0
Number of asset objects unloaded after import = 1
========================================================================
Received Import Request.
  Time since last request: 0.000061 seconds.
  path: Assets/Violet Theme Ui/Colored Icons/shield blue.png
  artifactKey: Guid(888bc6c3bee4a644894eb075d8d389f5) Importer(2089858483,0ecaa5967403d082aa24f35e1b516d23)
Start importing Assets/Violet Theme Ui/Colored Icons/shield blue.png using Guid(888bc6c3bee4a644894eb075d8d389f5) Importer(2089858483,0ecaa5967403d082aa24f35e1b516d23) [PhysX] Initialized MultithreadedTaskDispatcher with 20 workers.
 -> (artifact id: '38bbe430478218d0ee21ae3c553c7a99') in 0.007565 seconds
Number of updated asset objects reloaded before import = 0
Number of asset objects unloaded after import = 3
========================================================================
Received Import Request.
  Time since last request: 0.000019 seconds.
  path: Assets/Violet Theme Ui/Prefab/Settings.prefab
  artifactKey: Guid(5cff5332165ee994bb3978aec68054b4) Importer(2089858483,0ecaa5967403d082aa24f35e1b516d23)
Start importing Assets/Violet Theme Ui/Prefab/Settings.prefab using Guid(5cff5332165ee994bb3978aec68054b4) Importer(2089858483,0ecaa5967403d082aa24f35e1b516d23) [PhysX] Initialized MultithreadedTaskDispatcher with 20 workers.
 -> (artifact id: 'fd3ba827e6b511c8c8180ddb9a5b36d1') in 0.043337 seconds
Number of updated asset objects reloaded before import = 0
Number of asset objects unloaded after import = 156
========================================================================
Received Import Request.
  Time since last request: 0.000021 seconds.
  path: Assets/Violet Theme Ui/Colored Icons/Pencil.png
  artifactKey: Guid(f14422fe0972f6742b86a49a59c03d34) Importer(2089858483,0ecaa5967403d082aa24f35e1b516d23)
Start importing Assets/Violet Theme Ui/Colored Icons/Pencil.png using Guid(f14422fe0972f6742b86a49a59c03d34) Importer(2089858483,0ecaa5967403d082aa24f35e1b516d23) [PhysX] Initialized MultithreadedTaskDispatcher with 20 workers.
 -> (artifact id: 'e9fcaed9d928e1a7dfd6b235ea6483d4') in 0.009051 seconds
Number of updated asset objects reloaded before import = 0
Number of asset objects unloaded after import = 3
========================================================================
Received Import Request.
  Time since last request: 0.000016 seconds.
  path: Assets/Violet Theme Ui/White Icons/White Folder 2.png
  artifactKey: Guid(b5a4eb1bb81a3c741942fc1012c53fca) Importer(2089858483,0ecaa5967403d082aa24f35e1b516d23)
Start importing Assets/Violet Theme Ui/White Icons/White Folder 2.png using Guid(b5a4eb1bb81a3c741942fc1012c53fca) Importer(2089858483,0ecaa5967403d082aa24f35e1b516d23) [PhysX] Initialized MultithreadedTaskDispatcher with 20 workers.
 -> (artifact id: 'd9ede09b1d37ea42956670a7a1c8a6f2') in 0.009516 seconds
Number of updated asset objects reloaded before import = 0
Number of asset objects unloaded after import = 4
========================================================================
Received Import Request.
  Time since last request: 0.000016 seconds.
  path: Assets/Violet Theme Ui/Prefab/Slider/Slider Blue.prefab
  artifactKey: Guid(d5eddc7717b99d14ebd61778cefabbae) Importer(2089858483,0ecaa5967403d082aa24f35e1b516d23)
Start importing Assets/Violet Theme Ui/Prefab/Slider/Slider Blue.prefab using Guid(d5eddc7717b99d14ebd61778cefabbae) Importer(2089858483,0ecaa5967403d082aa24f35e1b516d23) [PhysX] Initialized MultithreadedTaskDispatcher with 20 workers.
 -> (artifact id: 'd00316ac16baab8e9d50408e100cec05') in 0.016278 seconds
Number of updated asset objects reloaded before import = 0
Number of asset objects unloaded after import = 24
========================================================================
Received Import Request.
  Time since last request: 0.000017 seconds.
  path: Assets/Violet Theme Ui/White Icons/White Calculator.png
  artifactKey: Guid(5fd6ea44dbbd9d046872ded11c5decf5) Importer(2089858483,0ecaa5967403d082aa24f35e1b516d23)
Start importing Assets/Violet Theme Ui/White Icons/White Calculator.png using Guid(5fd6ea44dbbd9d046872ded11c5decf5) Importer(2089858483,0ecaa5967403d082aa24f35e1b516d23) [PhysX] Initialized MultithreadedTaskDispatcher with 20 workers.
 -> (artifact id: '4a3f6d1add14aed5ce4fe55b15410219') in 0.010646 seconds
Number of updated asset objects reloaded before import = 0
Number of asset objects unloaded after import = 3
========================================================================
Received Import Request.
  Time since last request: 0.000016 seconds.
  path: Assets/Violet Theme Ui/White Icons/White Cross Swords.png
  artifactKey: Guid(64105460c44937a4c9f1e3e1d6ed595d) Importer(2089858483,0ecaa5967403d082aa24f35e1b516d23)
Start importing Assets/Violet Theme Ui/White Icons/White Cross Swords.png using Guid(64105460c44937a4c9f1e3e1d6ed595d) Importer(2089858483,0ecaa5967403d082aa24f35e1b516d23) [PhysX] Initialized MultithreadedTaskDispatcher with 20 workers.
 -> (artifact id: 'cef81b7177bf491720839fc5b32451fa') in 0.009706 seconds
Number of updated asset objects reloaded before import = 0
Number of asset objects unloaded after import = 4
========================================================================
Received Import Request.
  Time since last request: 0.000017 seconds.
  path: Assets/Violet Theme Ui/Colored Icons/Messages.png
  artifactKey: Guid(a45f57030d9f2c74cac4e4517b2846a2) Importer(2089858483,0ecaa5967403d082aa24f35e1b516d23)
Start importing Assets/Violet Theme Ui/Colored Icons/Messages.png using Guid(a45f57030d9f2c74cac4e4517b2846a2) Importer(2089858483,0ecaa5967403d082aa24f35e1b516d23) [PhysX] Initialized MultithreadedTaskDispatcher with 20 workers.
 -> (artifact id: 'c432e5b36c46beea2f22f51e7b83b952') in 0.009714 seconds
Number of updated asset objects reloaded before import = 0
Number of asset objects unloaded after import = 3
========================================================================
Received Import Request.
  Time since last request: 0.000019 seconds.
  path: Assets/Violet Theme Ui/White Icons/White Book 2.png
  artifactKey: Guid(c481e9467be21884f91a1ee7aa1cf73b) Importer(2089858483,0ecaa5967403d082aa24f35e1b516d23)
Start importing Assets/Violet Theme Ui/White Icons/White Book 2.png using Guid(c481e9467be21884f91a1ee7aa1cf73b) Importer(2089858483,0ecaa5967403d082aa24f35e1b516d23) [PhysX] Initialized MultithreadedTaskDispatcher with 20 workers.
 -> (artifact id: '3485c7ac78c6c929edf87a7c61596a09') in 0.009122 seconds
Number of updated asset objects reloaded before import = 0
Number of asset objects unloaded after import = 4
========================================================================
Received Import Request.
  Time since last request: 0.000020 seconds.
  path: Assets/Violet Theme Ui/Panels/White Panel Pink.png
  artifactKey: Guid(d8265e6a959e1064c97197868736a524) Importer(2089858483,0ecaa5967403d082aa24f35e1b516d23)
Start importing Assets/Violet Theme Ui/Panels/White Panel Pink.png using Guid(d8265e6a959e1064c97197868736a524) Importer(2089858483,0ecaa5967403d082aa24f35e1b516d23) [PhysX] Initialized MultithreadedTaskDispatcher with 20 workers.
 -> (artifact id: 'b568ec43428fb70d291b74ae451c13b9') in 0.012292 seconds
Number of updated asset objects reloaded before import = 0
Number of asset objects unloaded after import = 3
========================================================================
Received Import Request.
  Time since last request: 0.000017 seconds.
  path: Assets/Violet Theme Ui/White Icons/White Graduation Cap.png
  artifactKey: Guid(7ed692b56605d6a4489fb866afa88c2c) Importer(2089858483,0ecaa5967403d082aa24f35e1b516d23)
Start importing Assets/Violet Theme Ui/White Icons/White Graduation Cap.png using Guid(7ed692b56605d6a4489fb866afa88c2c) Importer(2089858483,0ecaa5967403d082aa24f35e1b516d23) [PhysX] Initialized MultithreadedTaskDispatcher with 20 workers.
 -> (artifact id: 'b4cb87f8bfafdf3682be575f6455741a') in 0.009151 seconds
Number of updated asset objects reloaded before import = 0
Number of asset objects unloaded after import = 4
========================================================================
Received Import Request.
  Time since last request: 0.000021 seconds.
  path: Assets/Violet Theme Ui/Panels/Dark Panel Violet.png
  artifactKey: Guid(6b1e6c0890cad0b47ada90b6965c9cd8) Importer(2089858483,0ecaa5967403d082aa24f35e1b516d23)
Start importing Assets/Violet Theme Ui/Panels/Dark Panel Violet.png using Guid(6b1e6c0890cad0b47ada90b6965c9cd8) Importer(2089858483,0ecaa5967403d082aa24f35e1b516d23) [PhysX] Initialized MultithreadedTaskDispatcher with 20 workers.
 -> (artifact id: 'e6ea80880c4fb9a792c6173badbd446f') in 0.012918 seconds
Number of updated asset objects reloaded before import = 0
Number of asset objects unloaded after import = 3
========================================================================
Received Import Request.
  Time since last request: 0.000022 seconds.
  path: Assets/Violet Theme Ui/Switch
  artifactKey: Guid(25b7525c27219214ba29b7f48a6c9e2e) Importer(2089858483,0ecaa5967403d082aa24f35e1b516d23)
Start importing Assets/Violet Theme Ui/Switch using Guid(25b7525c27219214ba29b7f48a6c9e2e) Importer(2089858483,0ecaa5967403d082aa24f35e1b516d23) [PhysX] Initialized MultithreadedTaskDispatcher with 20 workers.
 -> (artifact id: '000b05799bbe5e7f4bb91fce80a3a3e8') in 0.004056 seconds
Number of updated asset objects reloaded before import = 0
Number of asset objects unloaded after import = 1
========================================================================
Received Import Request.
  Time since last request: 0.000029 seconds.
  path: Assets/Violet Theme Ui/White Icons/White Message.png
  artifactKey: Guid(d032ff88ecf591b4cbf3e791f3769181) Importer(2089858483,0ecaa5967403d082aa24f35e1b516d23)
Start importing Assets/Violet Theme Ui/White Icons/White Message.png using Guid(d032ff88ecf591b4cbf3e791f3769181) Importer(2089858483,0ecaa5967403d082aa24f35e1b516d23) [PhysX] Initialized MultithreadedTaskDispatcher with 20 workers.
 -> (artifact id: '07d35c9d99c7bb9f382e88c3cf954fb0') in 0.018314 seconds
Number of updated asset objects reloaded before import = 0
Number of asset objects unloaded after import = 3
========================================================================
Received Import Request.
  Time since last request: 0.000019 seconds.
  path: Assets/Violet Theme Ui/Colored Icons/Gift.png
  artifactKey: Guid(fb9b6e0db65038e4686f8bf78ea56b68) Importer(2089858483,0ecaa5967403d082aa24f35e1b516d23)
Start importing Assets/Violet Theme Ui/Colored Icons/Gift.png using Guid(fb9b6e0db65038e4686f8bf78ea56b68) Importer(2089858483,0ecaa5967403d082aa24f35e1b516d23) [PhysX] Initialized MultithreadedTaskDispatcher with 20 workers.
 -> (artifact id: 'f3d8ae75f8c584967db66e4cf53a6958') in 0.007481 seconds
Number of updated asset objects reloaded before import = 0
Number of asset objects unloaded after import = 3
========================================================================
Received Import Request.
  Time since last request: 0.000025 seconds.
  path: Assets/Violet Theme Ui/White Icons/White Wind.png
  artifactKey: Guid(4b8f41e27d349aa4e98abe33f9ed9abf) Importer(2089858483,0ecaa5967403d082aa24f35e1b516d23)
Start importing Assets/Violet Theme Ui/White Icons/White Wind.png using Guid(4b8f41e27d349aa4e98abe33f9ed9abf) Importer(2089858483,0ecaa5967403d082aa24f35e1b516d23) [PhysX] Initialized MultithreadedTaskDispatcher with 20 workers.
 -> (artifact id: 'b944188dd6faa1c39431daab725c75f4') in 0.011703 seconds
Number of updated asset objects reloaded before import = 0
Number of asset objects unloaded after import = 5
========================================================================
Received Import Request.
  Time since last request: 0.000018 seconds.
  path: Assets/Violet Theme Ui/Colored Icons/Cash.png
  artifactKey: Guid(a5e15db1384d7b54a9485ae4b9c22cef) Importer(2089858483,0ecaa5967403d082aa24f35e1b516d23)
Start importing Assets/Violet Theme Ui/Colored Icons/Cash.png using Guid(a5e15db1384d7b54a9485ae4b9c22cef) Importer(2089858483,0ecaa5967403d082aa24f35e1b516d23) [PhysX] Initialized MultithreadedTaskDispatcher with 20 workers.
 -> (artifact id: 'd4a738c36e345b0b9e53f969d4cddaa1') in 0.007763 seconds
Number of updated asset objects reloaded before import = 0
Number of asset objects unloaded after import = 3
========================================================================
Received Import Request.
  Time since last request: 0.000022 seconds.
  path: Assets/Violet Theme Ui/White Icons/White AddFriend.png
  artifactKey: Guid(32fb0e71e5c2dfc4f8f275025f792fc6) Importer(2089858483,0ecaa5967403d082aa24f35e1b516d23)
Start importing Assets/Violet Theme Ui/White Icons/White AddFriend.png using Guid(32fb0e71e5c2dfc4f8f275025f792fc6) Importer(2089858483,0ecaa5967403d082aa24f35e1b516d23) [PhysX] Initialized MultithreadedTaskDispatcher with 20 workers.
 -> (artifact id: '5624021cfd7c8661896a28ff0eac1c20') in 0.011039 seconds
Number of updated asset objects reloaded before import = 0
Number of asset objects unloaded after import = 5
========================================================================
Received Import Request.
  Time since last request: 0.000025 seconds.
  path: Assets/Violet Theme Ui/White Icons/White Rank.png
  artifactKey: Guid(c6bebaf2e47503e4ba28577de9e06176) Importer(2089858483,0ecaa5967403d082aa24f35e1b516d23)
Start importing Assets/Violet Theme Ui/White Icons/White Rank.png using Guid(c6bebaf2e47503e4ba28577de9e06176) Importer(2089858483,0ecaa5967403d082aa24f35e1b516d23) [PhysX] Initialized MultithreadedTaskDispatcher with 20 workers.
 -> (artifact id: 'ad8304715a3a56000a56d527d7cbbb60') in 0.011100 seconds
Number of updated asset objects reloaded before import = 0
Number of asset objects unloaded after import = 4
========================================================================
Received Import Request.
  Time since last request: 0.000024 seconds.
  path: Assets/Violet Theme Ui/Sliders/Fill Purple.png
  artifactKey: Guid(6cae52e32f6bb8043a16d589cd25370b) Importer(2089858483,0ecaa5967403d082aa24f35e1b516d23)
Start importing Assets/Violet Theme Ui/Sliders/Fill Purple.png using Guid(6cae52e32f6bb8043a16d589cd25370b) Importer(2089858483,0ecaa5967403d082aa24f35e1b516d23) [PhysX] Initialized MultithreadedTaskDispatcher with 20 workers.
 -> (artifact id: 'b029167b15b26184c56ec807364f5e82') in 0.009972 seconds
Number of updated asset objects reloaded before import = 0
Number of asset objects unloaded after import = 3
========================================================================
Received Import Request.
  Time since last request: 0.000022 seconds.
  path: Assets/Violet Theme Ui/White Icons/White Snow.png
  artifactKey: Guid(4ca4131db50a5f042aab2fb63aa1a2c4) Importer(2089858483,0ecaa5967403d082aa24f35e1b516d23)
Start importing Assets/Violet Theme Ui/White Icons/White Snow.png using Guid(4ca4131db50a5f042aab2fb63aa1a2c4) Importer(2089858483,0ecaa5967403d082aa24f35e1b516d23) [PhysX] Initialized MultithreadedTaskDispatcher with 20 workers.
 -> (artifact id: 'ac15386f580d335109c4d17d4491ee3d') in 0.009969 seconds
Number of updated asset objects reloaded before import = 0
Number of asset objects unloaded after import = 3
========================================================================
Received Import Request.
  Time since last request: 0.000027 seconds.
  path: Assets/Violet Theme Ui/White Icons/White Backward.png
  artifactKey: Guid(7b1fc72ce1c2e774fae4dc31adce7ebf) Importer(2089858483,0ecaa5967403d082aa24f35e1b516d23)
Start importing Assets/Violet Theme Ui/White Icons/White Backward.png using Guid(7b1fc72ce1c2e774fae4dc31adce7ebf) Importer(2089858483,0ecaa5967403d082aa24f35e1b516d23) [PhysX] Initialized MultithreadedTaskDispatcher with 20 workers.
 -> (artifact id: '3b77e2da107d7105ac58271db1156110') in 0.010211 seconds
Number of updated asset objects reloaded before import = 0
Number of asset objects unloaded after import = 3
========================================================================
Received Import Request.
  Time since last request: 0.000014 seconds.
  path: Assets/Violet Theme Ui/White Icons/White FastFordward.png
  artifactKey: Guid(33b75b278d79d0c40941250c42d16e69) Importer(2089858483,0ecaa5967403d082aa24f35e1b516d23)
Start importing Assets/Violet Theme Ui/White Icons/White FastFordward.png using Guid(33b75b278d79d0c40941250c42d16e69) Importer(2089858483,0ecaa5967403d082aa24f35e1b516d23) [PhysX] Initialized MultithreadedTaskDispatcher with 20 workers.
 -> (artifact id: '72a52db835031ee8e88e0512bb3f9ad0') in 0.008170 seconds
Number of updated asset objects reloaded before import = 0
Number of asset objects unloaded after import = 3
========================================================================
Received Import Request.
  Time since last request: 0.000024 seconds.
  path: Assets/Violet Theme Ui/Toggles/Toggle Fill.afdesign
  artifactKey: Guid(4d09284cadb1ef749b21e6ca4cd27483) Importer(2089858483,0ecaa5967403d082aa24f35e1b516d23)
Start importing Assets/Violet Theme Ui/Toggles/Toggle Fill.afdesign using Guid(4d09284cadb1ef749b21e6ca4cd27483) Importer(2089858483,0ecaa5967403d082aa24f35e1b516d23) [PhysX] Initialized MultithreadedTaskDispatcher with 20 workers.
 -> (artifact id: '097d5f6b6a3092d569da00b2dd503fa8') in 0.004314 seconds
Number of updated asset objects reloaded before import = 0
Number of asset objects unloaded after import = 1
========================================================================
Received Import Request.
  Time since last request: 0.000018 seconds.
  path: Assets/Violet Theme Ui/GemsAndCoins/Gem Chest.png
  artifactKey: Guid(f345d2a549da5f2468383961e4435f7a) Importer(2089858483,0ecaa5967403d082aa24f35e1b516d23)
Start importing Assets/Violet Theme Ui/GemsAndCoins/Gem Chest.png using Guid(f345d2a549da5f2468383961e4435f7a) Importer(2089858483,0ecaa5967403d082aa24f35e1b516d23) [PhysX] Initialized MultithreadedTaskDispatcher with 20 workers.
 -> (artifact id: '64afc2266cebd2470be6b6498187403b') in 0.007400 seconds
Number of updated asset objects reloaded before import = 0
Number of asset objects unloaded after import = 3
========================================================================
Received Import Request.
  Time since last request: 0.000018 seconds.
  path: Assets/Violet Theme Ui/White Icons/White Choices.png
  artifactKey: Guid(7019cc732dcbc284cafdcb1d32018068) Importer(2089858483,0ecaa5967403d082aa24f35e1b516d23)
Start importing Assets/Violet Theme Ui/White Icons/White Choices.png using Guid(7019cc732dcbc284cafdcb1d32018068) Importer(2089858483,0ecaa5967403d082aa24f35e1b516d23) [PhysX] Initialized MultithreadedTaskDispatcher with 20 workers.
 -> (artifact id: '5084781449a850c72ad3b124f6ebb4d0') in 0.013129 seconds
Number of updated asset objects reloaded before import = 0
Number of asset objects unloaded after import = 6
========================================================================
Received Import Request.
  Time since last request: 0.000019 seconds.
  path: Assets/Violet Theme Ui/White Icons/White Gem 1.png
  artifactKey: Guid(8cfc8996f86100140ba35ba4c4db25a3) Importer(2089858483,0ecaa5967403d082aa24f35e1b516d23)
Start importing Assets/Violet Theme Ui/White Icons/White Gem 1.png using Guid(8cfc8996f86100140ba35ba4c4db25a3) Importer(2089858483,0ecaa5967403d082aa24f35e1b516d23) [PhysX] Initialized MultithreadedTaskDispatcher with 20 workers.
 -> (artifact id: '7f7e972c6aaee48427d10773fd4bd40f') in 0.015253 seconds
Number of updated asset objects reloaded before import = 0
Number of asset objects unloaded after import = 11
========================================================================
Received Import Request.
  Time since last request: 0.000018 seconds.
  path: Assets/Violet Theme Ui/Switch/Switch On Orange.png
  artifactKey: Guid(9cfba0c5f2e0a1348a792f8a72c9e429) Importer(2089858483,0ecaa5967403d082aa24f35e1b516d23)
Start importing Assets/Violet Theme Ui/Switch/Switch On Orange.png using Guid(9cfba0c5f2e0a1348a792f8a72c9e429) Importer(2089858483,0ecaa5967403d082aa24f35e1b516d23) [PhysX] Initialized MultithreadedTaskDispatcher with 20 workers.
 -> (artifact id: '606f70559466f0241cae93a064dff44f') in 0.010724 seconds
Number of updated asset objects reloaded before import = 0
Number of asset objects unloaded after import = 3
========================================================================
Received Import Request.
  Time since last request: 0.000019 seconds.
  path: Assets/Violet Theme Ui/White Icons/White Ribbon.png
  artifactKey: Guid(f9ac506055f197c4ab77a5fea2301e0e) Importer(2089858483,0ecaa5967403d082aa24f35e1b516d23)
Start importing Assets/Violet Theme Ui/White Icons/White Ribbon.png using Guid(f9ac506055f197c4ab77a5fea2301e0e) Importer(2089858483,0ecaa5967403d082aa24f35e1b516d23) [PhysX] Initialized MultithreadedTaskDispatcher with 20 workers.
 -> (artifact id: '5b1fd9c6e4abf2e8532bf596e274fe2e') in 0.011357 seconds
Number of updated asset objects reloaded before import = 0
Number of asset objects unloaded after import = 5
========================================================================
Received Import Request.
  Time since last request: 0.000019 seconds.
  path: Assets/Violet Theme Ui/Prefab/Toggles/Toggle Red.prefab
  artifactKey: Guid(34e2158da935fea44b30e04f8ddbd0f1) Importer(2089858483,0ecaa5967403d082aa24f35e1b516d23)
Start importing Assets/Violet Theme Ui/Prefab/Toggles/Toggle Red.prefab using Guid(34e2158da935fea44b30e04f8ddbd0f1) Importer(2089858483,0ecaa5967403d082aa24f35e1b516d23) [PhysX] Initialized MultithreadedTaskDispatcher with 20 workers.
 -> (artifact id: '1615ee3686f1a569cd709091bd1cdcec') in 0.012758 seconds
Number of updated asset objects reloaded before import = 0
Number of asset objects unloaded after import = 19
========================================================================
Received Import Request.
  Time since last request: 0.000028 seconds.
  path: Assets/Violet Theme Ui/White Icons/White Folder.png
  artifactKey: Guid(250148829f7c20542adb0bd6fdbebff1) Importer(2089858483,0ecaa5967403d082aa24f35e1b516d23)
Start importing Assets/Violet Theme Ui/White Icons/White Folder.png using Guid(250148829f7c20542adb0bd6fdbebff1) Importer(2089858483,0ecaa5967403d082aa24f35e1b516d23) [PhysX] Initialized MultithreadedTaskDispatcher with 20 workers.
 -> (artifact id: '98f64cfe36538259918d0f80fa0a1a8e') in 0.008247 seconds
Number of updated asset objects reloaded before import = 0
Number of asset objects unloaded after import = 4
========================================================================
Received Import Request.
  Time since last request: 0.000017 seconds.
  path: Assets/Violet Theme Ui/White Icons/White Link.png
  artifactKey: Guid(163d8191d078f444c8bf993f6dd66b3b) Importer(2089858483,0ecaa5967403d082aa24f35e1b516d23)
Start importing Assets/Violet Theme Ui/White Icons/White Link.png using Guid(163d8191d078f444c8bf993f6dd66b3b) Importer(2089858483,0ecaa5967403d082aa24f35e1b516d23) [PhysX] Initialized MultithreadedTaskDispatcher with 20 workers.
 -> (artifact id: '3aeb6aacc31b5b43939042e7838d475d') in 0.009229 seconds
Number of updated asset objects reloaded before import = 0
Number of asset objects unloaded after import = 4
========================================================================
Received Import Request.
  Time since last request: 0.000048 seconds.
  path: Assets/Violet Theme Ui/White Icons/White Store.png
  artifactKey: Guid(1eb999ee5e20d334bad3f6c471639d80) Importer(2089858483,0ecaa5967403d082aa24f35e1b516d23)
Start importing Assets/Violet Theme Ui/White Icons/White Store.png using Guid(1eb999ee5e20d334bad3f6c471639d80) Importer(2089858483,0ecaa5967403d082aa24f35e1b516d23) [PhysX] Initialized MultithreadedTaskDispatcher with 20 workers.
 -> (artifact id: '17f99b6d86deacee0e2257c4aa318cc4') in 0.008703 seconds
Number of updated asset objects reloaded before import = 0
Number of asset objects unloaded after import = 4
========================================================================
Received Import Request.
  Time since last request: 0.000018 seconds.
  path: Assets/Violet Theme Ui/White Icons/White Mace.png
  artifactKey: Guid(0fa130f929ff66d4c81226692bc322f6) Importer(2089858483,0ecaa5967403d082aa24f35e1b516d23)
Start importing Assets/Violet Theme Ui/White Icons/White Mace.png using Guid(0fa130f929ff66d4c81226692bc322f6) Importer(2089858483,0ecaa5967403d082aa24f35e1b516d23) [PhysX] Initialized MultithreadedTaskDispatcher with 20 workers.
 -> (artifact id: '40dbd4bd25d5b95b2d6255b63b4f6138') in 0.007287 seconds
Number of updated asset objects reloaded before import = 0
Number of asset objects unloaded after import = 3
========================================================================
Received Import Request.
  Time since last request: 0.000021 seconds.
  path: Assets/Violet Theme Ui/White Icons/White Headphones.png
  artifactKey: Guid(9113aaade7275c84e8db8940dba1186a) Importer(2089858483,0ecaa5967403d082aa24f35e1b516d23)
Start importing Assets/Violet Theme Ui/White Icons/White Headphones.png using Guid(9113aaade7275c84e8db8940dba1186a) Importer(2089858483,0ecaa5967403d082aa24f35e1b516d23) [PhysX] Initialized MultithreadedTaskDispatcher with 20 workers.
 -> (artifact id: '9f688f312af373a3735be0a5cb2ef382') in 0.010717 seconds
Number of updated asset objects reloaded before import = 0
Number of asset objects unloaded after import = 5
========================================================================
Received Import Request.
  Time since last request: 0.000020 seconds.
  path: Assets/Violet Theme Ui/White Icons/White Battery Half.png
  artifactKey: Guid(b8c37e2574275e84aa76ff34202f1b2c) Importer(2089858483,0ecaa5967403d082aa24f35e1b516d23)
Start importing Assets/Violet Theme Ui/White Icons/White Battery Half.png using Guid(b8c37e2574275e84aa76ff34202f1b2c) Importer(2089858483,0ecaa5967403d082aa24f35e1b516d23) [PhysX] Initialized MultithreadedTaskDispatcher with 20 workers.
 -> (artifact id: '860ae5469ba51a5749715ce326540fd9') in 0.008331 seconds
Number of updated asset objects reloaded before import = 0
Number of asset objects unloaded after import = 4
========================================================================
Received Import Request.
  Time since last request: 0.000023 seconds.
  path: Assets/Violet Theme Ui/Panels/White Panel Orange.png
  artifactKey: Guid(25b8e83b0b204f54595f1e934897503a) Importer(2089858483,0ecaa5967403d082aa24f35e1b516d23)
Start importing Assets/Violet Theme Ui/Panels/White Panel Orange.png using Guid(25b8e83b0b204f54595f1e934897503a) Importer(2089858483,0ecaa5967403d082aa24f35e1b516d23) [PhysX] Initialized MultithreadedTaskDispatcher with 20 workers.
 -> (artifact id: 'ccb980d953fe819efbf8ca983e314a35') in 0.012021 seconds
Number of updated asset objects reloaded before import = 0
Number of asset objects unloaded after import = 3
========================================================================
Received Import Request.
  Time since last request: 0.000014 seconds.
  path: Assets/Violet Theme Ui/White Icons/White Pound Sign.png
  artifactKey: Guid(c43d9c4d70f1b9a4eb4b8cb81c259094) Importer(2089858483,0ecaa5967403d082aa24f35e1b516d23)
Start importing Assets/Violet Theme Ui/White Icons/White Pound Sign.png using Guid(c43d9c4d70f1b9a4eb4b8cb81c259094) Importer(2089858483,0ecaa5967403d082aa24f35e1b516d23) [PhysX] Initialized MultithreadedTaskDispatcher with 20 workers.
 -> (artifact id: '7528884b7bdf2ff19369d4d9d3c67335') in 0.008150 seconds
Number of updated asset objects reloaded before import = 0
Number of asset objects unloaded after import = 3
========================================================================
Received Import Request.
  Time since last request: 0.047896 seconds.
  path: Assets/Violet Theme Ui/Toggles/Toggle Fill Violet.png
  artifactKey: Guid(e7da5cbaae50b3742a2c64373d61cfd0) Importer(2089858483,0ecaa5967403d082aa24f35e1b516d23)
Start importing Assets/Violet Theme Ui/Toggles/Toggle Fill Violet.png using Guid(e7da5cbaae50b3742a2c64373d61cfd0) Importer(2089858483,0ecaa5967403d082aa24f35e1b516d23) [PhysX] Initialized MultithreadedTaskDispatcher with 20 workers.
 -> (artifact id: 'fd8206be91cc50b11912f75f0dad9cb4') in 0.008986 seconds
Number of updated asset objects reloaded before import = 0
Number of asset objects unloaded after import = 3
========================================================================
Received Import Request.
  Time since last request: 0.000015 seconds.
  path: Assets/Violet Theme Ui/White Icons/White Hamer.png
  artifactKey: Guid(fd805f384f399104aa94cb9bd6fb9d20) Importer(2089858483,0ecaa5967403d082aa24f35e1b516d23)
Start importing Assets/Violet Theme Ui/White Icons/White Hamer.png using Guid(fd805f384f399104aa94cb9bd6fb9d20) Importer(2089858483,0ecaa5967403d082aa24f35e1b516d23) [PhysX] Initialized MultithreadedTaskDispatcher with 20 workers.
 -> (artifact id: '104be888888c88e8ce78cc33427bbff5') in 0.009637 seconds
Number of updated asset objects reloaded before import = 0
Number of asset objects unloaded after import = 6
========================================================================
Received Import Request.
  Time since last request: 0.000016 seconds.
  path: Assets/Violet Theme Ui/White Icons/White Strength Up.png
  artifactKey: Guid(c7f7e48003ef85848ac21f69ee4d7af0) Importer(2089858483,0ecaa5967403d082aa24f35e1b516d23)
Start importing Assets/Violet Theme Ui/White Icons/White Strength Up.png using Guid(c7f7e48003ef85848ac21f69ee4d7af0) Importer(2089858483,0ecaa5967403d082aa24f35e1b516d23) [PhysX] Initialized MultithreadedTaskDispatcher with 20 workers.
 -> (artifact id: 'ac3d303f693eda193ee4430d41521f01') in 0.009444 seconds
Number of updated asset objects reloaded before import = 0
Number of asset objects unloaded after import = 3
========================================================================
Received Import Request.
  Time since last request: 0.000018 seconds.
  path: Assets/Violet Theme Ui/White Icons/White Leaf.png
  artifactKey: Guid(ef1d324cdfb2c7c45bd0608627a53812) Importer(2089858483,0ecaa5967403d082aa24f35e1b516d23)
Start importing Assets/Violet Theme Ui/White Icons/White Leaf.png using Guid(ef1d324cdfb2c7c45bd0608627a53812) Importer(2089858483,0ecaa5967403d082aa24f35e1b516d23) [PhysX] Initialized MultithreadedTaskDispatcher with 20 workers.
 -> (artifact id: 'ea7fa9b2895fafcb32dbc128673409f0') in 0.008119 seconds
Number of updated asset objects reloaded before import = 0
Number of asset objects unloaded after import = 3
========================================================================
Received Import Request.
  Time since last request: 0.000016 seconds.
  path: Assets/Violet Theme Ui/White Icons/White Moon.png
  artifactKey: Guid(6afb8f05a36f1864a81cc7ca47557978) Importer(2089858483,0ecaa5967403d082aa24f35e1b516d23)
Start importing Assets/Violet Theme Ui/White Icons/White Moon.png using Guid(6afb8f05a36f1864a81cc7ca47557978) Importer(2089858483,0ecaa5967403d082aa24f35e1b516d23) [PhysX] Initialized MultithreadedTaskDispatcher with 20 workers.
 -> (artifact id: 'ac47e09f9305742bc8d5e278797d356f') in 0.008276 seconds
Number of updated asset objects reloaded before import = 0
Number of asset objects unloaded after import = 3
========================================================================
Received Import Request.
  Time since last request: 0.000018 seconds.
  path: Assets/Violet Theme Ui/Colored Icons/Trophy.png
  artifactKey: Guid(3522f1dff3fd3564c98cbbb56b303b6b) Importer(2089858483,0ecaa5967403d082aa24f35e1b516d23)
Start importing Assets/Violet Theme Ui/Colored Icons/Trophy.png using Guid(3522f1dff3fd3564c98cbbb56b303b6b) Importer(2089858483,0ecaa5967403d082aa24f35e1b516d23) [PhysX] Initialized MultithreadedTaskDispatcher with 20 workers.
 -> (artifact id: '2897010c3609a72d3ab9a1364c4d5e1b') in 0.014016 seconds
Number of updated asset objects reloaded before import = 0
Number of asset objects unloaded after import = 3
========================================================================
Received Import Request.
  Time since last request: 0.000020 seconds.
  path: Assets/Violet Theme Ui/White Icons/White Clock.png
  artifactKey: Guid(963e3ccea09488348a07e88fcbefd958) Importer(2089858483,0ecaa5967403d082aa24f35e1b516d23)
Start importing Assets/Violet Theme Ui/White Icons/White Clock.png using Guid(963e3ccea09488348a07e88fcbefd958) Importer(2089858483,0ecaa5967403d082aa24f35e1b516d23) [PhysX] Initialized MultithreadedTaskDispatcher with 20 workers.
 -> (artifact id: '64906e561858116a730e50faa40a1de1') in 0.007874 seconds
Number of updated asset objects reloaded before import = 0
Number of asset objects unloaded after import = 3
========================================================================
Received Import Request.
  Time since last request: 0.000018 seconds.
  path: Assets/Violet Theme Ui/Colored Icons/Gem 2 Purple.png
  artifactKey: Guid(282adf27b271c3845b9037cebe0826ed) Importer(2089858483,0ecaa5967403d082aa24f35e1b516d23)
Start importing Assets/Violet Theme Ui/Colored Icons/Gem 2 Purple.png using Guid(282adf27b271c3845b9037cebe0826ed) Importer(2089858483,0ecaa5967403d082aa24f35e1b516d23) [PhysX] Initialized MultithreadedTaskDispatcher with 20 workers.
 -> (artifact id: 'e9a22949f0bfa775b1fcc04c5d1429be') in 0.009057 seconds
Number of updated asset objects reloaded before import = 0
Number of asset objects unloaded after import = 3
========================================================================
Received Import Request.
  Time since last request: 0.000019 seconds.
  path: Assets/Violet Theme Ui/White Icons/White Symbol 5.png
  artifactKey: Guid(3159a61a714ebe942ac291a8f0837bfb) Importer(2089858483,0ecaa5967403d082aa24f35e1b516d23)
Start importing Assets/Violet Theme Ui/White Icons/White Symbol 5.png using Guid(3159a61a714ebe942ac291a8f0837bfb) Importer(2089858483,0ecaa5967403d082aa24f35e1b516d23) [PhysX] Initialized MultithreadedTaskDispatcher with 20 workers.
 -> (artifact id: 'a08663045c9f1908bb7f96a4595b4ff8') in 0.008472 seconds
Number of updated asset objects reloaded before import = 0
Number of asset objects unloaded after import = 4
========================================================================
Received Import Request.
  Time since last request: 0.000016 seconds.
  path: Assets/Violet Theme Ui/White Icons/White Warning.png
  artifactKey: Guid(c4d2b397342bbd44abdc24bba7f5d21e) Importer(2089858483,0ecaa5967403d082aa24f35e1b516d23)
Start importing Assets/Violet Theme Ui/White Icons/White Warning.png using Guid(c4d2b397342bbd44abdc24bba7f5d21e) Importer(2089858483,0ecaa5967403d082aa24f35e1b516d23) [PhysX] Initialized MultithreadedTaskDispatcher with 20 workers.
 -> (artifact id: '89b8e5cc21de4dacb13fedeb551c2678') in 0.010258 seconds
Number of updated asset objects reloaded before import = 0
Number of asset objects unloaded after import = 3
========================================================================
Received Import Request.
  Time since last request: 0.000025 seconds.
  path: Assets/Violet Theme Ui/White Icons/White Bitcoin.png
  artifactKey: Guid(e9770deacb613c347bc02da2f613755a) Importer(2089858483,0ecaa5967403d082aa24f35e1b516d23)
Start importing Assets/Violet Theme Ui/White Icons/White Bitcoin.png using Guid(e9770deacb613c347bc02da2f613755a) Importer(2089858483,0ecaa5967403d082aa24f35e1b516d23) [PhysX] Initialized MultithreadedTaskDispatcher with 20 workers.
 -> (artifact id: '7f09d18d2a158ba11e6e574a556d89f0') in 0.009166 seconds
Number of updated asset objects reloaded before import = 0
Number of asset objects unloaded after import = 3
========================================================================
Received Import Request.
  Time since last request: 0.000022 seconds.
  path: Assets/Violet Theme Ui/Colored Icons/Film.png
  artifactKey: Guid(0147758256f443c4aabf6e3f2478115a) Importer(2089858483,0ecaa5967403d082aa24f35e1b516d23)
Start importing Assets/Violet Theme Ui/Colored Icons/Film.png using Guid(0147758256f443c4aabf6e3f2478115a) Importer(2089858483,0ecaa5967403d082aa24f35e1b516d23) [PhysX] Initialized MultithreadedTaskDispatcher with 20 workers.
 -> (artifact id: 'f1b847d30ff312ba552b0a9f6f7121e0') in 0.010033 seconds
Number of updated asset objects reloaded before import = 0
Number of asset objects unloaded after import = 3
========================================================================
Received Import Request.
  Time since last request: 0.000027 seconds.
  path: Assets/Violet Theme Ui/White Icons/White Fast Rewind.png
  artifactKey: Guid(18f5c7c82bce94247913d6fb040a0eff) Importer(2089858483,0ecaa5967403d082aa24f35e1b516d23)
Start importing Assets/Violet Theme Ui/White Icons/White Fast Rewind.png using Guid(18f5c7c82bce94247913d6fb040a0eff) Importer(2089858483,0ecaa5967403d082aa24f35e1b516d23) [PhysX] Initialized MultithreadedTaskDispatcher with 20 workers.
 -> (artifact id: 'c18ebbe934fc9e5aea907b971f806009') in 0.009648 seconds
Number of updated asset objects reloaded before import = 0
Number of asset objects unloaded after import = 3
========================================================================
Received Import Request.
  Time since last request: 0.000015 seconds.
  path: Assets/Violet Theme Ui/Colored Icons/Hour Glass.png
  artifactKey: Guid(647a538c2f2902245bf207b897881a5f) Importer(2089858483,0ecaa5967403d082aa24f35e1b516d23)
Start importing Assets/Violet Theme Ui/Colored Icons/Hour Glass.png using Guid(647a538c2f2902245bf207b897881a5f) Importer(2089858483,0ecaa5967403d082aa24f35e1b516d23) [PhysX] Initialized MultithreadedTaskDispatcher with 20 workers.
 -> (artifact id: '6a1fce700e7c25d7117bf396cfd8f6ca') in 0.007931 seconds
Number of updated asset objects reloaded before import = 0
Number of asset objects unloaded after import = 3
========================================================================
Received Import Request.
  Time since last request: 0.000021 seconds.
  path: Assets/Violet Theme Ui/White Icons/White Wand.png
  artifactKey: Guid(47f4c9a1d571e2145bebbbc207d9195b) Importer(2089858483,0ecaa5967403d082aa24f35e1b516d23)
Start importing Assets/Violet Theme Ui/White Icons/White Wand.png using Guid(47f4c9a1d571e2145bebbbc207d9195b) Importer(2089858483,0ecaa5967403d082aa24f35e1b516d23) [PhysX] Initialized MultithreadedTaskDispatcher with 20 workers.
 -> (artifact id: '3d00e321915aedd7fc7acb1504fd9e52') in 0.012809 seconds
Number of updated asset objects reloaded before import = 0
Number of asset objects unloaded after import = 4
========================================================================
Received Import Request.
  Time since last request: 0.000029 seconds.
  path: Assets/Violet Theme Ui/White Icons/White Party Pop.png
  artifactKey: Guid(1b02e53e456c7b748b2d80a944d048d1) Importer(2089858483,0ecaa5967403d082aa24f35e1b516d23)
Start importing Assets/Violet Theme Ui/White Icons/White Party Pop.png using Guid(1b02e53e456c7b748b2d80a944d048d1) Importer(2089858483,0ecaa5967403d082aa24f35e1b516d23) [PhysX] Initialized MultithreadedTaskDispatcher with 20 workers.
 -> (artifact id: '4fea4d7dff545c2560b2cf935e18b00f') in 0.012559 seconds
Number of updated asset objects reloaded before import = 0
Number of asset objects unloaded after import = 8
========================================================================
Received Import Request.
  Time since last request: 0.000017 seconds.
  path: Assets/Violet Theme Ui/White Icons/White Bomb 1.png
  artifactKey: Guid(e46522e28efe3b849b09ef69fc569232) Importer(2089858483,0ecaa5967403d082aa24f35e1b516d23)
Start importing Assets/Violet Theme Ui/White Icons/White Bomb 1.png using Guid(e46522e28efe3b849b09ef69fc569232) Importer(2089858483,0ecaa5967403d082aa24f35e1b516d23) [PhysX] Initialized MultithreadedTaskDispatcher with 20 workers.
 -> (artifact id: '8cce78e9a49124c8c5ded532dd3c56ed') in 0.008969 seconds
Number of updated asset objects reloaded before import = 0
Number of asset objects unloaded after import = 5
========================================================================
Received Import Request.
  Time since last request: 0.000015 seconds.
  path: Assets/Violet Theme Ui/Buttons/Misc/Small Square Button Purple.png
  artifactKey: Guid(59df2390a598c904bab275d1ea743916) Importer(2089858483,0ecaa5967403d082aa24f35e1b516d23)
Start importing Assets/Violet Theme Ui/Buttons/Misc/Small Square Button Purple.png using Guid(59df2390a598c904bab275d1ea743916) Importer(2089858483,0ecaa5967403d082aa24f35e1b516d23) [PhysX] Initialized MultithreadedTaskDispatcher with 20 workers.
 -> (artifact id: 'c5065902498e228adac27295076aaafe') in 0.009008 seconds
Number of updated asset objects reloaded before import = 0
Number of asset objects unloaded after import = 3
========================================================================
Received Import Request.
  Time since last request: 0.000021 seconds.
  path: Assets/Violet Theme Ui/Prefab/Toggles/Toggle Orange.prefab
  artifactKey: Guid(5608c5e9ba1bec8408debd300bcdbe42) Importer(2089858483,0ecaa5967403d082aa24f35e1b516d23)
Start importing Assets/Violet Theme Ui/Prefab/Toggles/Toggle Orange.prefab using Guid(5608c5e9ba1bec8408debd300bcdbe42) Importer(2089858483,0ecaa5967403d082aa24f35e1b516d23) [PhysX] Initialized MultithreadedTaskDispatcher with 20 workers.
 -> (artifact id: 'bfc21c4dff486befdbb98953e3f9ecd6') in 0.008051 seconds
Number of updated asset objects reloaded before import = 0
Number of asset objects unloaded after import = 19
========================================================================
Received Import Request.
  Time since last request: 0.000017 seconds.
  path: Assets/Violet Theme Ui/Prefab/Slider/Slider Violet.prefab
  artifactKey: Guid(751184aaec6e43a469dc2e645e14cbe6) Importer(2089858483,0ecaa5967403d082aa24f35e1b516d23)
Start importing Assets/Violet Theme Ui/Prefab/Slider/Slider Violet.prefab using Guid(751184aaec6e43a469dc2e645e14cbe6) Importer(2089858483,0ecaa5967403d082aa24f35e1b516d23) [PhysX] Initialized MultithreadedTaskDispatcher with 20 workers.
 -> (artifact id: '9e604abf3df76de8a20a38c9b1ecfd5a') in 0.010598 seconds
Number of updated asset objects reloaded before import = 0
Number of asset objects unloaded after import = 24
========================================================================
Received Import Request.
  Time since last request: 0.000020 seconds.
  path: Assets/Violet Theme Ui/White Icons/White Trophy.png
  artifactKey: Guid(8bcb45200576a2749b900ea43bc98bbd) Importer(2089858483,0ecaa5967403d082aa24f35e1b516d23)
Start importing Assets/Violet Theme Ui/White Icons/White Trophy.png using Guid(8bcb45200576a2749b900ea43bc98bbd) Importer(2089858483,0ecaa5967403d082aa24f35e1b516d23) [PhysX] Initialized MultithreadedTaskDispatcher with 20 workers.
 -> (artifact id: '37f51a885ef53f3e855094818e6ebe14') in 0.011779 seconds
Number of updated asset objects reloaded before import = 0
Number of asset objects unloaded after import = 4
========================================================================
Received Import Request.
  Time since last request: 0.000019 seconds.
  path: Assets/Violet Theme Ui/White Icons/White Basket.png
  artifactKey: Guid(8522be17c7c0bdd4cb48c1358bd2386d) Importer(2089858483,0ecaa5967403d082aa24f35e1b516d23)
Start importing Assets/Violet Theme Ui/White Icons/White Basket.png using Guid(8522be17c7c0bdd4cb48c1358bd2386d) Importer(2089858483,0ecaa5967403d082aa24f35e1b516d23) [PhysX] Initialized MultithreadedTaskDispatcher with 20 workers.
 -> (artifact id: '7ad82601fe066367c3932bc3248e85c3') in 0.008859 seconds
Number of updated asset objects reloaded before import = 0
Number of asset objects unloaded after import = 4
========================================================================
Received Import Request.
  Time since last request: 0.000019 seconds.
  path: Assets/Violet Theme Ui/Colored Icons/Check.png
  artifactKey: Guid(27834320931067c4b9127246cba948d2) Importer(2089858483,0ecaa5967403d082aa24f35e1b516d23)
Start importing Assets/Violet Theme Ui/Colored Icons/Check.png using Guid(27834320931067c4b9127246cba948d2) Importer(2089858483,0ecaa5967403d082aa24f35e1b516d23) [PhysX] Initialized MultithreadedTaskDispatcher with 20 workers.
 -> (artifact id: 'ef4da96e850b81322c098be1c4a81a4a') in 0.007780 seconds
Number of updated asset objects reloaded before import = 0
Number of asset objects unloaded after import = 3
========================================================================
Received Import Request.
  Time since last request: 0.000018 seconds.
  path: Assets/Violet Theme Ui/Colored Icons/leaf.png
  artifactKey: Guid(a191b676b9627ca44aceb3a028607100) Importer(2089858483,0ecaa5967403d082aa24f35e1b516d23)
Start importing Assets/Violet Theme Ui/Colored Icons/leaf.png using Guid(a191b676b9627ca44aceb3a028607100) Importer(2089858483,0ecaa5967403d082aa24f35e1b516d23) [PhysX] Initialized MultithreadedTaskDispatcher with 20 workers.
 -> (artifact id: '41987a9d06583d706d56faab7e109781') in 0.010233 seconds
Number of updated asset objects reloaded before import = 0
Number of asset objects unloaded after import = 3
========================================================================
Received Import Request.
  Time since last request: 0.000016 seconds.
  path: Assets/Violet Theme Ui/White Icons/White Gasoline.png
  artifactKey: Guid(fa98f68033093494b860119b50d067b4) Importer(2089858483,0ecaa5967403d082aa24f35e1b516d23)
Start importing Assets/Violet Theme Ui/White Icons/White Gasoline.png using Guid(fa98f68033093494b860119b50d067b4) Importer(2089858483,0ecaa5967403d082aa24f35e1b516d23) [PhysX] Initialized MultithreadedTaskDispatcher with 20 workers.
 -> (artifact id: '7c5291df07396495e4623992bbf8cd45') in 0.010765 seconds
Number of updated asset objects reloaded before import = 0
Number of asset objects unloaded after import = 3
========================================================================
Received Import Request.
  Time since last request: 0.000016 seconds.
  path: Assets/Violet Theme Ui/Colored Icons/Gold Key.png
  artifactKey: Guid(76a0ae3b6739b9d49b8afe591137c19d) Importer(2089858483,0ecaa5967403d082aa24f35e1b516d23)
Start importing Assets/Violet Theme Ui/Colored Icons/Gold Key.png using Guid(76a0ae3b6739b9d49b8afe591137c19d) Importer(2089858483,0ecaa5967403d082aa24f35e1b516d23) [PhysX] Initialized MultithreadedTaskDispatcher with 20 workers.
 -> (artifact id: '1a366f1e6d8e2bdf044441398a2beea4') in 0.008112 seconds
Number of updated asset objects reloaded before import = 0
Number of asset objects unloaded after import = 3
========================================================================
Received Import Request.
  Time since last request: 0.000014 seconds.
  path: Assets/Violet Theme Ui/White Icons/White Symbol 15.png
  artifactKey: Guid(a187bf89ed69ef7479f5a4e4942fa7ae) Importer(2089858483,0ecaa5967403d082aa24f35e1b516d23)
Start importing Assets/Violet Theme Ui/White Icons/White Symbol 15.png using Guid(a187bf89ed69ef7479f5a4e4942fa7ae) Importer(2089858483,0ecaa5967403d082aa24f35e1b516d23) [PhysX] Initialized MultithreadedTaskDispatcher with 20 workers.
 -> (artifact id: '47649eb30adeb9be692f0150ee29bb3a') in 0.008593 seconds
Number of updated asset objects reloaded before import = 0
Number of asset objects unloaded after import = 4
========================================================================
Received Import Request.
  Time since last request: 0.000017 seconds.
  path: Assets/Violet Theme Ui/Colored Icons/Dice.png
  artifactKey: Guid(7f080337138fccf41983b1dfefed52f6) Importer(2089858483,0ecaa5967403d082aa24f35e1b516d23)
Start importing Assets/Violet Theme Ui/Colored Icons/Dice.png using Guid(7f080337138fccf41983b1dfefed52f6) Importer(2089858483,0ecaa5967403d082aa24f35e1b516d23) [PhysX] Initialized MultithreadedTaskDispatcher with 20 workers.
 -> (artifact id: '64bb80b3cbeb1770b605a05708d5528c') in 0.009260 seconds
Number of updated asset objects reloaded before import = 0
Number of asset objects unloaded after import = 3
========================================================================
Received Import Request.
  Time since last request: 0.000016 seconds.
  path: Assets/Violet Theme Ui/Switch/Switch On Blue.png
  artifactKey: Guid(f65f5ba5c7649ab4e82dd2a91a3e6d60) Importer(2089858483,0ecaa5967403d082aa24f35e1b516d23)
Start importing Assets/Violet Theme Ui/Switch/Switch On Blue.png using Guid(f65f5ba5c7649ab4e82dd2a91a3e6d60) Importer(2089858483,0ecaa5967403d082aa24f35e1b516d23) [PhysX] Initialized MultithreadedTaskDispatcher with 20 workers.
 -> (artifact id: '2f27eaeaa9628f59682a3fb5d161ffc2') in 0.007235 seconds
Number of updated asset objects reloaded before import = 0
Number of asset objects unloaded after import = 3
========================================================================
Received Import Request.
  Time since last request: 0.000015 seconds.
  path: Assets/Violet Theme Ui/Colored Icons/Bomb.png
  artifactKey: Guid(15bfc70256f3dbe4abc84ce6ffacf11c) Importer(2089858483,0ecaa5967403d082aa24f35e1b516d23)
Start importing Assets/Violet Theme Ui/Colored Icons/Bomb.png using Guid(15bfc70256f3dbe4abc84ce6ffacf11c) Importer(2089858483,0ecaa5967403d082aa24f35e1b516d23) [PhysX] Initialized MultithreadedTaskDispatcher with 20 workers.
 -> (artifact id: '0b4b05fcd01ee69b6d59935f6e8352a9') in 0.008720 seconds
Number of updated asset objects reloaded before import = 0
Number of asset objects unloaded after import = 3
========================================================================
Received Import Request.
  Time since last request: 0.000014 seconds.
  path: Assets/Violet Theme Ui/White Icons/White Chat 4.png
  artifactKey: Guid(8002cbd2607a54c408d377e6bc2283a2) Importer(2089858483,0ecaa5967403d082aa24f35e1b516d23)
Start importing Assets/Violet Theme Ui/White Icons/White Chat 4.png using Guid(8002cbd2607a54c408d377e6bc2283a2) Importer(2089858483,0ecaa5967403d082aa24f35e1b516d23) [PhysX] Initialized MultithreadedTaskDispatcher with 20 workers.
 -> (artifact id: '9d6ef454e7b5f9578aac55298a41aa18') in 0.008569 seconds
Number of updated asset objects reloaded before import = 0
Number of asset objects unloaded after import = 4
========================================================================
Received Import Request.
  Time since last request: 0.000019 seconds.
  path: Assets/Violet Theme Ui/White Icons/White Castle 2.png
  artifactKey: Guid(a96e81d96e60c9946824ad7f9641ada1) Importer(2089858483,0ecaa5967403d082aa24f35e1b516d23)
Start importing Assets/Violet Theme Ui/White Icons/White Castle 2.png using Guid(a96e81d96e60c9946824ad7f9641ada1) Importer(2089858483,0ecaa5967403d082aa24f35e1b516d23) [PhysX] Initialized MultithreadedTaskDispatcher with 20 workers.
 -> (artifact id: '363c9091b1be0d9e5de88334f537fa57') in 0.010462 seconds
Number of updated asset objects reloaded before import = 0
Number of asset objects unloaded after import = 3
========================================================================
Received Import Request.
  Time since last request: 0.000022 seconds.
  path: Assets/Violet Theme Ui/White Icons/White Zoom Out.png
  artifactKey: Guid(d1889b8d2130c824cb63962b985709dc) Importer(2089858483,0ecaa5967403d082aa24f35e1b516d23)
Start importing Assets/Violet Theme Ui/White Icons/White Zoom Out.png using Guid(d1889b8d2130c824cb63962b985709dc) Importer(2089858483,0ecaa5967403d082aa24f35e1b516d23) [PhysX] Initialized MultithreadedTaskDispatcher with 20 workers.
 -> (artifact id: '94b26610acd75498cfe217820057f946') in 0.010317 seconds
Number of updated asset objects reloaded before import = 0
Number of asset objects unloaded after import = 4
========================================================================
Received Import Request.
  Time since last request: 0.000018 seconds.
  path: Assets/Violet Theme Ui/White Icons/White Find.png
  artifactKey: Guid(07608ddea8a179246840f09117262fca) Importer(2089858483,0ecaa5967403d082aa24f35e1b516d23)
Start importing Assets/Violet Theme Ui/White Icons/White Find.png using Guid(07608ddea8a179246840f09117262fca) Importer(2089858483,0ecaa5967403d082aa24f35e1b516d23) [PhysX] Initialized MultithreadedTaskDispatcher with 20 workers.
 -> (artifact id: '4abb6658fb6e7c3aa5607ea96b46e768') in 0.007897 seconds
Number of updated asset objects reloaded before import = 0
Number of asset objects unloaded after import = 4
========================================================================
Received Import Request.
  Time since last request: 0.000014 seconds.
  path: Assets/Violet Theme Ui/Buttons/Misc/Small Square Button Green.png
  artifactKey: Guid(be120bf969ae2c84fa997ecca6dd28e6) Importer(2089858483,0ecaa5967403d082aa24f35e1b516d23)
Start importing Assets/Violet Theme Ui/Buttons/Misc/Small Square Button Green.png using Guid(be120bf969ae2c84fa997ecca6dd28e6) Importer(2089858483,0ecaa5967403d082aa24f35e1b516d23) [PhysX] Initialized MultithreadedTaskDispatcher with 20 workers.
 -> (artifact id: 'bf282a4a11f554702e49a53f577abb64') in 0.011895 seconds
Number of updated asset objects reloaded before import = 0
Number of asset objects unloaded after import = 3
========================================================================
Received Import Request.
  Time since last request: 0.000020 seconds.
  path: Assets/Violet Theme Ui/Sliders/Fill Green.png
  artifactKey: Guid(5c6b1d8bbb4d72743bce6f67053ac941) Importer(2089858483,0ecaa5967403d082aa24f35e1b516d23)
Start importing Assets/Violet Theme Ui/Sliders/Fill Green.png using Guid(5c6b1d8bbb4d72743bce6f67053ac941) Importer(2089858483,0ecaa5967403d082aa24f35e1b516d23) [PhysX] Initialized MultithreadedTaskDispatcher with 20 workers.
 -> (artifact id: '3595761e276ef556d38c29b40dd186ad') in 0.009860 seconds
Number of updated asset objects reloaded before import = 0
Number of asset objects unloaded after import = 3
========================================================================
Received Import Request.
  Time since last request: 0.004896 seconds.
  path: Assets/Violet Theme Ui/White Icons/White Cloud 2.png
  artifactKey: Guid(fa97c0870713ae74b9f6c5d293e516c8) Importer(2089858483,0ecaa5967403d082aa24f35e1b516d23)
Start importing Assets/Violet Theme Ui/White Icons/White Cloud 2.png using Guid(fa97c0870713ae74b9f6c5d293e516c8) Importer(2089858483,0ecaa5967403d082aa24f35e1b516d23) [PhysX] Initialized MultithreadedTaskDispatcher with 20 workers.
 -> (artifact id: '5409991f86cf65c220176c619ac11fee') in 0.008093 seconds
Number of updated asset objects reloaded before import = 0
Number of asset objects unloaded after import = 3
========================================================================
Received Import Request.
  Time since last request: 0.000016 seconds.
  path: Assets/Violet Theme Ui/White Icons/White Minus.png
  artifactKey: Guid(27eb7f3519e41f54a9f3b4a0c2f790ac) Importer(2089858483,0ecaa5967403d082aa24f35e1b516d23)
Start importing Assets/Violet Theme Ui/White Icons/White Minus.png using Guid(27eb7f3519e41f54a9f3b4a0c2f790ac) Importer(2089858483,0ecaa5967403d082aa24f35e1b516d23) [PhysX] Initialized MultithreadedTaskDispatcher with 20 workers.
 -> (artifact id: 'e6531295faa6386432b160f894a74f37') in 0.010935 seconds
Number of updated asset objects reloaded before import = 0
Number of asset objects unloaded after import = 3
========================================================================
Received Import Request.
  Time since last request: 0.000021 seconds.
  path: Assets/Violet Theme Ui/White Icons/White Site Off.png
  artifactKey: Guid(67dc6f01d20779546b94657ac4a054c4) Importer(2089858483,0ecaa5967403d082aa24f35e1b516d23)
Start importing Assets/Violet Theme Ui/White Icons/White Site Off.png using Guid(67dc6f01d20779546b94657ac4a054c4) Importer(2089858483,0ecaa5967403d082aa24f35e1b516d23) [PhysX] Initialized MultithreadedTaskDispatcher with 20 workers.
 -> (artifact id: '7c1c1c4d83c29bd520631c653dafa800') in 0.009525 seconds
Number of updated asset objects reloaded before import = 0
Number of asset objects unloaded after import = 4
========================================================================
Received Import Request.
  Time since last request: 0.000020 seconds.
  path: Assets/Violet Theme Ui/White Icons/White Minus 2.png
  artifactKey: Guid(5471116528f32a34fa7ffbc8cf3a6fab) Importer(2089858483,0ecaa5967403d082aa24f35e1b516d23)
Start importing Assets/Violet Theme Ui/White Icons/White Minus 2.png using Guid(5471116528f32a34fa7ffbc8cf3a6fab) Importer(2089858483,0ecaa5967403d082aa24f35e1b516d23) [PhysX] Initialized MultithreadedTaskDispatcher with 20 workers.
 -> (artifact id: '784d3c1bec890da579b7be53fa9d2343') in 0.009827 seconds
Number of updated asset objects reloaded before import = 0
Number of asset objects unloaded after import = 3
========================================================================
Received Import Request.
  Time since last request: 0.000018 seconds.
  path: Assets/Violet Theme Ui/Colored Icons/Bag.png
  artifactKey: Guid(416d7ad4879a2ec4c99603e9260521e1) Importer(2089858483,0ecaa5967403d082aa24f35e1b516d23)
Start importing Assets/Violet Theme Ui/Colored Icons/Bag.png using Guid(416d7ad4879a2ec4c99603e9260521e1) Importer(2089858483,0ecaa5967403d082aa24f35e1b516d23) [PhysX] Initialized MultithreadedTaskDispatcher with 20 workers.
 -> (artifact id: 'a5e2207ea22561764f4171ea5124e108') in 0.008406 seconds
Number of updated asset objects reloaded before import = 0
Number of asset objects unloaded after import = 3
========================================================================
Received Import Request.
  Time since last request: 0.000016 seconds.
  path: Assets/Violet Theme Ui/White Icons/White Rocket.png
  artifactKey: Guid(0f97efa1be74f1f48b42d88ad0eb7c16) Importer(2089858483,0ecaa5967403d082aa24f35e1b516d23)
Start importing Assets/Violet Theme Ui/White Icons/White Rocket.png using Guid(0f97efa1be74f1f48b42d88ad0eb7c16) Importer(2089858483,0ecaa5967403d082aa24f35e1b516d23) [PhysX] Initialized MultithreadedTaskDispatcher with 20 workers.
 -> (artifact id: 'b48c8dfd43b8485e6e0a97968edf3f23') in 0.010092 seconds
Number of updated asset objects reloaded before import = 0
Number of asset objects unloaded after import = 4
========================================================================
Received Import Request.
  Time since last request: 0.000018 seconds.
  path: Assets/Violet Theme Ui/Prefab/Toggles/Toggle Violet.prefab
  artifactKey: Guid(972d689e99b62f740a9658599a29f462) Importer(2089858483,0ecaa5967403d082aa24f35e1b516d23)
Start importing Assets/Violet Theme Ui/Prefab/Toggles/Toggle Violet.prefab using Guid(972d689e99b62f740a9658599a29f462) Importer(2089858483,0ecaa5967403d082aa24f35e1b516d23) [PhysX] Initialized MultithreadedTaskDispatcher with 20 workers.
 -> (artifact id: 'c150c11b039c73f75a609f07e646d86a') in 0.007973 seconds
Number of updated asset objects reloaded before import = 0
Number of asset objects unloaded after import = 19
========================================================================
Received Import Request.
  Time since last request: 0.000018 seconds.
  path: Assets/Violet Theme Ui/White Icons/White Japanese Yen.png
  artifactKey: Guid(15791b09182bf5b4080a9a894bc69a19) Importer(2089858483,0ecaa5967403d082aa24f35e1b516d23)
Start importing Assets/Violet Theme Ui/White Icons/White Japanese Yen.png using Guid(15791b09182bf5b4080a9a894bc69a19) Importer(2089858483,0ecaa5967403d082aa24f35e1b516d23) [PhysX] Initialized MultithreadedTaskDispatcher with 20 workers.
 -> (artifact id: '015b0b8b02051cbd1b587f0f7de58ded') in 0.009534 seconds
Number of updated asset objects reloaded before import = 0
Number of asset objects unloaded after import = 3
========================================================================
Received Import Request.
  Time since last request: 0.000021 seconds.
  path: Assets/Violet Theme Ui/White Icons/White Voice Off.png
  artifactKey: Guid(dccd85075f8de7e41b1498391bae744a) Importer(2089858483,0ecaa5967403d082aa24f35e1b516d23)
Start importing Assets/Violet Theme Ui/White Icons/White Voice Off.png using Guid(dccd85075f8de7e41b1498391bae744a) Importer(2089858483,0ecaa5967403d082aa24f35e1b516d23) [PhysX] Initialized MultithreadedTaskDispatcher with 20 workers.
 -> (artifact id: 'dde0a6e972fa66652b9c9b28e4b7d896') in 0.008599 seconds
Number of updated asset objects reloaded before import = 0
Number of asset objects unloaded after import = 4
========================================================================
Received Import Request.
  Time since last request: 0.000017 seconds.
  path: Assets/Violet Theme Ui/White Icons/White Globe.png
  artifactKey: Guid(3719bdfb810404b40bb4d15e77f72778) Importer(2089858483,0ecaa5967403d082aa24f35e1b516d23)
Start importing Assets/Violet Theme Ui/White Icons/White Globe.png using Guid(3719bdfb810404b40bb4d15e77f72778) Importer(2089858483,0ecaa5967403d082aa24f35e1b516d23) [PhysX] Initialized MultithreadedTaskDispatcher with 20 workers.
 -> (artifact id: 'daf58f290aab1c3d1d284b955cef956a') in 0.009121 seconds
Number of updated asset objects reloaded before import = 0
Number of asset objects unloaded after import = 3
========================================================================
Received Import Request.
  Time since last request: 0.000019 seconds.
  path: Assets/Violet Theme Ui/Switch/Switch On Green.png
  artifactKey: Guid(3a96d4fce97dc364e83803e92b18f87e) Importer(2089858483,0ecaa5967403d082aa24f35e1b516d23)
Start importing Assets/Violet Theme Ui/Switch/Switch On Green.png using Guid(3a96d4fce97dc364e83803e92b18f87e) Importer(2089858483,0ecaa5967403d082aa24f35e1b516d23) [PhysX] Initialized MultithreadedTaskDispatcher with 20 workers.
 -> (artifact id: '5b65bf644828cbe870aa797cb3fb79d4') in 0.007733 seconds
Number of updated asset objects reloaded before import = 0
Number of asset objects unloaded after import = 3
========================================================================
Received Import Request.
  Time since last request: 0.000016 seconds.
  path: Assets/Violet Theme Ui/Toggles
  artifactKey: Guid(c4df9cd9fd704df489b9187b1ad2f34f) Importer(2089858483,0ecaa5967403d082aa24f35e1b516d23)
Start importing Assets/Violet Theme Ui/Toggles using Guid(c4df9cd9fd704df489b9187b1ad2f34f) Importer(2089858483,0ecaa5967403d082aa24f35e1b516d23) [PhysX] Initialized MultithreadedTaskDispatcher with 20 workers.
 -> (artifact id: '10db828c4b00ff417e8980c5ce811c6e') in 0.002948 seconds
Number of updated asset objects reloaded before import = 0
Number of asset objects unloaded after import = 1
========================================================================
Received Import Request.
  Time since last request: 0.000013 seconds.
  path: Assets/Violet Theme Ui/Panels/Dark Panel Red.png
  artifactKey: Guid(5429e319631b03a40b4c46ca3606b3a0) Importer(2089858483,0ecaa5967403d082aa24f35e1b516d23)
Start importing Assets/Violet Theme Ui/Panels/Dark Panel Red.png using Guid(5429e319631b03a40b4c46ca3606b3a0) Importer(2089858483,0ecaa5967403d082aa24f35e1b516d23) [PhysX] Initialized MultithreadedTaskDispatcher with 20 workers.
 -> (artifact id: '2515f387fe0720a540a44b706d6430cf') in 0.011566 seconds
Number of updated asset objects reloaded before import = 0
Number of asset objects unloaded after import = 3
========================================================================
Received Import Request.
  Time since last request: 0.000018 seconds.
  path: Assets/Violet Theme Ui/White Icons/White Time.png
  artifactKey: Guid(8afc5bdb2d29b2b498a6072ad34ae74f) Importer(2089858483,0ecaa5967403d082aa24f35e1b516d23)
Start importing Assets/Violet Theme Ui/White Icons/White Time.png using Guid(8afc5bdb2d29b2b498a6072ad34ae74f) Importer(2089858483,0ecaa5967403d082aa24f35e1b516d23) [PhysX] Initialized MultithreadedTaskDispatcher with 20 workers.
 -> (artifact id: 'f6fcc5e24896621b4bce3171cf17f1dd') in 0.008461 seconds
Number of updated asset objects reloaded before import = 0
Number of asset objects unloaded after import = 3
========================================================================
Received Import Request.
  Time since last request: 0.000021 seconds.
  path: Assets/Violet Theme Ui/Colored Icons/Touch.png
  artifactKey: Guid(311c2d5a384d93e49b14d80905a024fc) Importer(2089858483,0ecaa5967403d082aa24f35e1b516d23)
Start importing Assets/Violet Theme Ui/Colored Icons/Touch.png using Guid(311c2d5a384d93e49b14d80905a024fc) Importer(2089858483,0ecaa5967403d082aa24f35e1b516d23) [PhysX] Initialized MultithreadedTaskDispatcher with 20 workers.
 -> (artifact id: 'b440fd088723c1fda18278e71aa35de5') in 0.009825 seconds
Number of updated asset objects reloaded before import = 0
Number of asset objects unloaded after import = 3
========================================================================
Received Import Request.
  Time since last request: 0.000017 seconds.
  path: Assets/Violet Theme Ui/Panels/Dark Panels Style 2 Purple.png
  artifactKey: Guid(67ae0b8315a808542a646c540231aa88) Importer(2089858483,0ecaa5967403d082aa24f35e1b516d23)
Start importing Assets/Violet Theme Ui/Panels/Dark Panels Style 2 Purple.png using Guid(67ae0b8315a808542a646c540231aa88) Importer(2089858483,0ecaa5967403d082aa24f35e1b516d23) [PhysX] Initialized MultithreadedTaskDispatcher with 20 workers.
 -> (artifact id: '241d98743f3b1e6048b85ce55bc4ef92') in 0.009707 seconds
Number of updated asset objects reloaded before import = 0
Number of asset objects unloaded after import = 3
========================================================================
Received Import Request.
  Time since last request: 0.000020 seconds.
  path: Assets/Violet Theme Ui/White Icons/White Sound Off.png
  artifactKey: Guid(8e94b2d3ff544254c8dbfd0827aa96a3) Importer(2089858483,0ecaa5967403d082aa24f35e1b516d23)
Start importing Assets/Violet Theme Ui/White Icons/White Sound Off.png using Guid(8e94b2d3ff544254c8dbfd0827aa96a3) Importer(2089858483,0ecaa5967403d082aa24f35e1b516d23) [PhysX] Initialized MultithreadedTaskDispatcher with 20 workers.
 -> (artifact id: 'f19e9fd317ffeca152c907f5ca801a81') in 0.009460 seconds
Number of updated asset objects reloaded before import = 0
Number of asset objects unloaded after import = 4
========================================================================
Received Import Request.
  Time since last request: 0.000017 seconds.
  path: Assets/Violet Theme Ui/Scenes
  artifactKey: Guid(ef4d995468751c844ad50cb47f58e44d) Importer(2089858483,0ecaa5967403d082aa24f35e1b516d23)
Start importing Assets/Violet Theme Ui/Scenes using Guid(ef4d995468751c844ad50cb47f58e44d) Importer(2089858483,0ecaa5967403d082aa24f35e1b516d23) [PhysX] Initialized MultithreadedTaskDispatcher with 20 workers.
 -> (artifact id: '7112eabdd1aace5cfb816ac3f919a492') in 0.002721 seconds
Number of updated asset objects reloaded before import = 0
Number of asset objects unloaded after import = 1
========================================================================
Received Import Request.
  Time since last request: 0.000072 seconds.
  path: Assets/Violet Theme Ui/White Icons/White Plane.png
  artifactKey: Guid(449b96c9fa914c645a2d602f85dd4e5c) Importer(2089858483,0ecaa5967403d082aa24f35e1b516d23)
Start importing Assets/Violet Theme Ui/White Icons/White Plane.png using Guid(449b96c9fa914c645a2d602f85dd4e5c) Importer(2089858483,0ecaa5967403d082aa24f35e1b516d23) [PhysX] Initialized MultithreadedTaskDispatcher with 20 workers.
 -> (artifact id: '4ecf77b2478703d204e5d60481735f23') in 0.008872 seconds
Number of updated asset objects reloaded before import = 0
Number of asset objects unloaded after import = 4
========================================================================
Received Import Request.
  Time since last request: 0.000015 seconds.
  path: Assets/Violet Theme Ui/Toggles/Toggle Fill Yellow.png
  artifactKey: Guid(a97da46e2d41bc6468895a250dec00db) Importer(2089858483,0ecaa5967403d082aa24f35e1b516d23)
Start importing Assets/Violet Theme Ui/Toggles/Toggle Fill Yellow.png using Guid(a97da46e2d41bc6468895a250dec00db) Importer(2089858483,0ecaa5967403d082aa24f35e1b516d23) [PhysX] Initialized MultithreadedTaskDispatcher with 20 workers.
 -> (artifact id: 'cf7be62271851866b45ce8f70bfa9144') in 0.009644 seconds
Number of updated asset objects reloaded before import = 0
Number of asset objects unloaded after import = 3
========================================================================
Received Import Request.
  Time since last request: 0.000018 seconds.
  path: Assets/Violet Theme Ui/White Icons/White Books.png
  artifactKey: Guid(b705d170dd672dd49afc1159577a57fb) Importer(2089858483,0ecaa5967403d082aa24f35e1b516d23)
Start importing Assets/Violet Theme Ui/White Icons/White Books.png using Guid(b705d170dd672dd49afc1159577a57fb) Importer(2089858483,0ecaa5967403d082aa24f35e1b516d23) [PhysX] Initialized MultithreadedTaskDispatcher with 20 workers.
 -> (artifact id: '136b99e16d7b14013b34625bbb1e8a6f') in 0.011777 seconds
Number of updated asset objects reloaded before import = 0
Number of asset objects unloaded after import = 8
========================================================================
Received Import Request.
  Time since last request: 0.000015 seconds.
  path: Assets/Violet Theme Ui/Buttons/Misc/Background.afdesign
  artifactKey: Guid(86eee8928789acc4abd4e7c03d2b7d5b) Importer(2089858483,0ecaa5967403d082aa24f35e1b516d23)
Start importing Assets/Violet Theme Ui/Buttons/Misc/Background.afdesign using Guid(86eee8928789acc4abd4e7c03d2b7d5b) Importer(2089858483,0ecaa5967403d082aa24f35e1b516d23) [PhysX] Initialized MultithreadedTaskDispatcher with 20 workers.
 -> (artifact id: 'a64c57c0d77b139c0d4d751ec2281b76') in 0.002926 seconds
Number of updated asset objects reloaded before import = 0
Number of asset objects unloaded after import = 1
========================================================================
Received Import Request.
  Time since last request: 0.000017 seconds.
  path: Assets/Violet Theme Ui/White Icons/White Clover.png
  artifactKey: Guid(26b0346682aa5034886a3155ddd4fd88) Importer(2089858483,0ecaa5967403d082aa24f35e1b516d23)
Start importing Assets/Violet Theme Ui/White Icons/White Clover.png using Guid(26b0346682aa5034886a3155ddd4fd88) Importer(2089858483,0ecaa5967403d082aa24f35e1b516d23) [PhysX] Initialized MultithreadedTaskDispatcher with 20 workers.
 -> (artifact id: '7fb7b38b65e5c3db9c547bcd6f297a81') in 0.009198 seconds
Number of updated asset objects reloaded before import = 0
Number of asset objects unloaded after import = 3
========================================================================
Received Import Request.
  Time since last request: 0.000020 seconds.
  path: Assets/Violet Theme Ui/White Icons/White Tag.png
  artifactKey: Guid(f056a0a4b34d15a4c85cca06bd747380) Importer(2089858483,0ecaa5967403d082aa24f35e1b516d23)
Start importing Assets/Violet Theme Ui/White Icons/White Tag.png using Guid(f056a0a4b34d15a4c85cca06bd747380) Importer(2089858483,0ecaa5967403d082aa24f35e1b516d23) [PhysX] Initialized MultithreadedTaskDispatcher with 20 workers.
 -> (artifact id: 'be5697d0e906ac1a178cd02637b236e7') in 0.007953 seconds
Number of updated asset objects reloaded before import = 0
Number of asset objects unloaded after import = 3
========================================================================
Received Import Request.
  Time since last request: 0.000023 seconds.
  path: Assets/Violet Theme Ui/Sliders/Fill Yellow.png
  artifactKey: Guid(0f4f39901b919954789333870bac9863) Importer(2089858483,0ecaa5967403d082aa24f35e1b516d23)
Start importing Assets/Violet Theme Ui/Sliders/Fill Yellow.png using Guid(0f4f39901b919954789333870bac9863) Importer(2089858483,0ecaa5967403d082aa24f35e1b516d23) [PhysX] Initialized MultithreadedTaskDispatcher with 20 workers.
 -> (artifact id: 'be81257769e2d3c8641f1c3b13ffd213') in 0.010028 seconds
Number of updated asset objects reloaded before import = 0
Number of asset objects unloaded after import = 3
========================================================================
Received Import Request.
  Time since last request: 0.000021 seconds.
  path: Assets/Violet Theme Ui/Colored Icons/Dark Gem.png
  artifactKey: Guid(1dbf5dede7c691641bc771e42b2de99b) Importer(2089858483,0ecaa5967403d082aa24f35e1b516d23)
Start importing Assets/Violet Theme Ui/Colored Icons/Dark Gem.png using Guid(1dbf5dede7c691641bc771e42b2de99b) Importer(2089858483,0ecaa5967403d082aa24f35e1b516d23) [PhysX] Initialized MultithreadedTaskDispatcher with 20 workers.
 -> (artifact id: '98c27214f9aeea180501f3f5e5a7fdbf') in 0.008539 seconds
Number of updated asset objects reloaded before import = 0
Number of asset objects unloaded after import = 3
========================================================================
Received Import Request.
  Time since last request: 0.000016 seconds.
  path: Assets/Violet Theme Ui
  artifactKey: Guid(998f9b21e6d77dd4b841bc0edd27ba94) Importer(2089858483,0ecaa5967403d082aa24f35e1b516d23)
Start importing Assets/Violet Theme Ui using Guid(998f9b21e6d77dd4b841bc0edd27ba94) Importer(2089858483,0ecaa5967403d082aa24f35e1b516d23) [PhysX] Initialized MultithreadedTaskDispatcher with 20 workers.
 -> (artifact id: 'e6a851c8225f4bdb614c2f1f8d491162') in 0.002416 seconds
Number of updated asset objects reloaded before import = 0
Number of asset objects unloaded after import = 1
========================================================================
Received Import Request.
  Time since last request: 0.000018 seconds.
  path: Assets/Violet Theme Ui/Panels/Dark Panel Orange.png
  artifactKey: Guid(d3775896da0a0d842bb96a97235b216f) Importer(2089858483,0ecaa5967403d082aa24f35e1b516d23)
Start importing Assets/Violet Theme Ui/Panels/Dark Panel Orange.png using Guid(d3775896da0a0d842bb96a97235b216f) Importer(2089858483,0ecaa5967403d082aa24f35e1b516d23) [PhysX] Initialized MultithreadedTaskDispatcher with 20 workers.
 -> (artifact id: '8d0eef09caa3777e07d9b4a272bc5e11') in 0.012064 seconds
Number of updated asset objects reloaded before import = 0
Number of asset objects unloaded after import = 3
========================================================================
Received Import Request.
  Time since last request: 0.000015 seconds.
  path: Assets/Violet Theme Ui/White Icons/White Skull 2.png
  artifactKey: Guid(b02f17aa4f7b0944784be99485d4488a) Importer(2089858483,0ecaa5967403d082aa24f35e1b516d23)
Start importing Assets/Violet Theme Ui/White Icons/White Skull 2.png using Guid(b02f17aa4f7b0944784be99485d4488a) Importer(2089858483,0ecaa5967403d082aa24f35e1b516d23) [PhysX] Initialized MultithreadedTaskDispatcher with 20 workers.
 -> (artifact id: '1a87184376adcb23c655aba73275602f') in 0.008709 seconds
Number of updated asset objects reloaded before import = 0
Number of asset objects unloaded after import = 4
========================================================================
Received Import Request.
  Time since last request: 0.000020 seconds.
  path: Assets/Violet Theme Ui/Buttons/Misc/Small Square Button Blue.png
  artifactKey: Guid(b35fcaa46fa9f3e49b71c103f69df698) Importer(2089858483,0ecaa5967403d082aa24f35e1b516d23)
Start importing Assets/Violet Theme Ui/Buttons/Misc/Small Square Button Blue.png using Guid(b35fcaa46fa9f3e49b71c103f69df698) Importer(2089858483,0ecaa5967403d082aa24f35e1b516d23) [PhysX] Initialized MultithreadedTaskDispatcher with 20 workers.
 -> (artifact id: 'f2014e76585e1df514b734609a7a02cf') in 0.008461 seconds
Number of updated asset objects reloaded before import = 0
Number of asset objects unloaded after import = 3
========================================================================
Received Import Request.
  Time since last request: 0.000018 seconds.
  path: Assets/Violet Theme Ui/White Icons/White Planet.png
  artifactKey: Guid(a6ee27f83200c8c42b308dd9b14ab21a) Importer(2089858483,0ecaa5967403d082aa24f35e1b516d23)
Start importing Assets/Violet Theme Ui/White Icons/White Planet.png using Guid(a6ee27f83200c8c42b308dd9b14ab21a) Importer(2089858483,0ecaa5967403d082aa24f35e1b516d23) [PhysX] Initialized MultithreadedTaskDispatcher with 20 workers.
 -> (artifact id: '929a7d303976e8e4c57d5d826faa231f') in 0.010497 seconds
Number of updated asset objects reloaded before import = 0
Number of asset objects unloaded after import = 5
========================================================================
Received Import Request.
  Time since last request: 0.000015 seconds.
  path: Assets/Violet Theme Ui/Prefab/Toggles/Toggle Lavender.prefab
  artifactKey: Guid(8bdc035c46ce8774da19c69676eb279c) Importer(2089858483,0ecaa5967403d082aa24f35e1b516d23)
Start importing Assets/Violet Theme Ui/Prefab/Toggles/Toggle Lavender.prefab using Guid(8bdc035c46ce8774da19c69676eb279c) Importer(2089858483,0ecaa5967403d082aa24f35e1b516d23) [PhysX] Initialized MultithreadedTaskDispatcher with 20 workers.
 -> (artifact id: '3180fde0ccbb928d6bf59b39d55cfa22') in 0.009240 seconds
Number of updated asset objects reloaded before import = 0
Number of asset objects unloaded after import = 19
========================================================================
Received Import Request.
  Time since last request: 0.000017 seconds.
  path: Assets/Violet Theme Ui/Switch/Switch On Violet.png
  artifactKey: Guid(f8d9fa4aa387eed45849d848b837bc61) Importer(2089858483,0ecaa5967403d082aa24f35e1b516d23)
Start importing Assets/Violet Theme Ui/Switch/Switch On Violet.png using Guid(f8d9fa4aa387eed45849d848b837bc61) Importer(2089858483,0ecaa5967403d082aa24f35e1b516d23) [PhysX] Initialized MultithreadedTaskDispatcher with 20 workers.
 -> (artifact id: '7ecf48a6c1c107b79357a7d54994d3a9') in 0.007811 seconds
Number of updated asset objects reloaded before import = 0
Number of asset objects unloaded after import = 3
========================================================================
Received Import Request.
  Time since last request: 0.000017 seconds.
  path: Assets/Violet Theme Ui/White Icons/White Television.png
  artifactKey: Guid(a8bb48d78e8b47a4e9bd319f0170fa25) Importer(2089858483,0ecaa5967403d082aa24f35e1b516d23)
Start importing Assets/Violet Theme Ui/White Icons/White Television.png using Guid(a8bb48d78e8b47a4e9bd319f0170fa25) Importer(2089858483,0ecaa5967403d082aa24f35e1b516d23) [PhysX] Initialized MultithreadedTaskDispatcher with 20 workers.
 -> (artifact id: '3de00c12c0fc497349cc153f072abed0') in 0.008295 seconds
Number of updated asset objects reloaded before import = 0
Number of asset objects unloaded after import = 3
========================================================================
Received Import Request.
  Time since last request: 0.000018 seconds.
  path: Assets/Violet Theme Ui/White Icons/White Phone.png
  artifactKey: Guid(b07719375d8868648971f3df7c96b6bc) Importer(2089858483,0ecaa5967403d082aa24f35e1b516d23)
Start importing Assets/Violet Theme Ui/White Icons/White Phone.png using Guid(b07719375d8868648971f3df7c96b6bc) Importer(2089858483,0ecaa5967403d082aa24f35e1b516d23) [PhysX] Initialized MultithreadedTaskDispatcher with 20 workers.
 -> (artifact id: 'deab8b9dfab51e7ee19888465584412d') in 0.009016 seconds
Number of updated asset objects reloaded before import = 0
Number of asset objects unloaded after import = 3
========================================================================
Received Import Request.
  Time since last request: 0.000016 seconds.
  path: Assets/Violet Theme Ui/Panels/Dark Panels Style 2 Pink.png
  artifactKey: Guid(816373d26daf2fe40b59acd3712be032) Importer(2089858483,0ecaa5967403d082aa24f35e1b516d23)
Start importing Assets/Violet Theme Ui/Panels/Dark Panels Style 2 Pink.png using Guid(816373d26daf2fe40b59acd3712be032) Importer(2089858483,0ecaa5967403d082aa24f35e1b516d23) [PhysX] Initialized MultithreadedTaskDispatcher with 20 workers.
 -> (artifact id: '76ebfb5adc7751fc21d222ecb1796082') in 0.009763 seconds
Number of updated asset objects reloaded before import = 0
Number of asset objects unloaded after import = 3
========================================================================
Received Import Request.
  Time since last request: 0.000016 seconds.
  path: Assets/Violet Theme Ui/White Icons/White Questions.png
  artifactKey: Guid(c62f171dffe3f2947aae0befa6542103) Importer(2089858483,0ecaa5967403d082aa24f35e1b516d23)
Start importing Assets/Violet Theme Ui/White Icons/White Questions.png using Guid(c62f171dffe3f2947aae0befa6542103) Importer(2089858483,0ecaa5967403d082aa24f35e1b516d23) [PhysX] Initialized MultithreadedTaskDispatcher with 20 workers.
 -> (artifact id: '823c25216ffab677b1339f9b628a9fbf') in 0.010414 seconds
Number of updated asset objects reloaded before import = 0
Number of asset objects unloaded after import = 4
========================================================================
Received Import Request.
  Time since last request: 0.000016 seconds.
  path: Assets/Violet Theme Ui/Panels
  artifactKey: Guid(f80ae926262792041867b286a3417cf3) Importer(2089858483,0ecaa5967403d082aa24f35e1b516d23)
Start importing Assets/Violet Theme Ui/Panels using Guid(f80ae926262792041867b286a3417cf3) Importer(2089858483,0ecaa5967403d082aa24f35e1b516d23) [PhysX] Initialized MultithreadedTaskDispatcher with 20 workers.
 -> (artifact id: '4302551c58d763ca30ecd9d72ac64334') in 0.002995 seconds
Number of updated asset objects reloaded before import = 0
Number of asset objects unloaded after import = 1
========================================================================
Received Import Request.
  Time since last request: 0.000018 seconds.
  path: Assets/Violet Theme Ui/White Icons/White Google.png
  artifactKey: Guid(9378ca643c0815e47b5a52ea94f78f9b) Importer(2089858483,0ecaa5967403d082aa24f35e1b516d23)
Start importing Assets/Violet Theme Ui/White Icons/White Google.png using Guid(9378ca643c0815e47b5a52ea94f78f9b) Importer(2089858483,0ecaa5967403d082aa24f35e1b516d23) [PhysX] Initialized MultithreadedTaskDispatcher with 20 workers.
 -> (artifact id: 'dd7ff8c689f6fde3943a0f7da0c2a271') in 0.008479 seconds
Number of updated asset objects reloaded before import = 0
Number of asset objects unloaded after import = 3
========================================================================
Received Import Request.
  Time since last request: 0.000017 seconds.
  path: Assets/Violet Theme Ui/Panels/Dark Panel Blue.png
  artifactKey: Guid(207cc794caeb5e74e9163ba05a99b1bc) Importer(2089858483,0ecaa5967403d082aa24f35e1b516d23)
Start importing Assets/Violet Theme Ui/Panels/Dark Panel Blue.png using Guid(207cc794caeb5e74e9163ba05a99b1bc) Importer(2089858483,0ecaa5967403d082aa24f35e1b516d23) [PhysX] Initialized MultithreadedTaskDispatcher with 20 workers.
 -> (artifact id: '4ee87ad753f0a223e2761f2a0f0b9399') in 0.010354 seconds
Number of updated asset objects reloaded before import = 0
Number of asset objects unloaded after import = 3
========================================================================
Received Import Request.
  Time since last request: 0.000018 seconds.
  path: Assets/Violet Theme Ui/White Icons/White Device Vibration.png
  artifactKey: Guid(14313135a6a46094cbdcab0e01c6e628) Importer(2089858483,0ecaa5967403d082aa24f35e1b516d23)
Start importing Assets/Violet Theme Ui/White Icons/White Device Vibration.png using Guid(14313135a6a46094cbdcab0e01c6e628) Importer(2089858483,0ecaa5967403d082aa24f35e1b516d23) [PhysX] Initialized MultithreadedTaskDispatcher with 20 workers.
 -> (artifact id: 'a98768d086f25b3c7cff7fbdc9df8760') in 0.010942 seconds
Number of updated asset objects reloaded before import = 0
Number of asset objects unloaded after import = 5
========================================================================
Received Import Request.
  Time since last request: 0.000014 seconds.
  path: Assets/Violet Theme Ui/White Icons/White Bomb.png
  artifactKey: Guid(976d40449908b1c439451ba6b1fadb9e) Importer(2089858483,0ecaa5967403d082aa24f35e1b516d23)
Start importing Assets/Violet Theme Ui/White Icons/White Bomb.png using Guid(976d40449908b1c439451ba6b1fadb9e) Importer(2089858483,0ecaa5967403d082aa24f35e1b516d23) [PhysX] Initialized MultithreadedTaskDispatcher with 20 workers.
 -> (artifact id: '217db59f9d23b8a0bcc8018e7b4b6145') in 0.007556 seconds
Number of updated asset objects reloaded before import = 0
Number of asset objects unloaded after import = 3
========================================================================
Received Import Request.
  Time since last request: 0.000017 seconds.
  path: Assets/Violet Theme Ui/Sliders/Handle Blue.png
  artifactKey: Guid(90a65e5f1a9c4c04a89791b3a9eda3c9) Importer(2089858483,0ecaa5967403d082aa24f35e1b516d23)
Start importing Assets/Violet Theme Ui/Sliders/Handle Blue.png using Guid(90a65e5f1a9c4c04a89791b3a9eda3c9) Importer(2089858483,0ecaa5967403d082aa24f35e1b516d23) [PhysX] Initialized MultithreadedTaskDispatcher with 20 workers.
 -> (artifact id: '31ee41da174c1fde7ba0b1939fd0aa1a') in 0.012953 seconds
Number of updated asset objects reloaded before import = 0
Number of asset objects unloaded after import = 3
========================================================================
Received Import Request.
  Time since last request: 0.000020 seconds.
  path: Assets/Violet Theme Ui/Scenes/Violet UI.unity
  artifactKey: Guid(989411cc471897441b0421f6568f7057) Importer(2089858483,0ecaa5967403d082aa24f35e1b516d23)
Start importing Assets/Violet Theme Ui/Scenes/Violet UI.unity using Guid(989411cc471897441b0421f6568f7057) Importer(2089858483,0ecaa5967403d082aa24f35e1b516d23) [PhysX] Initialized MultithreadedTaskDispatcher with 20 workers.
 -> (artifact id: '4f8f557153892814746ee58435069fde') in 0.003568 seconds
Number of updated asset objects reloaded before import = 0
Number of asset objects unloaded after import = 1
========================================================================
Received Import Request.
  Time since last request: 0.000041 seconds.
  path: Assets/Violet Theme Ui/White Icons/White Bluetooth Off.png
  artifactKey: Guid(f791f4cb3fbccc1419eaca61ce79eae5) Importer(2089858483,0ecaa5967403d082aa24f35e1b516d23)
Start importing Assets/Violet Theme Ui/White Icons/White Bluetooth Off.png using Guid(f791f4cb3fbccc1419eaca61ce79eae5) Importer(2089858483,0ecaa5967403d082aa24f35e1b516d23) [PhysX] Initialized MultithreadedTaskDispatcher with 20 workers.
 -> (artifact id: '689fa4b8287be9cb2a324e503926ebb8') in 0.012809 seconds
Number of updated asset objects reloaded before import = 0
Number of asset objects unloaded after import = 5
========================================================================
Received Import Request.
  Time since last request: 0.000018 seconds.
  path: Assets/Violet Theme Ui/White Icons/White Gift.png
  artifactKey: Guid(828cca5c37b17bf4fb0115a66ea7ffb6) Importer(2089858483,0ecaa5967403d082aa24f35e1b516d23)
Start importing Assets/Violet Theme Ui/White Icons/White Gift.png using Guid(828cca5c37b17bf4fb0115a66ea7ffb6) Importer(2089858483,0ecaa5967403d082aa24f35e1b516d23) [PhysX] Initialized MultithreadedTaskDispatcher with 20 workers.
 -> (artifact id: '3433957eede01305620b029531a54f9a') in 0.011897 seconds
Number of updated asset objects reloaded before import = 0
Number of asset objects unloaded after import = 7
========================================================================
Received Import Request.
  Time since last request: 0.000016 seconds.
  path: Assets/Violet Theme Ui/Colored Icons/Sound.png
  artifactKey: Guid(aa7f0fb09d0e28744b8553b6bbf51cb3) Importer(2089858483,0ecaa5967403d082aa24f35e1b516d23)
Start importing Assets/Violet Theme Ui/Colored Icons/Sound.png using Guid(aa7f0fb09d0e28744b8553b6bbf51cb3) Importer(2089858483,0ecaa5967403d082aa24f35e1b516d23) [PhysX] Initialized MultithreadedTaskDispatcher with 20 workers.
 -> (artifact id: 'a7a1d398977b44355799d30207928262') in 0.007945 seconds
Number of updated asset objects reloaded before import = 0
Number of asset objects unloaded after import = 3
========================================================================
Received Import Request.
  Time since last request: 0.000020 seconds.
  path: Assets/Violet Theme Ui/White Icons/White Snow Globe 1.png
  artifactKey: Guid(bfc488603c718a44184796c3aa002628) Importer(2089858483,0ecaa5967403d082aa24f35e1b516d23)
Start importing Assets/Violet Theme Ui/White Icons/White Snow Globe 1.png using Guid(bfc488603c718a44184796c3aa002628) Importer(2089858483,0ecaa5967403d082aa24f35e1b516d23) [PhysX] Initialized MultithreadedTaskDispatcher with 20 workers.
 -> (artifact id: '38b71fb666336369381b5b3b3b5ee402') in 0.009866 seconds
Number of updated asset objects reloaded before import = 0
Number of asset objects unloaded after import = 4
========================================================================
Received Import Request.
  Time since last request: 0.000023 seconds.
  path: Assets/Violet Theme Ui/White Icons/White Expand.png
  artifactKey: Guid(dcaf568f4227a954bb38a1f968381054) Importer(2089858483,0ecaa5967403d082aa24f35e1b516d23)
Start importing Assets/Violet Theme Ui/White Icons/White Expand.png using Guid(dcaf568f4227a954bb38a1f968381054) Importer(2089858483,0ecaa5967403d082aa24f35e1b516d23) [PhysX] Initialized MultithreadedTaskDispatcher with 20 workers.
 -> (artifact id: '092bbf3d2e70c8c68132979eb7bab43b') in 0.010534 seconds
Number of updated asset objects reloaded before import = 0
Number of asset objects unloaded after import = 6
========================================================================
Received Import Request.
  Time since last request: 0.000018 seconds.
  path: Assets/Violet Theme Ui/Colored Icons/Silver Lock.png
  artifactKey: Guid(d36270e47d36e304a9d89c1fc73428e9) Importer(2089858483,0ecaa5967403d082aa24f35e1b516d23)
Start importing Assets/Violet Theme Ui/Colored Icons/Silver Lock.png using Guid(d36270e47d36e304a9d89c1fc73428e9) Importer(2089858483,0ecaa5967403d082aa24f35e1b516d23) [PhysX] Initialized MultithreadedTaskDispatcher with 20 workers.
 -> (artifact id: '6689dcc68b8b0ccf79059f27859a68cd') in 0.009397 seconds
Number of updated asset objects reloaded before import = 0
Number of asset objects unloaded after import = 3
========================================================================
Received Import Request.
  Time since last request: 0.000017 seconds.
  path: Assets/Violet Theme Ui/White Icons/White Anvil.png
  artifactKey: Guid(59356e9331ae5794cb87f972976490e1) Importer(2089858483,0ecaa5967403d082aa24f35e1b516d23)
Start importing Assets/Violet Theme Ui/White Icons/White Anvil.png using Guid(59356e9331ae5794cb87f972976490e1) Importer(2089858483,0ecaa5967403d082aa24f35e1b516d23) [PhysX] Initialized MultithreadedTaskDispatcher with 20 workers.
 -> (artifact id: '7005b4140e06e707dc8bd8d0b29643a8') in 0.009029 seconds
Number of updated asset objects reloaded before import = 0
Number of asset objects unloaded after import = 5
========================================================================
Received Import Request.
  Time since last request: 0.000017 seconds.
  path: Assets/Violet Theme Ui/White Icons/White Slider 2.png
  artifactKey: Guid(85e84ba1987d05241820a2a80c1d46c5) Importer(2089858483,0ecaa5967403d082aa24f35e1b516d23)
Start importing Assets/Violet Theme Ui/White Icons/White Slider 2.png using Guid(85e84ba1987d05241820a2a80c1d46c5) Importer(2089858483,0ecaa5967403d082aa24f35e1b516d23) [PhysX] Initialized MultithreadedTaskDispatcher with 20 workers.
 -> (artifact id: 'cae5559c95343e02d8c87c8dc5d42b41') in 0.015676 seconds
Number of updated asset objects reloaded before import = 0
Number of asset objects unloaded after import = 11
========================================================================
Received Import Request.
  Time since last request: 0.000017 seconds.
  path: Assets/Violet Theme Ui/Buttons/Misc/Input Field Background.png
  artifactKey: Guid(f3e6a4a22e2056f4d88695188bc39a6e) Importer(2089858483,0ecaa5967403d082aa24f35e1b516d23)
Start importing Assets/Violet Theme Ui/Buttons/Misc/Input Field Background.png using Guid(f3e6a4a22e2056f4d88695188bc39a6e) Importer(2089858483,0ecaa5967403d082aa24f35e1b516d23) [PhysX] Initialized MultithreadedTaskDispatcher with 20 workers.
 -> (artifact id: '50c9c749d518e8743b31c89622d8d1e9') in 0.007777 seconds
Number of updated asset objects reloaded before import = 0
Number of asset objects unloaded after import = 3
========================================================================
Received Import Request.
  Time since last request: 0.000025 seconds.
  path: Assets/Violet Theme Ui/Colored Icons/camera.png
  artifactKey: Guid(83392a0c45d009b4ca9b8bc8ec04cc55) Importer(2089858483,0ecaa5967403d082aa24f35e1b516d23)
Start importing Assets/Violet Theme Ui/Colored Icons/camera.png using Guid(83392a0c45d009b4ca9b8bc8ec04cc55) Importer(2089858483,0ecaa5967403d082aa24f35e1b516d23) [PhysX] Initialized MultithreadedTaskDispatcher with 20 workers.
 -> (artifact id: 'cc7c8e1ae67d3e4f0879515202509d55') in 0.007610 seconds
Number of updated asset objects reloaded before import = 0
Number of asset objects unloaded after import = 3
========================================================================
Received Import Request.
  Time since last request: 0.000015 seconds.
  path: Assets/Violet Theme Ui/White Icons/White Axe.png
  artifactKey: Guid(1211324f0927fc540afd33686434a913) Importer(2089858483,0ecaa5967403d082aa24f35e1b516d23)
Start importing Assets/Violet Theme Ui/White Icons/White Axe.png using Guid(1211324f0927fc540afd33686434a913) Importer(2089858483,0ecaa5967403d082aa24f35e1b516d23) [PhysX] Initialized MultithreadedTaskDispatcher with 20 workers.
 -> (artifact id: 'ad3aff7a42e10118fbac45afd99b1935') in 0.012471 seconds
Number of updated asset objects reloaded before import = 0
Number of asset objects unloaded after import = 6
========================================================================
Received Import Request.
  Time since last request: 0.000016 seconds.
  path: Assets/Violet Theme Ui/White Icons/White Explosion 2.png
  artifactKey: Guid(044c09bcaef1acb42aaf0be97aba2cf1) Importer(2089858483,0ecaa5967403d082aa24f35e1b516d23)
Start importing Assets/Violet Theme Ui/White Icons/White Explosion 2.png using Guid(044c09bcaef1acb42aaf0be97aba2cf1) Importer(2089858483,0ecaa5967403d082aa24f35e1b516d23) [PhysX] Initialized MultithreadedTaskDispatcher with 20 workers.
 -> (artifact id: '336fafe6b0977314255d2d10466d00a0') in 0.009146 seconds
Number of updated asset objects reloaded before import = 0
Number of asset objects unloaded after import = 3
========================================================================
Received Import Request.
  Time since last request: 0.000019 seconds.
  path: Assets/Violet Theme Ui/Switch/Switch On Yellow.png
  artifactKey: Guid(87997358d64812c47acfa994451db577) Importer(2089858483,0ecaa5967403d082aa24f35e1b516d23)
Start importing Assets/Violet Theme Ui/Switch/Switch On Yellow.png using Guid(87997358d64812c47acfa994451db577) Importer(2089858483,0ecaa5967403d082aa24f35e1b516d23) [PhysX] Initialized MultithreadedTaskDispatcher with 20 workers.
 -> (artifact id: '8b3b1514b1c4a58a9a5ed9649e740cf0') in 0.009190 seconds
Number of updated asset objects reloaded before import = 0
Number of asset objects unloaded after import = 3
========================================================================
Received Import Request.
  Time since last request: 0.000019 seconds.
  path: Assets/Violet Theme Ui/White Icons/White Infinite Symbol.png
  artifactKey: Guid(0e70e078c52c4a34394c154f5f18c19b) Importer(2089858483,0ecaa5967403d082aa24f35e1b516d23)
Start importing Assets/Violet Theme Ui/White Icons/White Infinite Symbol.png using Guid(0e70e078c52c4a34394c154f5f18c19b) Importer(2089858483,0ecaa5967403d082aa24f35e1b516d23) [PhysX] Initialized MultithreadedTaskDispatcher with 20 workers.
 -> (artifact id: '318b08fb7cad91f16334520ceb493f81') in 0.008649 seconds
Number of updated asset objects reloaded before import = 0
Number of asset objects unloaded after import = 3
========================================================================
Received Import Request.
  Time since last request: 0.000014 seconds.
  path: Assets/Violet Theme Ui/Buttons/Misc/Small Square Button Yellow.png
  artifactKey: Guid(a92c5df7eef6ddc4ba91ad5dd2892af9) Importer(2089858483,0ecaa5967403d082aa24f35e1b516d23)
Start importing Assets/Violet Theme Ui/Buttons/Misc/Small Square Button Yellow.png using Guid(a92c5df7eef6ddc4ba91ad5dd2892af9) Importer(2089858483,0ecaa5967403d082aa24f35e1b516d23) [PhysX] Initialized MultithreadedTaskDispatcher with 20 workers.
 -> (artifact id: 'b1be0b145ac39fe1c6aeeafc65b991a2') in 0.008948 seconds
Number of updated asset objects reloaded before import = 0
Number of asset objects unloaded after import = 3
========================================================================
Received Import Request.
  Time since last request: 0.000019 seconds.
  path: Assets/Violet Theme Ui/Buttons/Button Red.png
  artifactKey: Guid(f05ec7f8583bfa3468fb8958e87e24d9) Importer(2089858483,0ecaa5967403d082aa24f35e1b516d23)
Start importing Assets/Violet Theme Ui/Buttons/Button Red.png using Guid(f05ec7f8583bfa3468fb8958e87e24d9) Importer(2089858483,0ecaa5967403d082aa24f35e1b516d23) [PhysX] Initialized MultithreadedTaskDispatcher with 20 workers.
 -> (artifact id: 'a683e457a901447a024f18012f1f84f1') in 0.009152 seconds
Number of updated asset objects reloaded before import = 0
Number of asset objects unloaded after import = 3
========================================================================
Received Import Request.
  Time since last request: 0.000016 seconds.
  path: Assets/Violet Theme Ui/Sliders/Handle Yellow.png
  artifactKey: Guid(d58fce3806791a446a633c9b19afa689) Importer(2089858483,0ecaa5967403d082aa24f35e1b516d23)
Start importing Assets/Violet Theme Ui/Sliders/Handle Yellow.png using Guid(d58fce3806791a446a633c9b19afa689) Importer(2089858483,0ecaa5967403d082aa24f35e1b516d23) [PhysX] Initialized MultithreadedTaskDispatcher with 20 workers.
 -> (artifact id: 'bca39502541beeebea56fe1e743b25c2') in 0.009182 seconds
Number of updated asset objects reloaded before import = 0
Number of asset objects unloaded after import = 3
========================================================================
Received Import Request.
  Time since last request: 0.000019 seconds.
  path: Assets/Violet Theme Ui/White Icons/White Pop Corn.png
  artifactKey: Guid(d011443796b1cff429909e1ef19a7d12) Importer(2089858483,0ecaa5967403d082aa24f35e1b516d23)
Start importing Assets/Violet Theme Ui/White Icons/White Pop Corn.png using Guid(d011443796b1cff429909e1ef19a7d12) Importer(2089858483,0ecaa5967403d082aa24f35e1b516d23) [PhysX] Initialized MultithreadedTaskDispatcher with 20 workers.
 -> (artifact id: '7c11e08c3a7dbf5cf9fae3ec2935e087') in 0.010189 seconds
Number of updated asset objects reloaded before import = 0
Number of asset objects unloaded after import = 6
========================================================================
Received Import Request.
  Time since last request: 0.000017 seconds.
  path: Assets/Violet Theme Ui/Progress Bars/Progress Bar Blue.png
  artifactKey: Guid(6119f52e1327e7142ace21eddd69fe50) Importer(2089858483,0ecaa5967403d082aa24f35e1b516d23)
Start importing Assets/Violet Theme Ui/Progress Bars/Progress Bar Blue.png using Guid(6119f52e1327e7142ace21eddd69fe50) Importer(2089858483,0ecaa5967403d082aa24f35e1b516d23) [PhysX] Initialized MultithreadedTaskDispatcher with 20 workers.
 -> (artifact id: '754a9fff639a9c9b9f237392b458c63a') in 0.009806 seconds
Number of updated asset objects reloaded before import = 0
Number of asset objects unloaded after import = 3
========================================================================
Received Import Request.
  Time since last request: 0.000016 seconds.
  path: Assets/Violet Theme Ui/Colored Icons/notepad.png
  artifactKey: Guid(735ace291de988c40947fec9b2671b3c) Importer(2089858483,0ecaa5967403d082aa24f35e1b516d23)
Start importing Assets/Violet Theme Ui/Colored Icons/notepad.png using Guid(735ace291de988c40947fec9b2671b3c) Importer(2089858483,0ecaa5967403d082aa24f35e1b516d23) [PhysX] Initialized MultithreadedTaskDispatcher with 20 workers.
 -> (artifact id: '8063bb171aaf53442bf4f916b78d7059') in 0.007627 seconds
Number of updated asset objects reloaded before import = 0
Number of asset objects unloaded after import = 3
========================================================================
Received Import Request.
  Time since last request: 0.000015 seconds.
  path: Assets/Violet Theme Ui/Sliders/Handle Orange.png
  artifactKey: Guid(d8a3082eb4aa84c41babf3558d2a77e8) Importer(2089858483,0ecaa5967403d082aa24f35e1b516d23)
Start importing Assets/Violet Theme Ui/Sliders/Handle Orange.png using Guid(d8a3082eb4aa84c41babf3558d2a77e8) Importer(2089858483,0ecaa5967403d082aa24f35e1b516d23) [PhysX] Initialized MultithreadedTaskDispatcher with 20 workers.
 -> (artifact id: 'aedfeac2e1b5aed026270ef0f80a516a') in 0.008960 seconds
Number of updated asset objects reloaded before import = 0
Number of asset objects unloaded after import = 3
========================================================================
Received Import Request.
  Time since last request: 0.000017 seconds.
  path: Assets/Violet Theme Ui/White Icons/White Sun.png
  artifactKey: Guid(1935fc56ac8b2e9498f0977126043f19) Importer(2089858483,0ecaa5967403d082aa24f35e1b516d23)
Start importing Assets/Violet Theme Ui/White Icons/White Sun.png using Guid(1935fc56ac8b2e9498f0977126043f19) Importer(2089858483,0ecaa5967403d082aa24f35e1b516d23) [PhysX] Initialized MultithreadedTaskDispatcher with 20 workers.
 -> (artifact id: 'bb32aaad16d75cf2c65dd89fa40c2691') in 0.019887 seconds
Number of updated asset objects reloaded before import = 0
Number of asset objects unloaded after import = 11
========================================================================
Received Import Request.
  Time since last request: 0.000017 seconds.
  path: Assets/Violet Theme Ui/GemsAndCoins
  artifactKey: Guid(5059624ac05d1af41adb041cc0a2124c) Importer(2089858483,0ecaa5967403d082aa24f35e1b516d23)
Start importing Assets/Violet Theme Ui/GemsAndCoins using Guid(5059624ac05d1af41adb041cc0a2124c) Importer(2089858483,0ecaa5967403d082aa24f35e1b516d23) [PhysX] Initialized MultithreadedTaskDispatcher with 20 workers.
 -> (artifact id: 'cb887451d136a92b557eb9d04779fdf5') in 0.003108 seconds
Number of updated asset objects reloaded before import = 0
Number of asset objects unloaded after import = 1
========================================================================
Received Import Request.
  Time since last request: 0.000014 seconds.
  path: Assets/Violet Theme Ui/White Icons/White Symbol 7.png
  artifactKey: Guid(c4642fa878a84cf42a096c438e9e614d) Importer(2089858483,0ecaa5967403d082aa24f35e1b516d23)
Start importing Assets/Violet Theme Ui/White Icons/White Symbol 7.png using Guid(c4642fa878a84cf42a096c438e9e614d) Importer(2089858483,0ecaa5967403d082aa24f35e1b516d23) [PhysX] Initialized MultithreadedTaskDispatcher with 20 workers.
 -> (artifact id: '3ac490fbbd7b394f8ed4c1ece04d3e59') in 0.008680 seconds
Number of updated asset objects reloaded before import = 0
Number of asset objects unloaded after import = 3
========================================================================
Received Import Request.
  Time since last request: 0.000017 seconds.
  path: Assets/Violet Theme Ui/Colored Icons/Goal.png
  artifactKey: Guid(ed3aa35479ded734b8b98f3132c71c43) Importer(2089858483,0ecaa5967403d082aa24f35e1b516d23)
Start importing Assets/Violet Theme Ui/Colored Icons/Goal.png using Guid(ed3aa35479ded734b8b98f3132c71c43) Importer(2089858483,0ecaa5967403d082aa24f35e1b516d23) [PhysX] Initialized MultithreadedTaskDispatcher with 20 workers.
 -> (artifact id: '1f12220a408627e6aefb0a494a48c31c') in 0.007646 seconds
Number of updated asset objects reloaded before import = 0
Number of asset objects unloaded after import = 3
========================================================================
Received Import Request.
  Time since last request: 0.000021 seconds.
  path: Assets/Violet Theme Ui/White Icons/White Bag 1.png
  artifactKey: Guid(df9b56d87fb51104ebe9f524721a14c5) Importer(2089858483,0ecaa5967403d082aa24f35e1b516d23)
Start importing Assets/Violet Theme Ui/White Icons/White Bag 1.png using Guid(df9b56d87fb51104ebe9f524721a14c5) Importer(2089858483,0ecaa5967403d082aa24f35e1b516d23) [PhysX] Initialized MultithreadedTaskDispatcher with 20 workers.
 -> (artifact id: 'f822fcf44bad51fffca72c26992806d2') in 0.019643 seconds
Number of updated asset objects reloaded before import = 0
Number of asset objects unloaded after import = 9
========================================================================
Received Import Request.
  Time since last request: 0.000021 seconds.
  path: Assets/Violet Theme Ui/White Icons/White Blade 3.png
  artifactKey: Guid(75b002f5320d0204fbb110edd8b21bbd) Importer(2089858483,0ecaa5967403d082aa24f35e1b516d23)
Start importing Assets/Violet Theme Ui/White Icons/White Blade 3.png using Guid(75b002f5320d0204fbb110edd8b21bbd) Importer(2089858483,0ecaa5967403d082aa24f35e1b516d23) [PhysX] Initialized MultithreadedTaskDispatcher with 20 workers.
 -> (artifact id: '50f3c69711f7423fa19248d8a57f2f98') in 0.009291 seconds
Number of updated asset objects reloaded before import = 0
Number of asset objects unloaded after import = 4
========================================================================
Received Import Request.
  Time since last request: 0.000015 seconds.
  path: Assets/Violet Theme Ui/Buttons/Buttons.afdesign
  artifactKey: Guid(b71d503ec40200747b7b9cbe550f7c6d) Importer(2089858483,0ecaa5967403d082aa24f35e1b516d23)
Start importing Assets/Violet Theme Ui/Buttons/Buttons.afdesign using Guid(b71d503ec40200747b7b9cbe550f7c6d) Importer(2089858483,0ecaa5967403d082aa24f35e1b516d23) [PhysX] Initialized MultithreadedTaskDispatcher with 20 workers.
 -> (artifact id: 'ed4043c69ab0776947d3db8e6345490a') in 0.002650 seconds
Number of updated asset objects reloaded before import = 0
Number of asset objects unloaded after import = 1
========================================================================
Received Import Request.
  Time since last request: 0.000018 seconds.
  path: Assets/Violet Theme Ui/White Icons/White Play.png
  artifactKey: Guid(dc8c20523863ca94ab0c89a3cc4187a6) Importer(2089858483,0ecaa5967403d082aa24f35e1b516d23)
Start importing Assets/Violet Theme Ui/White Icons/White Play.png using Guid(dc8c20523863ca94ab0c89a3cc4187a6) Importer(2089858483,0ecaa5967403d082aa24f35e1b516d23) [PhysX] Initialized MultithreadedTaskDispatcher with 20 workers.
 -> (artifact id: '969704c9827e2c5279384115340f430d') in 0.010094 seconds
Number of updated asset objects reloaded before import = 0
Number of asset objects unloaded after import = 3
========================================================================
Received Import Request.
  Time since last request: 0.000018 seconds.
  path: Assets/Violet Theme Ui/Colored Icons/Map.png
  artifactKey: Guid(fc6a4cf79ce3ce447b1b7865eecfc942) Importer(2089858483,0ecaa5967403d082aa24f35e1b516d23)
Start importing Assets/Violet Theme Ui/Colored Icons/Map.png using Guid(fc6a4cf79ce3ce447b1b7865eecfc942) Importer(2089858483,0ecaa5967403d082aa24f35e1b516d23) [PhysX] Initialized MultithreadedTaskDispatcher with 20 workers.
 -> (artifact id: '8c01704eaef870a0b35fc93d7938e6ee') in 0.007254 seconds
Number of updated asset objects reloaded before import = 0
Number of asset objects unloaded after import = 3
========================================================================
Received Import Request.
  Time since last request: 0.000015 seconds.
  path: Assets/Violet Theme Ui/White Icons/White Symbol 3.png
  artifactKey: Guid(c42a607f3d048da4cbf87869c7e8d347) Importer(2089858483,0ecaa5967403d082aa24f35e1b516d23)
Start importing Assets/Violet Theme Ui/White Icons/White Symbol 3.png using Guid(c42a607f3d048da4cbf87869c7e8d347) Importer(2089858483,0ecaa5967403d082aa24f35e1b516d23) [PhysX] Initialized MultithreadedTaskDispatcher with 20 workers.
 -> (artifact id: 'f640d34f6de32978bace2ec7ba76d5fe') in 0.012016 seconds
Number of updated asset objects reloaded before import = 0
Number of asset objects unloaded after import = 6
========================================================================
Received Import Request.
  Time since last request: 0.000018 seconds.
  path: Assets/Violet Theme Ui/Colored Icons/Down.png
  artifactKey: Guid(60543be98b18e94439b2e2a67aae367f) Importer(2089858483,0ecaa5967403d082aa24f35e1b516d23)
Start importing Assets/Violet Theme Ui/Colored Icons/Down.png using Guid(60543be98b18e94439b2e2a67aae367f) Importer(2089858483,0ecaa5967403d082aa24f35e1b516d23) [PhysX] Initialized MultithreadedTaskDispatcher with 20 workers.
 -> (artifact id: '1970ceaad67f8c8d3c13b874a51f314d') in 0.007576 seconds
Number of updated asset objects reloaded before import = 0
Number of asset objects unloaded after import = 3
========================================================================
Received Import Request.
  Time since last request: 0.000020 seconds.
  path: Assets/Violet Theme Ui/Colored Icons/Hammer.png
  artifactKey: Guid(c83fa2ac472c64145a29bad9c05a9a50) Importer(2089858483,0ecaa5967403d082aa24f35e1b516d23)
Start importing Assets/Violet Theme Ui/Colored Icons/Hammer.png using Guid(c83fa2ac472c64145a29bad9c05a9a50) Importer(2089858483,0ecaa5967403d082aa24f35e1b516d23) [PhysX] Initialized MultithreadedTaskDispatcher with 20 workers.
 -> (artifact id: 'f83c06d157903a4c206c3f4d6c8c0e27') in 0.009010 seconds
Number of updated asset objects reloaded before import = 0
Number of asset objects unloaded after import = 3
========================================================================
Received Import Request.
  Time since last request: 0.000015 seconds.
  path: Assets/Violet Theme Ui/White Icons/White Skull.png
  artifactKey: Guid(1e3fbf9e8296ba34eb45641745fbc114) Importer(2089858483,0ecaa5967403d082aa24f35e1b516d23)
Start importing Assets/Violet Theme Ui/White Icons/White Skull.png using Guid(1e3fbf9e8296ba34eb45641745fbc114) Importer(2089858483,0ecaa5967403d082aa24f35e1b516d23) [PhysX] Initialized MultithreadedTaskDispatcher with 20 workers.
 -> (artifact id: 'a39a913ec535a5567c85bf1434ab2064') in 0.007843 seconds
Number of updated asset objects reloaded before import = 0
Number of asset objects unloaded after import = 3
========================================================================
Received Import Request.
  Time since last request: 0.000016 seconds.
  path: Assets/Violet Theme Ui/White Icons/White Camera 2.png
  artifactKey: Guid(4c2d4bf8450af0145aebbf3e58351d75) Importer(2089858483,0ecaa5967403d082aa24f35e1b516d23)
Start importing Assets/Violet Theme Ui/White Icons/White Camera 2.png using Guid(4c2d4bf8450af0145aebbf3e58351d75) Importer(2089858483,0ecaa5967403d082aa24f35e1b516d23) [PhysX] Initialized MultithreadedTaskDispatcher with 20 workers.
 -> (artifact id: 'b0486047a35ef370ba328d9eb400abec') in 0.010322 seconds
Number of updated asset objects reloaded before import = 0
Number of asset objects unloaded after import = 4
========================================================================
Received Import Request.
  Time since last request: 0.000018 seconds.
  path: Assets/Violet Theme Ui/Panels/White Panel Style 2 blue.png
  artifactKey: Guid(eaa6a0228f71b22459bbd296542fceaa) Importer(2089858483,0ecaa5967403d082aa24f35e1b516d23)
Start importing Assets/Violet Theme Ui/Panels/White Panel Style 2 blue.png using Guid(eaa6a0228f71b22459bbd296542fceaa) Importer(2089858483,0ecaa5967403d082aa24f35e1b516d23) [PhysX] Initialized MultithreadedTaskDispatcher with 20 workers.
 -> (artifact id: 'a89b683b5428a46d448ddd42fb0e5948') in 0.010003 seconds
Number of updated asset objects reloaded before import = 0
Number of asset objects unloaded after import = 3
========================================================================
Received Import Request.
  Time since last request: 0.000017 seconds.
  path: Assets/Violet Theme Ui/Prefab/Progress Bar/Progress Bar Red.prefab
  artifactKey: Guid(7b9c3d59895fc1747977d7160f8defd1) Importer(2089858483,0ecaa5967403d082aa24f35e1b516d23)
Start importing Assets/Violet Theme Ui/Prefab/Progress Bar/Progress Bar Red.prefab using Guid(7b9c3d59895fc1747977d7160f8defd1) Importer(2089858483,0ecaa5967403d082aa24f35e1b516d23) [PhysX] Initialized MultithreadedTaskDispatcher with 20 workers.
 -> (artifact id: '00d835b00a1c5e1e6fb644d6ade74a7d') in 0.013230 seconds
Number of updated asset objects reloaded before import = 0
Number of asset objects unloaded after import = 17
========================================================================
Received Import Request.
  Time since last request: 0.000017 seconds.
  path: Assets/Violet Theme Ui/White Icons/White Paint.png
  artifactKey: Guid(2e1ce746b5af1a7448c8da098ecfebe6) Importer(2089858483,0ecaa5967403d082aa24f35e1b516d23)
Start importing Assets/Violet Theme Ui/White Icons/White Paint.png using Guid(2e1ce746b5af1a7448c8da098ecfebe6) Importer(2089858483,0ecaa5967403d082aa24f35e1b516d23) [PhysX] Initialized MultithreadedTaskDispatcher with 20 workers.
 -> (artifact id: 'cf2ffa65669a7c9984f97dc1f82ec9d4') in 0.007931 seconds
Number of updated asset objects reloaded before import = 0
Number of asset objects unloaded after import = 4
========================================================================
Received Import Request.
  Time since last request: 0.000020 seconds.
  path: Assets/Violet Theme Ui/White Icons/White Pole.png
  artifactKey: Guid(77cfcb7f7acdfcf43a7d979b270cf721) Importer(2089858483,0ecaa5967403d082aa24f35e1b516d23)
Start importing Assets/Violet Theme Ui/White Icons/White Pole.png using Guid(77cfcb7f7acdfcf43a7d979b270cf721) Importer(2089858483,0ecaa5967403d082aa24f35e1b516d23) [PhysX] Initialized MultithreadedTaskDispatcher with 20 workers.
 -> (artifact id: 'ea083ad3e6fbb3ba92475f500ff91103') in 0.009773 seconds
Number of updated asset objects reloaded before import = 0
Number of asset objects unloaded after import = 4
========================================================================
Received Import Request.
  Time since last request: 0.000014 seconds.
  path: Assets/Violet Theme Ui/White Icons/White Voice On.png
  artifactKey: Guid(d3c4a50e04e1bd34ca7d2081edfc64a0) Importer(2089858483,0ecaa5967403d082aa24f35e1b516d23)
Start importing Assets/Violet Theme Ui/White Icons/White Voice On.png using Guid(d3c4a50e04e1bd34ca7d2081edfc64a0) Importer(2089858483,0ecaa5967403d082aa24f35e1b516d23) [PhysX] Initialized MultithreadedTaskDispatcher with 20 workers.
 -> (artifact id: '6f17a14622b8f9254dbb802bc48ec4cf') in 0.008358 seconds
Number of updated asset objects reloaded before import = 0
Number of asset objects unloaded after import = 4
========================================================================
Received Import Request.
  Time since last request: 0.000017 seconds.
  path: Assets/Violet Theme Ui/White Icons/White Pound.png
  artifactKey: Guid(0805dfba64a913842add645b2e12f8ac) Importer(2089858483,0ecaa5967403d082aa24f35e1b516d23)
Start importing Assets/Violet Theme Ui/White Icons/White Pound.png using Guid(0805dfba64a913842add645b2e12f8ac) Importer(2089858483,0ecaa5967403d082aa24f35e1b516d23) [PhysX] Initialized MultithreadedTaskDispatcher with 20 workers.
 -> (artifact id: '25fa16754179371b80090a9e87090b19') in 0.010218 seconds
Number of updated asset objects reloaded before import = 0
Number of asset objects unloaded after import = 3
========================================================================
Received Import Request.
  Time since last request: 0.000038 seconds.
  path: Assets/Violet Theme Ui/White Icons/White Connected Symbol.png
  artifactKey: Guid(2495dc67178999446959d40ba8991cfe) Importer(2089858483,0ecaa5967403d082aa24f35e1b516d23)
Start importing Assets/Violet Theme Ui/White Icons/White Connected Symbol.png using Guid(2495dc67178999446959d40ba8991cfe) Importer(2089858483,0ecaa5967403d082aa24f35e1b516d23) [PhysX] Initialized MultithreadedTaskDispatcher with 20 workers.
 -> (artifact id: '6ec7a1921739767dc051ad4bccf1b1e6') in 0.008471 seconds
Number of updated asset objects reloaded before import = 0
Number of asset objects unloaded after import = 4
========================================================================
Received Import Request.
  Time since last request: 0.000029 seconds.
  path: Assets/Violet Theme Ui/White Icons/White Armor.png
  artifactKey: Guid(a367f43326a9d9a4aa4b7c39e8652c01) Importer(2089858483,0ecaa5967403d082aa24f35e1b516d23)
Start importing Assets/Violet Theme Ui/White Icons/White Armor.png using Guid(a367f43326a9d9a4aa4b7c39e8652c01) Importer(2089858483,0ecaa5967403d082aa24f35e1b516d23) [PhysX] Initialized MultithreadedTaskDispatcher with 20 workers.
 -> (artifact id: 'b1bad7123228448290c172d0c486b08f') in 0.008841 seconds
Number of updated asset objects reloaded before import = 0
Number of asset objects unloaded after import = 3
========================================================================
Received Import Request.
  Time since last request: 0.000015 seconds.
  path: Assets/Violet Theme Ui/White Icons/White Gem 2.png
  artifactKey: Guid(37d7ae99dc83d1d4887fb685af0baea7) Importer(2089858483,0ecaa5967403d082aa24f35e1b516d23)
Start importing Assets/Violet Theme Ui/White Icons/White Gem 2.png using Guid(37d7ae99dc83d1d4887fb685af0baea7) Importer(2089858483,0ecaa5967403d082aa24f35e1b516d23) [PhysX] Initialized MultithreadedTaskDispatcher with 20 workers.
 -> (artifact id: '05755e1fbf4888d0f7041df55ba1a9cf') in 0.014542 seconds
Number of updated asset objects reloaded before import = 0
Number of asset objects unloaded after import = 10
========================================================================
Received Import Request.
  Time since last request: 0.000015 seconds.
  path: Assets/Violet Theme Ui/Panels/White Panel Green.png
  artifactKey: Guid(61c69ee4216f9254eb98e9d4b2830aa7) Importer(2089858483,0ecaa5967403d082aa24f35e1b516d23)
Start importing Assets/Violet Theme Ui/Panels/White Panel Green.png using Guid(61c69ee4216f9254eb98e9d4b2830aa7) Importer(2089858483,0ecaa5967403d082aa24f35e1b516d23) [PhysX] Initialized MultithreadedTaskDispatcher with 20 workers.
 -> (artifact id: 'd9a5e20475b8f1e11cb981242ccbb78a') in 0.009964 seconds
Number of updated asset objects reloaded before import = 0
Number of asset objects unloaded after import = 3
========================================================================
Received Import Request.
  Time since last request: 0.000019 seconds.
  path: Assets/Violet Theme Ui/Prefab/Slider/Slider Pink.prefab
  artifactKey: Guid(deb74c011ed65e948aefa0c2766deab3) Importer(2089858483,0ecaa5967403d082aa24f35e1b516d23)
Start importing Assets/Violet Theme Ui/Prefab/Slider/Slider Pink.prefab using Guid(deb74c011ed65e948aefa0c2766deab3) Importer(2089858483,0ecaa5967403d082aa24f35e1b516d23) [PhysX] Initialized MultithreadedTaskDispatcher with 20 workers.
 -> (artifact id: '751adbfc850cd93755fa0f328fe40be1') in 0.008219 seconds
Number of updated asset objects reloaded before import = 0
Number of asset objects unloaded after import = 24
========================================================================
Received Import Request.
  Time since last request: 0.000016 seconds.
  path: Assets/Violet Theme Ui/White Icons/White Web.png
  artifactKey: Guid(4b8fca21cb4fa904fbb933061b8cddae) Importer(2089858483,0ecaa5967403d082aa24f35e1b516d23)
Start importing Assets/Violet Theme Ui/White Icons/White Web.png using Guid(4b8fca21cb4fa904fbb933061b8cddae) Importer(2089858483,0ecaa5967403d082aa24f35e1b516d23) [PhysX] Initialized MultithreadedTaskDispatcher with 20 workers.
 -> (artifact id: '54508517a8a857e62a0393e6fd32f0fa') in 0.014041 seconds
Number of updated asset objects reloaded before import = 0
Number of asset objects unloaded after import = 11
========================================================================
Received Import Request.
  Time since last request: 0.000021 seconds.
  path: Assets/Violet Theme Ui/Panels/White Panel Style 2 Red.png
  artifactKey: Guid(569253e328586674eba74c04f64f41ec) Importer(2089858483,0ecaa5967403d082aa24f35e1b516d23)
Start importing Assets/Violet Theme Ui/Panels/White Panel Style 2 Red.png using Guid(569253e328586674eba74c04f64f41ec) Importer(2089858483,0ecaa5967403d082aa24f35e1b516d23) [PhysX] Initialized MultithreadedTaskDispatcher with 20 workers.
 -> (artifact id: '901b91fd810c11a7173a0d2886406e4f') in 0.011515 seconds
Number of updated asset objects reloaded before import = 0
Number of asset objects unloaded after import = 3
========================================================================
Received Import Request.
  Time since last request: 0.000022 seconds.
  path: Assets/Violet Theme Ui/White Icons/White Sound 1.png
  artifactKey: Guid(2293d4ac693b35d43a45f9b03ce06c9e) Importer(2089858483,0ecaa5967403d082aa24f35e1b516d23)
Start importing Assets/Violet Theme Ui/White Icons/White Sound 1.png using Guid(2293d4ac693b35d43a45f9b03ce06c9e) Importer(2089858483,0ecaa5967403d082aa24f35e1b516d23) [PhysX] Initialized MultithreadedTaskDispatcher with 20 workers.
 -> (artifact id: '3fd64f7de1f1db68c151b94694560504') in 0.009734 seconds
Number of updated asset objects reloaded before import = 0
Number of asset objects unloaded after import = 6
========================================================================
Received Import Request.
  Time since last request: 0.000015 seconds.
  path: Assets/Violet Theme Ui/White Icons/White Select.png
  artifactKey: Guid(ec6d4013dd0c2c341b85e1f37aecaf15) Importer(2089858483,0ecaa5967403d082aa24f35e1b516d23)
Start importing Assets/Violet Theme Ui/White Icons/White Select.png using Guid(ec6d4013dd0c2c341b85e1f37aecaf15) Importer(2089858483,0ecaa5967403d082aa24f35e1b516d23) [PhysX] Initialized MultithreadedTaskDispatcher with 20 workers.
 -> (artifact id: 'd8c4941196aad95fc60149ccf542ee63') in 0.010597 seconds
Number of updated asset objects reloaded before import = 0
Number of asset objects unloaded after import = 5
========================================================================
Received Import Request.
  Time since last request: 0.000015 seconds.
  path: Assets/Violet Theme Ui/White Icons/White Female.png
  artifactKey: Guid(34bf72806fa81cb4a871018b3fa1f88c) Importer(2089858483,0ecaa5967403d082aa24f35e1b516d23)
Start importing Assets/Violet Theme Ui/White Icons/White Female.png using Guid(34bf72806fa81cb4a871018b3fa1f88c) Importer(2089858483,0ecaa5967403d082aa24f35e1b516d23) [PhysX] Initialized MultithreadedTaskDispatcher with 20 workers.
 -> (artifact id: 'fa140ee830f265d954eed06d7c5c1184') in 0.007814 seconds
Number of updated asset objects reloaded before import = 0
Number of asset objects unloaded after import = 3
========================================================================
Received Import Request.
  Time since last request: 0.000017 seconds.
  path: Assets/Violet Theme Ui/White Icons/White Stop.png
  artifactKey: Guid(2dbb2668687622a44821e1b317d5baed) Importer(2089858483,0ecaa5967403d082aa24f35e1b516d23)
Start importing Assets/Violet Theme Ui/White Icons/White Stop.png using Guid(2dbb2668687622a44821e1b317d5baed) Importer(2089858483,0ecaa5967403d082aa24f35e1b516d23) [PhysX] Initialized MultithreadedTaskDispatcher with 20 workers.
 -> (artifact id: 'e38b991525bb8c9c42711d0c9f1abe3c') in 0.008757 seconds
Number of updated asset objects reloaded before import = 0
Number of asset objects unloaded after import = 3
========================================================================
Received Import Request.
  Time since last request: 0.000017 seconds.
  path: Assets/Violet Theme Ui/White Icons/White Return 2.png
  artifactKey: Guid(c1cc38a044718ba4ba4bfa2e1538b4d8) Importer(2089858483,0ecaa5967403d082aa24f35e1b516d23)
Start importing Assets/Violet Theme Ui/White Icons/White Return 2.png using Guid(c1cc38a044718ba4ba4bfa2e1538b4d8) Importer(2089858483,0ecaa5967403d082aa24f35e1b516d23) [PhysX] Initialized MultithreadedTaskDispatcher with 20 workers.
 -> (artifact id: '8865ca566cffb910bc9a1c5077413ef9') in 0.007712 seconds
Number of updated asset objects reloaded before import = 0
Number of asset objects unloaded after import = 3
========================================================================
Received Import Request.
  Time since last request: 0.000017 seconds.
  path: Assets/Violet Theme Ui/White Icons/White At.png
  artifactKey: Guid(5951865552a79d447a4bf1d41f58c9a6) Importer(2089858483,0ecaa5967403d082aa24f35e1b516d23)
Start importing Assets/Violet Theme Ui/White Icons/White At.png using Guid(5951865552a79d447a4bf1d41f58c9a6) Importer(2089858483,0ecaa5967403d082aa24f35e1b516d23) [PhysX] Initialized MultithreadedTaskDispatcher with 20 workers.
 -> (artifact id: '54787e1bab793f4dfecfd2ac2d7684c4') in 0.007649 seconds
Number of updated asset objects reloaded before import = 0
Number of asset objects unloaded after import = 3
========================================================================
Received Import Request.
  Time since last request: 0.000014 seconds.
  path: Assets/Violet Theme Ui/Colored Icons/Right.png
  artifactKey: Guid(8cfc3be0827dfcb4584b460907d7a761) Importer(2089858483,0ecaa5967403d082aa24f35e1b516d23)
Start importing Assets/Violet Theme Ui/Colored Icons/Right.png using Guid(8cfc3be0827dfcb4584b460907d7a761) Importer(2089858483,0ecaa5967403d082aa24f35e1b516d23) [PhysX] Initialized MultithreadedTaskDispatcher with 20 workers.
 -> (artifact id: '8ef10592b9ccf3a0b893ac42a41b9c94') in 0.009481 seconds
Number of updated asset objects reloaded before import = 0
Number of asset objects unloaded after import = 3
========================================================================
Received Import Request.
  Time since last request: 0.000018 seconds.
  path: Assets/Violet Theme Ui/White Icons/White Compress.png
  artifactKey: Guid(3133d4ad30dcfce4c8c365055d6645c7) Importer(2089858483,0ecaa5967403d082aa24f35e1b516d23)
Start importing Assets/Violet Theme Ui/White Icons/White Compress.png using Guid(3133d4ad30dcfce4c8c365055d6645c7) Importer(2089858483,0ecaa5967403d082aa24f35e1b516d23) [PhysX] Initialized MultithreadedTaskDispatcher with 20 workers.
 -> (artifact id: 'e8a76663403f6fc89d25224e75d94821') in 0.011049 seconds
Number of updated asset objects reloaded before import = 0
Number of asset objects unloaded after import = 6
========================================================================
Received Import Request.
  Time since last request: 0.000018 seconds.
  path: Assets/Violet Theme Ui/White Icons/White Files.png
  artifactKey: Guid(d9af747b46e353d4fba5fda3cba7b90e) Importer(2089858483,0ecaa5967403d082aa24f35e1b516d23)
Start importing Assets/Violet Theme Ui/White Icons/White Files.png using Guid(d9af747b46e353d4fba5fda3cba7b90e) Importer(2089858483,0ecaa5967403d082aa24f35e1b516d23) [PhysX] Initialized MultithreadedTaskDispatcher with 20 workers.
 -> (artifact id: 'ef8ab470f9dfec6b1274b0fc238a70a5') in 0.011411 seconds
Number of updated asset objects reloaded before import = 0
Number of asset objects unloaded after import = 4
========================================================================
Received Import Request.
  Time since last request: 0.000017 seconds.
  path: Assets/Violet Theme Ui/White Icons/White Lock.png
  artifactKey: Guid(8475a027dba8b0f4aabc4ddb1462b53c) Importer(2089858483,0ecaa5967403d082aa24f35e1b516d23)
Start importing Assets/Violet Theme Ui/White Icons/White Lock.png using Guid(8475a027dba8b0f4aabc4ddb1462b53c) Importer(2089858483,0ecaa5967403d082aa24f35e1b516d23) [PhysX] Initialized MultithreadedTaskDispatcher with 20 workers.
 -> (artifact id: 'ece2e7c0e67e1dbc9045b29584c0210a') in 0.007713 seconds
Number of updated asset objects reloaded before import = 0
Number of asset objects unloaded after import = 3
========================================================================
Received Import Request.
  Time since last request: 0.000017 seconds.
  path: Assets/Violet Theme Ui/Colored Icons/Battery.png
  artifactKey: Guid(4373b5a1916f3a8468bc2b0fdefa655e) Importer(2089858483,0ecaa5967403d082aa24f35e1b516d23)
Start importing Assets/Violet Theme Ui/Colored Icons/Battery.png using Guid(4373b5a1916f3a8468bc2b0fdefa655e) Importer(2089858483,0ecaa5967403d082aa24f35e1b516d23) [PhysX] Initialized MultithreadedTaskDispatcher with 20 workers.
 -> (artifact id: '290919d71a10579c63832443da6c0155') in 0.007682 seconds
Number of updated asset objects reloaded before import = 0
Number of asset objects unloaded after import = 3
========================================================================
Received Import Request.
  Time since last request: 0.000016 seconds.
  path: Assets/Violet Theme Ui/White Icons/White Euro.png
  artifactKey: Guid(b61bb04c4a92bb847a8974db2bf4c33b) Importer(2089858483,0ecaa5967403d082aa24f35e1b516d23)
Start importing Assets/Violet Theme Ui/White Icons/White Euro.png using Guid(b61bb04c4a92bb847a8974db2bf4c33b) Importer(2089858483,0ecaa5967403d082aa24f35e1b516d23) [PhysX] Initialized MultithreadedTaskDispatcher with 20 workers.
 -> (artifact id: '5c7243cea2d5cd49df780ff00fcd4581') in 0.009586 seconds
Number of updated asset objects reloaded before import = 0
Number of asset objects unloaded after import = 3
========================================================================
Received Import Request.
  Time since last request: 0.000023 seconds.
  path: Assets/Violet Theme Ui/Colored Icons/Heart Dark.png
  artifactKey: Guid(c52c66e8c335c1640a21e3d2c274bfd7) Importer(2089858483,0ecaa5967403d082aa24f35e1b516d23)
Start importing Assets/Violet Theme Ui/Colored Icons/Heart Dark.png using Guid(c52c66e8c335c1640a21e3d2c274bfd7) Importer(2089858483,0ecaa5967403d082aa24f35e1b516d23) [PhysX] Initialized MultithreadedTaskDispatcher with 20 workers.
 -> (artifact id: '9798fd402d63216e71fd61933b570d14') in 0.010153 seconds
Number of updated asset objects reloaded before import = 0
Number of asset objects unloaded after import = 3
========================================================================
Received Import Request.
  Time since last request: 0.000017 seconds.
  path: Assets/Violet Theme Ui/Buttons/Button Orange.png
  artifactKey: Guid(7ed010a2b51d0fb4f9fee6a47b1334fd) Importer(2089858483,0ecaa5967403d082aa24f35e1b516d23)
Start importing Assets/Violet Theme Ui/Buttons/Button Orange.png using Guid(7ed010a2b51d0fb4f9fee6a47b1334fd) Importer(2089858483,0ecaa5967403d082aa24f35e1b516d23) [PhysX] Initialized MultithreadedTaskDispatcher with 20 workers.
 -> (artifact id: 'd5505e5760483e8af5e318437c1cff13') in 0.007572 seconds
Number of updated asset objects reloaded before import = 0
Number of asset objects unloaded after import = 3
========================================================================
Received Import Request.
  Time since last request: 0.000015 seconds.
  path: Assets/Violet Theme Ui/Buttons/Misc/80x80 Background.png
  artifactKey: Guid(a64f98d7a00501442ae40845562f1c20) Importer(2089858483,0ecaa5967403d082aa24f35e1b516d23)
Start importing Assets/Violet Theme Ui/Buttons/Misc/80x80 Background.png using Guid(a64f98d7a00501442ae40845562f1c20) Importer(2089858483,0ecaa5967403d082aa24f35e1b516d23) [PhysX] Initialized MultithreadedTaskDispatcher with 20 workers.
 -> (artifact id: '7f6caeb8b6da59db921b39933cdda684') in 0.009360 seconds
Number of updated asset objects reloaded before import = 0
Number of asset objects unloaded after import = 3
========================================================================
Received Import Request.
  Time since last request: 0.000018 seconds.
  path: Assets/Violet Theme Ui/Buttons/Misc/Small Square Button Pink.png
  artifactKey: Guid(7c8ff58917aad254bbee16daeba7b32b) Importer(2089858483,0ecaa5967403d082aa24f35e1b516d23)
Start importing Assets/Violet Theme Ui/Buttons/Misc/Small Square Button Pink.png using Guid(7c8ff58917aad254bbee16daeba7b32b) Importer(2089858483,0ecaa5967403d082aa24f35e1b516d23) [PhysX] Initialized MultithreadedTaskDispatcher with 20 workers.
 -> (artifact id: '7aeac0a51815b7f5209770560e7264df') in 0.007481 seconds
Number of updated asset objects reloaded before import = 0
Number of asset objects unloaded after import = 3
========================================================================
Received Import Request.
  Time since last request: 0.000016 seconds.
  path: Assets/Violet Theme Ui/Progress Bars
  artifactKey: Guid(a948eca051389b346a5b3d23e76aed90) Importer(2089858483,0ecaa5967403d082aa24f35e1b516d23)
Start importing Assets/Violet Theme Ui/Progress Bars using Guid(a948eca051389b346a5b3d23e76aed90) Importer(2089858483,0ecaa5967403d082aa24f35e1b516d23) [PhysX] Initialized MultithreadedTaskDispatcher with 20 workers.
 -> (artifact id: 'c4940671e44bacdc7826051301c5dfcc') in 0.002739 seconds
Number of updated asset objects reloaded before import = 0
Number of asset objects unloaded after import = 1
========================================================================
Received Import Request.
  Time since last request: 0.000018 seconds.
  path: Assets/Violet Theme Ui/Prefab/Slider/Slider Yellow.prefab
  artifactKey: Guid(267d0f0f1215e9b4585dbf0e33830747) Importer(2089858483,0ecaa5967403d082aa24f35e1b516d23)
Start importing Assets/Violet Theme Ui/Prefab/Slider/Slider Yellow.prefab using Guid(267d0f0f1215e9b4585dbf0e33830747) Importer(2089858483,0ecaa5967403d082aa24f35e1b516d23) [PhysX] Initialized MultithreadedTaskDispatcher with 20 workers.
 -> (artifact id: '522ddfec326254a04a5bb6256165c741') in 0.012560 seconds
Number of updated asset objects reloaded before import = 0
Number of asset objects unloaded after import = 24
========================================================================
Received Import Request.
  Time since last request: 0.000029 seconds.
  path: Assets/Violet Theme Ui/White Icons/White Light.png
  artifactKey: Guid(bb9e6f3dfe556f944bd5b17e5bca4877) Importer(2089858483,0ecaa5967403d082aa24f35e1b516d23)
Start importing Assets/Violet Theme Ui/White Icons/White Light.png using Guid(bb9e6f3dfe556f944bd5b17e5bca4877) Importer(2089858483,0ecaa5967403d082aa24f35e1b516d23) [PhysX] Initialized MultithreadedTaskDispatcher with 20 workers.
 -> (artifact id: '6871fe622a444bc9024b93dc775e6fc1') in 0.010887 seconds
Number of updated asset objects reloaded before import = 0
Number of asset objects unloaded after import = 5
========================================================================
Received Import Request.
  Time since last request: 0.000020 seconds.
  path: Assets/Violet Theme Ui/White Icons/White Plus 2.png
  artifactKey: Guid(a134bef9b57e6a041956476f631a3856) Importer(2089858483,0ecaa5967403d082aa24f35e1b516d23)
Start importing Assets/Violet Theme Ui/White Icons/White Plus 2.png using Guid(a134bef9b57e6a041956476f631a3856) Importer(2089858483,0ecaa5967403d082aa24f35e1b516d23) [PhysX] Initialized MultithreadedTaskDispatcher with 20 workers.
 -> (artifact id: '9104c91b0e09d5ee08c7779fb9ca3eef') in 0.008988 seconds
Number of updated asset objects reloaded before import = 0
Number of asset objects unloaded after import = 3
========================================================================
Received Import Request.
  Time since last request: 0.000018 seconds.
  path: Assets/Violet Theme Ui/White Icons/White Timer 2.png
  artifactKey: Guid(0dd9750f26cf0434baf1516e7c266401) Importer(2089858483,0ecaa5967403d082aa24f35e1b516d23)
Start importing Assets/Violet Theme Ui/White Icons/White Timer 2.png using Guid(0dd9750f26cf0434baf1516e7c266401) Importer(2089858483,0ecaa5967403d082aa24f35e1b516d23) [PhysX] Initialized MultithreadedTaskDispatcher with 20 workers.
 -> (artifact id: '52d7c96abfecf03de9ad9e441d8dc20f') in 0.012203 seconds
Number of updated asset objects reloaded before import = 0
Number of asset objects unloaded after import = 6
========================================================================
Received Import Request.
  Time since last request: 0.000023 seconds.
  path: Assets/Violet Theme Ui/White Icons/White Ticket 1.png
  artifactKey: Guid(ec54653b15ab7cd4eb4ed673dd499fc4) Importer(2089858483,0ecaa5967403d082aa24f35e1b516d23)
Start importing Assets/Violet Theme Ui/White Icons/White Ticket 1.png using Guid(ec54653b15ab7cd4eb4ed673dd499fc4) Importer(2089858483,0ecaa5967403d082aa24f35e1b516d23) [PhysX] Initialized MultithreadedTaskDispatcher with 20 workers.
 -> (artifact id: '96223654231a656ae51dbe8bf9b62b03') in 0.010608 seconds
Number of updated asset objects reloaded before import = 0
Number of asset objects unloaded after import = 3
========================================================================
Received Import Request.
  Time since last request: 0.000029 seconds.
  path: Assets/Violet Theme Ui/White Icons/White Information.png
  artifactKey: Guid(7ed4c93d3afd02545b55f22fda5c1a6b) Importer(2089858483,0ecaa5967403d082aa24f35e1b516d23)
Start importing Assets/Violet Theme Ui/White Icons/White Information.png using Guid(7ed4c93d3afd02545b55f22fda5c1a6b) Importer(2089858483,0ecaa5967403d082aa24f35e1b516d23) [PhysX] Initialized MultithreadedTaskDispatcher with 20 workers.
 -> (artifact id: '524815177daf45391531929a35404d8c') in 0.009079 seconds
Number of updated asset objects reloaded before import = 0
Number of asset objects unloaded after import = 4
========================================================================
Received Import Request.
  Time since last request: 0.000027 seconds.
  path: Assets/Violet Theme Ui/White Icons/White Twitter.png
  artifactKey: Guid(c7414491d01abe14aa617ae2f3dc221f) Importer(2089858483,0ecaa5967403d082aa24f35e1b516d23)
Start importing Assets/Violet Theme Ui/White Icons/White Twitter.png using Guid(c7414491d01abe14aa617ae2f3dc221f) Importer(2089858483,0ecaa5967403d082aa24f35e1b516d23) [PhysX] Initialized MultithreadedTaskDispatcher with 20 workers.
 -> (artifact id: 'e3f6c7757e5655bfbd7ef33ce51cb615') in 0.011459 seconds
Number of updated asset objects reloaded before import = 0
Number of asset objects unloaded after import = 3
========================================================================
Received Import Request.
  Time since last request: 0.000019 seconds.
  path: Assets/Violet Theme Ui/White Icons/White Number Sign.png
  artifactKey: Guid(8d4e5c67b99afd5449e950322516ba1c) Importer(2089858483,0ecaa5967403d082aa24f35e1b516d23)
Start importing Assets/Violet Theme Ui/White Icons/White Number Sign.png using Guid(8d4e5c67b99afd5449e950322516ba1c) Importer(2089858483,0ecaa5967403d082aa24f35e1b516d23) [PhysX] Initialized MultithreadedTaskDispatcher with 20 workers.
 -> (artifact id: '305c143ebb357eee6647faba143f330f') in 0.007921 seconds
Number of updated asset objects reloaded before import = 0
Number of asset objects unloaded after import = 3
========================================================================
Received Import Request.
  Time since last request: 0.000015 seconds.
  path: Assets/Violet Theme Ui/White Icons/White Chest.png
  artifactKey: Guid(062478d802b535644af9b437b81a8bec) Importer(2089858483,0ecaa5967403d082aa24f35e1b516d23)
Start importing Assets/Violet Theme Ui/White Icons/White Chest.png using Guid(062478d802b535644af9b437b81a8bec) Importer(2089858483,0ecaa5967403d082aa24f35e1b516d23) [PhysX] Initialized MultithreadedTaskDispatcher with 20 workers.
 -> (artifact id: '87d4ab72dcc054075be5e70423cc918e') in 0.013185 seconds
Number of updated asset objects reloaded before import = 0
Number of asset objects unloaded after import = 6
========================================================================
Received Import Request.
  Time since last request: 0.000016 seconds.
  path: Assets/Violet Theme Ui/Buttons/Button Purple.png
  artifactKey: Guid(4046d85c2755cda44b0f81bbd3d35cb0) Importer(2089858483,0ecaa5967403d082aa24f35e1b516d23)
Start importing Assets/Violet Theme Ui/Buttons/Button Purple.png using Guid(4046d85c2755cda44b0f81bbd3d35cb0) Importer(2089858483,0ecaa5967403d082aa24f35e1b516d23) [PhysX] Initialized MultithreadedTaskDispatcher with 20 workers.
 -> (artifact id: 'e1faf17b9eb5f03197ca3c08c5c527fd') in 0.007481 seconds
Number of updated asset objects reloaded before import = 0
Number of asset objects unloaded after import = 3
========================================================================
Received Import Request.
  Time since last request: 0.000015 seconds.
  path: Assets/Violet Theme Ui/White Icons/White Wheel.png
  artifactKey: Guid(41dcbeafee6a13c45b2f1eff0a28dbd2) Importer(2089858483,0ecaa5967403d082aa24f35e1b516d23)
Start importing Assets/Violet Theme Ui/White Icons/White Wheel.png using Guid(41dcbeafee6a13c45b2f1eff0a28dbd2) Importer(2089858483,0ecaa5967403d082aa24f35e1b516d23) [PhysX] Initialized MultithreadedTaskDispatcher with 20 workers.
 -> (artifact id: '8a757cdd8cf37be38736e0aa4aa27f95') in 0.007973 seconds
Number of updated asset objects reloaded before import = 0
Number of asset objects unloaded after import = 3
========================================================================
Received Import Request.
  Time since last request: 0.000016 seconds.
  path: Assets/Violet Theme Ui/Prefab/Progress Bar/Progress Bar Yellow.prefab
  artifactKey: Guid(d6f410522b454554b8eda2d4e8082699) Importer(2089858483,0ecaa5967403d082aa24f35e1b516d23)
Start importing Assets/Violet Theme Ui/Prefab/Progress Bar/Progress Bar Yellow.prefab using Guid(d6f410522b454554b8eda2d4e8082699) Importer(2089858483,0ecaa5967403d082aa24f35e1b516d23) [PhysX] Initialized MultithreadedTaskDispatcher with 20 workers.
 -> (artifact id: 'a3d027687cd9e9aa716917c67e8b3866') in 0.008952 seconds
Number of updated asset objects reloaded before import = 0
Number of asset objects unloaded after import = 17
========================================================================
Received Import Request.
  Time since last request: 0.000015 seconds.
  path: Assets/Violet Theme Ui/White Icons/White Dollar Sign.png
  artifactKey: Guid(e90101c24802e674ab7f6c4baa5772bc) Importer(2089858483,0ecaa5967403d082aa24f35e1b516d23)
Start importing Assets/Violet Theme Ui/White Icons/White Dollar Sign.png using Guid(e90101c24802e674ab7f6c4baa5772bc) Importer(2089858483,0ecaa5967403d082aa24f35e1b516d23) [PhysX] Initialized MultithreadedTaskDispatcher with 20 workers.
 -> (artifact id: '4f242f1b1d5a3acf95de5940da3789fb') in 0.008160 seconds
Number of updated asset objects reloaded before import = 0
Number of asset objects unloaded after import = 3
========================================================================
Received Import Request.
  Time since last request: 0.000016 seconds.
  path: Assets/Violet Theme Ui/White Icons/White Castle 1.png
  artifactKey: Guid(7750fcabc27e4464c94dd37eabcdb89d) Importer(2089858483,0ecaa5967403d082aa24f35e1b516d23)
Start importing Assets/Violet Theme Ui/White Icons/White Castle 1.png using Guid(7750fcabc27e4464c94dd37eabcdb89d) Importer(2089858483,0ecaa5967403d082aa24f35e1b516d23) [PhysX] Initialized MultithreadedTaskDispatcher with 20 workers.
 -> (artifact id: '1bc62db8994a745d2f277cb40563b061') in 0.015674 seconds
Number of updated asset objects reloaded before import = 0
Number of asset objects unloaded after import = 7
========================================================================
Received Import Request.
  Time since last request: 0.000015 seconds.
  path: Assets/Violet Theme Ui/Buttons/Misc/Menu Background.png
  artifactKey: Guid(f0b4dc9b8fe390b4597ba9c379657d44) Importer(2089858483,0ecaa5967403d082aa24f35e1b516d23)
Start importing Assets/Violet Theme Ui/Buttons/Misc/Menu Background.png using Guid(f0b4dc9b8fe390b4597ba9c379657d44) Importer(2089858483,0ecaa5967403d082aa24f35e1b516d23) [PhysX] Initialized MultithreadedTaskDispatcher with 20 workers.
 -> (artifact id: '87edbaf719d349ad9cd03e761379ba2b') in 0.008848 seconds
Number of updated asset objects reloaded before import = 0
Number of asset objects unloaded after import = 3
========================================================================
Received Import Request.
  Time since last request: 0.000020 seconds.
  path: Assets/Violet Theme Ui/White Icons/White Sad 2.png
  artifactKey: Guid(62dadbd0ca1177440ba81798078781b7) Importer(2089858483,0ecaa5967403d082aa24f35e1b516d23)
Start importing Assets/Violet Theme Ui/White Icons/White Sad 2.png using Guid(62dadbd0ca1177440ba81798078781b7) Importer(2089858483,0ecaa5967403d082aa24f35e1b516d23) [PhysX] Initialized MultithreadedTaskDispatcher with 20 workers.
 -> (artifact id: '0ec3d7c9a3fed7e10acc648c5914e4c7') in 0.009579 seconds
Number of updated asset objects reloaded before import = 0
Number of asset objects unloaded after import = 3
========================================================================
Received Import Request.
  Time since last request: 0.000016 seconds.
  path: Assets/Violet Theme Ui/Panels/Dark Panels Style 2 Blue.png
  artifactKey: Guid(c0e73a4e12747dd46b7ca90d2284fb29) Importer(2089858483,0ecaa5967403d082aa24f35e1b516d23)
Start importing Assets/Violet Theme Ui/Panels/Dark Panels Style 2 Blue.png using Guid(c0e73a4e12747dd46b7ca90d2284fb29) Importer(2089858483,0ecaa5967403d082aa24f35e1b516d23) [PhysX] Initialized MultithreadedTaskDispatcher with 20 workers.
 -> (artifact id: '19a00b24e5dea9c7119a2a1cb86ec6be') in 0.010189 seconds
Number of updated asset objects reloaded before import = 0
Number of asset objects unloaded after import = 3
========================================================================
Received Import Request.
  Time since last request: 0.000015 seconds.
  path: Assets/Violet Theme Ui/White Icons/White Pen 2.png
  artifactKey: Guid(69e2f2307b0899a42b732adfca11d753) Importer(2089858483,0ecaa5967403d082aa24f35e1b516d23)
Start importing Assets/Violet Theme Ui/White Icons/White Pen 2.png using Guid(69e2f2307b0899a42b732adfca11d753) Importer(2089858483,0ecaa5967403d082aa24f35e1b516d23) [PhysX] Initialized MultithreadedTaskDispatcher with 20 workers.
 -> (artifact id: '5b32a73e85e29a881e57e36613cbdfd1') in 0.010904 seconds
Number of updated asset objects reloaded before import = 0
Number of asset objects unloaded after import = 5
========================================================================
Received Import Request.
  Time since last request: 0.000014 seconds.
  path: Assets/Violet Theme Ui/Sliders/Fill Pink.png
  artifactKey: Guid(e13090386b0ba8948876eaafcac9a9af) Importer(2089858483,0ecaa5967403d082aa24f35e1b516d23)
Start importing Assets/Violet Theme Ui/Sliders/Fill Pink.png using Guid(e13090386b0ba8948876eaafcac9a9af) Importer(2089858483,0ecaa5967403d082aa24f35e1b516d23) [PhysX] Initialized MultithreadedTaskDispatcher with 20 workers.
 -> (artifact id: '513666b2c2f21569d27d96b894d2c33d') in 0.007846 seconds
Number of updated asset objects reloaded before import = 0
Number of asset objects unloaded after import = 3
========================================================================
Received Import Request.
  Time since last request: 0.000021 seconds.
  path: Assets/Violet Theme Ui/White Icons/White Move Right.png
  artifactKey: Guid(82c5eba1019f4ae44b8e5408c3065e65) Importer(2089858483,0ecaa5967403d082aa24f35e1b516d23)
Start importing Assets/Violet Theme Ui/White Icons/White Move Right.png using Guid(82c5eba1019f4ae44b8e5408c3065e65) Importer(2089858483,0ecaa5967403d082aa24f35e1b516d23) [PhysX] Initialized MultithreadedTaskDispatcher with 20 workers.
 -> (artifact id: 'c0ea699ec5bbddb5bf775b30874e1e16') in 0.009774 seconds
Number of updated asset objects reloaded before import = 0
Number of asset objects unloaded after import = 3
========================================================================
Received Import Request.
  Time since last request: 0.000021 seconds.
  path: Assets/Violet Theme Ui/White Icons/White Sad 3.png
  artifactKey: Guid(6497b622777a0104082e8e00b499dd0d) Importer(2089858483,0ecaa5967403d082aa24f35e1b516d23)
Start importing Assets/Violet Theme Ui/White Icons/White Sad 3.png using Guid(6497b622777a0104082e8e00b499dd0d) Importer(2089858483,0ecaa5967403d082aa24f35e1b516d23) [PhysX] Initialized MultithreadedTaskDispatcher with 20 workers.
 -> (artifact id: '656cbd11d9b3a09d91d4a29ddf71db52') in 0.010178 seconds
Number of updated asset objects reloaded before import = 0
Number of asset objects unloaded after import = 3
========================================================================
Received Import Request.
  Time since last request: 0.000030 seconds.
  path: Assets/Violet Theme Ui/Panels/Dark Panel Purple.png
  artifactKey: Guid(f013fbdef39944b438a519b1307f1ba6) Importer(2089858483,0ecaa5967403d082aa24f35e1b516d23)
Start importing Assets/Violet Theme Ui/Panels/Dark Panel Purple.png using Guid(f013fbdef39944b438a519b1307f1ba6) Importer(2089858483,0ecaa5967403d082aa24f35e1b516d23) [PhysX] Initialized MultithreadedTaskDispatcher with 20 workers.
 -> (artifact id: '83ab3cc724b6acddf0c952868b338203') in 0.012354 seconds
Number of updated asset objects reloaded before import = 0
Number of asset objects unloaded after import = 3
========================================================================
Received Import Request.
  Time since last request: 0.000032 seconds.
  path: Assets/Violet Theme Ui/White Icons/White Star.png
  artifactKey: Guid(5823f577f85850f4ead3867ad470e293) Importer(2089858483,0ecaa5967403d082aa24f35e1b516d23)
Start importing Assets/Violet Theme Ui/White Icons/White Star.png using Guid(5823f577f85850f4ead3867ad470e293) Importer(2089858483,0ecaa5967403d082aa24f35e1b516d23) [PhysX] Initialized MultithreadedTaskDispatcher with 20 workers.
 -> (artifact id: '4ca5fb114ac32e1cf80a6cfcc035dfa8') in 0.010666 seconds
Number of updated asset objects reloaded before import = 0
Number of asset objects unloaded after import = 3
========================================================================
Received Import Request.
  Time since last request: 0.000019 seconds.
  path: Assets/Violet Theme Ui/White Icons/White Bag 2.png
  artifactKey: Guid(f7490f85e5d705040a645c70dfc50673) Importer(2089858483,0ecaa5967403d082aa24f35e1b516d23)
Start importing Assets/Violet Theme Ui/White Icons/White Bag 2.png using Guid(f7490f85e5d705040a645c70dfc50673) Importer(2089858483,0ecaa5967403d082aa24f35e1b516d23) [PhysX] Initialized MultithreadedTaskDispatcher with 20 workers.
 -> (artifact id: 'd2e038fec0e7ee20ad74d406c3d0b99e') in 0.010071 seconds
Number of updated asset objects reloaded before import = 0
Number of asset objects unloaded after import = 6
========================================================================
Received Import Request.
  Time since last request: 0.000015 seconds.
  path: Assets/Violet Theme Ui/White Icons/White Alarm 2 off.png
  artifactKey: Guid(2e49d973a56a83b428bf9346752a6cf3) Importer(2089858483,0ecaa5967403d082aa24f35e1b516d23)
Start importing Assets/Violet Theme Ui/White Icons/White Alarm 2 off.png using Guid(2e49d973a56a83b428bf9346752a6cf3) Importer(2089858483,0ecaa5967403d082aa24f35e1b516d23) [PhysX] Initialized MultithreadedTaskDispatcher with 20 workers.
 -> (artifact id: 'efc554b34bc005ad88aebde42f51a7c2') in 0.011576 seconds
Number of updated asset objects reloaded before import = 0
Number of asset objects unloaded after import = 3
========================================================================
Received Import Request.
  Time since last request: 0.000016 seconds.
  path: Assets/Violet Theme Ui/Colored Icons/apple green.png
  artifactKey: Guid(375a132719b8f114aadcfda6bf62f8b1) Importer(2089858483,0ecaa5967403d082aa24f35e1b516d23)
Start importing Assets/Violet Theme Ui/Colored Icons/apple green.png using Guid(375a132719b8f114aadcfda6bf62f8b1) Importer(2089858483,0ecaa5967403d082aa24f35e1b516d23) [PhysX] Initialized MultithreadedTaskDispatcher with 20 workers.
 -> (artifact id: '8c9ce957ffcb2fa1ff71c3c4a0072635') in 0.008205 seconds
Number of updated asset objects reloaded before import = 0
Number of asset objects unloaded after import = 3
========================================================================
Received Import Request.
  Time since last request: 0.000018 seconds.
  path: Assets/Violet Theme Ui/White Icons/White Pouch.png
  artifactKey: Guid(a1f5b2c5d86661d4bb35db1d0f68df00) Importer(2089858483,0ecaa5967403d082aa24f35e1b516d23)
Start importing Assets/Violet Theme Ui/White Icons/White Pouch.png using Guid(a1f5b2c5d86661d4bb35db1d0f68df00) Importer(2089858483,0ecaa5967403d082aa24f35e1b516d23) [PhysX] Initialized MultithreadedTaskDispatcher with 20 workers.
 -> (artifact id: 'c8d9224fb143cab68c3eed19620d32ce') in 0.009043 seconds
Number of updated asset objects reloaded before import = 0
Number of asset objects unloaded after import = 4
========================================================================
Received Import Request.
  Time since last request: 0.000039 seconds.
  path: Assets/Violet Theme Ui/Switch/Switch On Red.png
  artifactKey: Guid(57bb1f0c009ff8a41a3bb184e99fd58d) Importer(2089858483,0ecaa5967403d082aa24f35e1b516d23)
Start importing Assets/Violet Theme Ui/Switch/Switch On Red.png using Guid(57bb1f0c009ff8a41a3bb184e99fd58d) Importer(2089858483,0ecaa5967403d082aa24f35e1b516d23) [PhysX] Initialized MultithreadedTaskDispatcher with 20 workers.
 -> (artifact id: '765513680c62c78ba29820752d32a92a') in 0.011474 seconds
Number of updated asset objects reloaded before import = 0
Number of asset objects unloaded after import = 3
========================================================================
Received Import Request.
  Time since last request: 0.000036 seconds.
  path: Assets/Violet Theme Ui/White Icons/White Bow.png
  artifactKey: Guid(139896ae9c7105140bf96a66f05e1c40) Importer(2089858483,0ecaa5967403d082aa24f35e1b516d23)
Start importing Assets/Violet Theme Ui/White Icons/White Bow.png using Guid(139896ae9c7105140bf96a66f05e1c40) Importer(2089858483,0ecaa5967403d082aa24f35e1b516d23) [PhysX] Initialized MultithreadedTaskDispatcher with 20 workers.
 -> (artifact id: 'a90ab9bab65261c2ba82a4cdf5bac053') in 0.010275 seconds
Number of updated asset objects reloaded before import = 0
Number of asset objects unloaded after import = 3
========================================================================
Received Import Request.
  Time since last request: 0.000019 seconds.
  path: Assets/Violet Theme Ui/Sliders/Fill Violet.png
  artifactKey: Guid(d0b5022270fc8a0409266ba1be38188b) Importer(2089858483,0ecaa5967403d082aa24f35e1b516d23)
Start importing Assets/Violet Theme Ui/Sliders/Fill Violet.png using Guid(d0b5022270fc8a0409266ba1be38188b) Importer(2089858483,0ecaa5967403d082aa24f35e1b516d23) [PhysX] Initialized MultithreadedTaskDispatcher with 20 workers.
 -> (artifact id: '28a1733f0ed3c1e4b001991de65e3d23') in 0.007667 seconds
Number of updated asset objects reloaded before import = 0
Number of asset objects unloaded after import = 3
========================================================================
Received Import Request.
  Time since last request: 0.000018 seconds.
  path: Assets/Violet Theme Ui/White Icons/White Wand 2.png
  artifactKey: Guid(c14665c097f14b14caf0f57089823f8c) Importer(2089858483,0ecaa5967403d082aa24f35e1b516d23)
Start importing Assets/Violet Theme Ui/White Icons/White Wand 2.png using Guid(c14665c097f14b14caf0f57089823f8c) Importer(2089858483,0ecaa5967403d082aa24f35e1b516d23) [PhysX] Initialized MultithreadedTaskDispatcher with 20 workers.
 -> (artifact id: 'f0cdf3d40cdf04f2fb9ff6ddcfc181d8') in 0.011727 seconds
Number of updated asset objects reloaded before import = 0
Number of asset objects unloaded after import = 5
========================================================================
Received Import Request.
  Time since last request: 0.000014 seconds.
  path: Assets/Violet Theme Ui/Colored Icons/Gem 2 Blue.png
  artifactKey: Guid(e5b82729baeb4b542bc3b0dbde0a1791) Importer(2089858483,0ecaa5967403d082aa24f35e1b516d23)
Start importing Assets/Violet Theme Ui/Colored Icons/Gem 2 Blue.png using Guid(e5b82729baeb4b542bc3b0dbde0a1791) Importer(2089858483,0ecaa5967403d082aa24f35e1b516d23) [PhysX] Initialized MultithreadedTaskDispatcher with 20 workers.
 -> (artifact id: '55f3b67cc687a95576503c9de5d4ccc6') in 0.009012 seconds
Number of updated asset objects reloaded before import = 0
Number of asset objects unloaded after import = 3
========================================================================
Received Import Request.
  Time since last request: 0.000020 seconds.
  path: Assets/Violet Theme Ui/White Icons/White Forward 2.png
  artifactKey: Guid(a7c255899314dbd40a7d17a78c90c216) Importer(2089858483,0ecaa5967403d082aa24f35e1b516d23)
Start importing Assets/Violet Theme Ui/White Icons/White Forward 2.png using Guid(a7c255899314dbd40a7d17a78c90c216) Importer(2089858483,0ecaa5967403d082aa24f35e1b516d23) [PhysX] Initialized MultithreadedTaskDispatcher with 20 workers.
 -> (artifact id: '414271d0423c111e6e8243d999f8f804') in 0.009460 seconds
Number of updated asset objects reloaded before import = 0
Number of asset objects unloaded after import = 3
========================================================================
Received Import Request.
  Time since last request: 0.000020 seconds.
  path: Assets/Violet Theme Ui/Progress Bars/Progress Bar Background.png
  artifactKey: Guid(3884787ef484b9641b8d705dfa15ea9d) Importer(2089858483,0ecaa5967403d082aa24f35e1b516d23)
Start importing Assets/Violet Theme Ui/Progress Bars/Progress Bar Background.png using Guid(3884787ef484b9641b8d705dfa15ea9d) Importer(2089858483,0ecaa5967403d082aa24f35e1b516d23) [PhysX] Initialized MultithreadedTaskDispatcher with 20 workers.
 -> (artifact id: '3a3247e08a27e54fedd50bdcbfdba01e') in 0.008855 seconds
Number of updated asset objects reloaded before import = 0
Number of asset objects unloaded after import = 3
========================================================================
Received Import Request.
  Time since last request: 0.000017 seconds.
  path: Assets/Violet Theme Ui/Colored Icons/Timer.png
  artifactKey: Guid(12d33c45df2a46642bbc13c03009055b) Importer(2089858483,0ecaa5967403d082aa24f35e1b516d23)
Start importing Assets/Violet Theme Ui/Colored Icons/Timer.png using Guid(12d33c45df2a46642bbc13c03009055b) Importer(2089858483,0ecaa5967403d082aa24f35e1b516d23) [PhysX] Initialized MultithreadedTaskDispatcher with 20 workers.
 -> (artifact id: '7b807e6e34bc33a77da66a01ed65e190') in 0.009085 seconds
Number of updated asset objects reloaded before import = 0
Number of asset objects unloaded after import = 3
========================================================================
Received Import Request.
  Time since last request: 0.000015 seconds.
  path: Assets/Violet Theme Ui/White Icons/White Cross Arows.png
  artifactKey: Guid(f74547b17045ca249b3758b6ed9bc68a) Importer(2089858483,0ecaa5967403d082aa24f35e1b516d23)
Start importing Assets/Violet Theme Ui/White Icons/White Cross Arows.png using Guid(f74547b17045ca249b3758b6ed9bc68a) Importer(2089858483,0ecaa5967403d082aa24f35e1b516d23) [PhysX] Initialized MultithreadedTaskDispatcher with 20 workers.
 -> (artifact id: '917fe745e296b1f53c3f6eb740e70b77') in 0.012009 seconds
Number of updated asset objects reloaded before import = 0
Number of asset objects unloaded after import = 4
========================================================================
Received Import Request.
  Time since last request: 0.000016 seconds.
  path: Assets/Violet Theme Ui/White Icons/White Ribbon 3.png
  artifactKey: Guid(6e8fe1c11cb1c8848a9d7b02b1cfe3c7) Importer(2089858483,0ecaa5967403d082aa24f35e1b516d23)
Start importing Assets/Violet Theme Ui/White Icons/White Ribbon 3.png using Guid(6e8fe1c11cb1c8848a9d7b02b1cfe3c7) Importer(2089858483,0ecaa5967403d082aa24f35e1b516d23) [PhysX] Initialized MultithreadedTaskDispatcher with 20 workers.
 -> (artifact id: '026be7507409f08e358400c2dfb52617') in 0.010902 seconds
Number of updated asset objects reloaded before import = 0
Number of asset objects unloaded after import = 6
========================================================================
Received Import Request.
  Time since last request: 0.000021 seconds.
  path: Assets/Violet Theme Ui/Colored Icons/Sack Of Coin.png
  artifactKey: Guid(1c959de863dbbf441a16e5ff5d2502f2) Importer(2089858483,0ecaa5967403d082aa24f35e1b516d23)
Start importing Assets/Violet Theme Ui/Colored Icons/Sack Of Coin.png using Guid(1c959de863dbbf441a16e5ff5d2502f2) Importer(2089858483,0ecaa5967403d082aa24f35e1b516d23) [PhysX] Initialized MultithreadedTaskDispatcher with 20 workers.
 -> (artifact id: '2a6413fc1ace256875f058d8e8e439eb') in 0.011612 seconds
Number of updated asset objects reloaded before import = 0
Number of asset objects unloaded after import = 3
========================================================================
Received Import Request.
  Time since last request: 0.000022 seconds.
  path: Assets/Violet Theme Ui/White Icons/White Tree.png
  artifactKey: Guid(06f6e9b8d9fbef64fbc145bc67b665ec) Importer(2089858483,0ecaa5967403d082aa24f35e1b516d23)
Start importing Assets/Violet Theme Ui/White Icons/White Tree.png using Guid(06f6e9b8d9fbef64fbc145bc67b665ec) Importer(2089858483,0ecaa5967403d082aa24f35e1b516d23) [PhysX] Initialized MultithreadedTaskDispatcher with 20 workers.
 -> (artifact id: 'c576b13561f3b1779b9675734b9943b1') in 0.008527 seconds
Number of updated asset objects reloaded before import = 0
Number of asset objects unloaded after import = 3
========================================================================
Received Import Request.
  Time since last request: 0.000016 seconds.
  path: Assets/Violet Theme Ui/White Icons/White Pen 3.png
  artifactKey: Guid(1d01e07c768243c47856aba5511eee63) Importer(2089858483,0ecaa5967403d082aa24f35e1b516d23)
Start importing Assets/Violet Theme Ui/White Icons/White Pen 3.png using Guid(1d01e07c768243c47856aba5511eee63) Importer(2089858483,0ecaa5967403d082aa24f35e1b516d23) [PhysX] Initialized MultithreadedTaskDispatcher with 20 workers.
 -> (artifact id: '077858d6ba61e336bd907c7f37d9158a') in 0.010983 seconds
Number of updated asset objects reloaded before import = 0
Number of asset objects unloaded after import = 4
========================================================================
Received Import Request.
  Time since last request: 0.000015 seconds.
  path: Assets/Violet Theme Ui/White Icons/White Cloud.png
  artifactKey: Guid(83c044260d3230e45b3a6cb006416df2) Importer(2089858483,0ecaa5967403d082aa24f35e1b516d23)
Start importing Assets/Violet Theme Ui/White Icons/White Cloud.png using Guid(83c044260d3230e45b3a6cb006416df2) Importer(2089858483,0ecaa5967403d082aa24f35e1b516d23) [PhysX] Initialized MultithreadedTaskDispatcher with 20 workers.
 -> (artifact id: '103069ada1ebffe187accef22c1a9358') in 0.013140 seconds
Number of updated asset objects reloaded before import = 0
Number of asset objects unloaded after import = 3
========================================================================
Received Import Request.
  Time since last request: 0.000020 seconds.
  path: Assets/Violet Theme Ui/Colored Icons/Potion Green.png
  artifactKey: Guid(fb249afeb0ff95a438e6aec12fdf762c) Importer(2089858483,0ecaa5967403d082aa24f35e1b516d23)
Start importing Assets/Violet Theme Ui/Colored Icons/Potion Green.png using Guid(fb249afeb0ff95a438e6aec12fdf762c) Importer(2089858483,0ecaa5967403d082aa24f35e1b516d23) [PhysX] Initialized MultithreadedTaskDispatcher with 20 workers.
 -> (artifact id: '452bce5e665478c46f396ea4e71c54c5') in 0.010301 seconds
Number of updated asset objects reloaded before import = 0
Number of asset objects unloaded after import = 3
========================================================================
Received Import Request.
  Time since last request: 0.000015 seconds.
  path: Assets/Violet Theme Ui/Buttons/Misc/Small Square Button Orange.png
  artifactKey: Guid(23a48ca1e983a4c47971fcf7eab26b89) Importer(2089858483,0ecaa5967403d082aa24f35e1b516d23)
Start importing Assets/Violet Theme Ui/Buttons/Misc/Small Square Button Orange.png using Guid(23a48ca1e983a4c47971fcf7eab26b89) Importer(2089858483,0ecaa5967403d082aa24f35e1b516d23) [PhysX] Initialized MultithreadedTaskDispatcher with 20 workers.
 -> (artifact id: '123d65009d6f000bc9b33e4c3696c10d') in 0.009522 seconds
Number of updated asset objects reloaded before import = 0
Number of asset objects unloaded after import = 3
========================================================================
Received Import Request.
  Time since last request: 0.000018 seconds.
  path: Assets/Violet Theme Ui/White Icons/White Close 2.png
  artifactKey: Guid(578fc686cfcf7b848b77f202915a9e02) Importer(2089858483,0ecaa5967403d082aa24f35e1b516d23)
Start importing Assets/Violet Theme Ui/White Icons/White Close 2.png using Guid(578fc686cfcf7b848b77f202915a9e02) Importer(2089858483,0ecaa5967403d082aa24f35e1b516d23) [PhysX] Initialized MultithreadedTaskDispatcher with 20 workers.
 -> (artifact id: 'e559eac867775ea011edbd062f1a3ef6') in 0.008569 seconds
Number of updated asset objects reloaded before import = 0
Number of asset objects unloaded after import = 3
========================================================================
Received Import Request.
  Time since last request: 0.000015 seconds.
  path: Assets/Violet Theme Ui/Prefab/Toggles
  artifactKey: Guid(869bf0dc263fcfa468af64dc3fd5c842) Importer(2089858483,0ecaa5967403d082aa24f35e1b516d23)
Start importing Assets/Violet Theme Ui/Prefab/Toggles using Guid(869bf0dc263fcfa468af64dc3fd5c842) Importer(2089858483,0ecaa5967403d082aa24f35e1b516d23) [PhysX] Initialized MultithreadedTaskDispatcher with 20 workers.
 -> (artifact id: '1fd25131d08995ecd0be08bde304d166') in 0.002674 seconds
Number of updated asset objects reloaded before import = 0
Number of asset objects unloaded after import = 1
========================================================================
Received Import Request.
  Time since last request: 0.000021 seconds.
  path: Assets/Violet Theme Ui/White Icons/White Select 3.png
  artifactKey: Guid(bba1829bfb698e5498c4c891bb8cf9a4) Importer(2089858483,0ecaa5967403d082aa24f35e1b516d23)
Start importing Assets/Violet Theme Ui/White Icons/White Select 3.png using Guid(bba1829bfb698e5498c4c891bb8cf9a4) Importer(2089858483,0ecaa5967403d082aa24f35e1b516d23) [PhysX] Initialized MultithreadedTaskDispatcher with 20 workers.
 -> (artifact id: '88a278e690eb21320026a407d35e60a9') in 0.015503 seconds
Number of updated asset objects reloaded before import = 0
Number of asset objects unloaded after import = 11
========================================================================
Received Import Request.
  Time since last request: 0.000019 seconds.
  path: Assets/Violet Theme Ui/Prefab/Progress Bar/Progress Bar Orange.prefab
  artifactKey: Guid(728f7c02ad4fc1249a0d3e2fb109d181) Importer(2089858483,0ecaa5967403d082aa24f35e1b516d23)
Start importing Assets/Violet Theme Ui/Prefab/Progress Bar/Progress Bar Orange.prefab using Guid(728f7c02ad4fc1249a0d3e2fb109d181) Importer(2089858483,0ecaa5967403d082aa24f35e1b516d23) [PhysX] Initialized MultithreadedTaskDispatcher with 20 workers.
 -> (artifact id: '32e15b46b538aebf2ce5537423a5a6a7') in 0.010257 seconds
Number of updated asset objects reloaded before import = 0
Number of asset objects unloaded after import = 17
========================================================================
Received Import Request.
  Time since last request: 0.000020 seconds.
  path: Assets/Violet Theme Ui/White Icons/White Axe 2.png
  artifactKey: Guid(8185f3757a8a496458bf5b9e2b48ccf8) Importer(2089858483,0ecaa5967403d082aa24f35e1b516d23)
Start importing Assets/Violet Theme Ui/White Icons/White Axe 2.png using Guid(8185f3757a8a496458bf5b9e2b48ccf8) Importer(2089858483,0ecaa5967403d082aa24f35e1b516d23) [PhysX] Initialized MultithreadedTaskDispatcher with 20 workers.
 -> (artifact id: '848d030f4174ad2092f0b86c49293166') in 0.010231 seconds
Number of updated asset objects reloaded before import = 0
Number of asset objects unloaded after import = 6
========================================================================
Received Import Request.
  Time since last request: 0.000024 seconds.
  path: Assets/Violet Theme Ui/White Icons/White FB Icon.png
  artifactKey: Guid(f75dd697e0450d942b378bb0ca3a253c) Importer(2089858483,0ecaa5967403d082aa24f35e1b516d23)
Start importing Assets/Violet Theme Ui/White Icons/White FB Icon.png using Guid(f75dd697e0450d942b378bb0ca3a253c) Importer(2089858483,0ecaa5967403d082aa24f35e1b516d23) [PhysX] Initialized MultithreadedTaskDispatcher with 20 workers.
 -> (artifact id: '2010961c33873540c4f6d64d589dbf0b') in 0.009052 seconds
Number of updated asset objects reloaded before import = 0
Number of asset objects unloaded after import = 3
========================================================================
Received Import Request.
  Time since last request: 0.000015 seconds.
  path: Assets/Violet Theme Ui/White Icons/White YingYang.png
  artifactKey: Guid(3585059cc46f8174f8c58c88fdf616d7) Importer(2089858483,0ecaa5967403d082aa24f35e1b516d23)
Start importing Assets/Violet Theme Ui/White Icons/White YingYang.png using Guid(3585059cc46f8174f8c58c88fdf616d7) Importer(2089858483,0ecaa5967403d082aa24f35e1b516d23) [PhysX] Initialized MultithreadedTaskDispatcher with 20 workers.
 -> (artifact id: '90d11f42ce464b899f96a43159a37ec4') in 0.008157 seconds
Number of updated asset objects reloaded before import = 0
Number of asset objects unloaded after import = 3
========================================================================
Received Import Request.
  Time since last request: 0.000021 seconds.
  path: Assets/Violet Theme Ui/White Icons/White Return.png
  artifactKey: Guid(e762de87d1306ea4080247cc6ca79b41) Importer(2089858483,0ecaa5967403d082aa24f35e1b516d23)
Start importing Assets/Violet Theme Ui/White Icons/White Return.png using Guid(e762de87d1306ea4080247cc6ca79b41) Importer(2089858483,0ecaa5967403d082aa24f35e1b516d23) [PhysX] Initialized MultithreadedTaskDispatcher with 20 workers.
 -> (artifact id: '7390bd2b631b7720256854cafe236ec6') in 0.008468 seconds
Number of updated asset objects reloaded before import = 0
Number of asset objects unloaded after import = 3
========================================================================
Received Import Request.
  Time since last request: 0.000023 seconds.
  path: Assets/Violet Theme Ui/Prefab/Toggles/Toggle Yellow.prefab
  artifactKey: Guid(eb41aeb313d012844bc759f47dbd4e6f) Importer(2089858483,0ecaa5967403d082aa24f35e1b516d23)
Start importing Assets/Violet Theme Ui/Prefab/Toggles/Toggle Yellow.prefab using Guid(eb41aeb313d012844bc759f47dbd4e6f) Importer(2089858483,0ecaa5967403d082aa24f35e1b516d23) [PhysX] Initialized MultithreadedTaskDispatcher with 20 workers.
 -> (artifact id: 'e151fe43fe8088bf786f53b29322b598') in 0.009525 seconds
Number of updated asset objects reloaded before import = 0
Number of asset objects unloaded after import = 19
========================================================================
Received Import Request.
  Time since last request: 0.000018 seconds.
  path: Assets/Violet Theme Ui/White Icons/White Level 1.png
  artifactKey: Guid(e58ceeab5aeac584f8787dd019512adb) Importer(2089858483,0ecaa5967403d082aa24f35e1b516d23)
Start importing Assets/Violet Theme Ui/White Icons/White Level 1.png using Guid(e58ceeab5aeac584f8787dd019512adb) Importer(2089858483,0ecaa5967403d082aa24f35e1b516d23) [PhysX] Initialized MultithreadedTaskDispatcher with 20 workers.
 -> (artifact id: '4276279eaedc1acd219ae80c4b0ef56a') in 0.011590 seconds
Number of updated asset objects reloaded before import = 0
Number of asset objects unloaded after import = 5
========================================================================
Received Import Request.
  Time since last request: 0.000017 seconds.
  path: Assets/Violet Theme Ui/Panels/White Panel Style 2 Green.png
  artifactKey: Guid(76051ae65406d234aad7799de589f22d) Importer(2089858483,0ecaa5967403d082aa24f35e1b516d23)
Start importing Assets/Violet Theme Ui/Panels/White Panel Style 2 Green.png using Guid(76051ae65406d234aad7799de589f22d) Importer(2089858483,0ecaa5967403d082aa24f35e1b516d23) [PhysX] Initialized MultithreadedTaskDispatcher with 20 workers.
 -> (artifact id: '70635fb227286adea9a8e653eec3f057') in 0.010213 seconds
Number of updated asset objects reloaded before import = 0
Number of asset objects unloaded after import = 3
========================================================================
Received Import Request.
  Time since last request: 0.000044 seconds.
  path: Assets/Violet Theme Ui/Colored Icons/water melon.png
  artifactKey: Guid(a4822d008712e02409c12034e8bbe37a) Importer(2089858483,0ecaa5967403d082aa24f35e1b516d23)
Start importing Assets/Violet Theme Ui/Colored Icons/water melon.png using Guid(a4822d008712e02409c12034e8bbe37a) Importer(2089858483,0ecaa5967403d082aa24f35e1b516d23) [PhysX] Initialized MultithreadedTaskDispatcher with 20 workers.
 -> (artifact id: '8cfed0fcc35ff67c0c8d313264a2f6af') in 0.008424 seconds
Number of updated asset objects reloaded before import = 0
Number of asset objects unloaded after import = 3
========================================================================
Received Import Request.
  Time since last request: 0.000019 seconds.
  path: Assets/Violet Theme Ui/White Icons/White Move Up.png
  artifactKey: Guid(f4bd5c14857777c448334cc301584a75) Importer(2089858483,0ecaa5967403d082aa24f35e1b516d23)
Start importing Assets/Violet Theme Ui/White Icons/White Move Up.png using Guid(f4bd5c14857777c448334cc301584a75) Importer(2089858483,0ecaa5967403d082aa24f35e1b516d23) [PhysX] Initialized MultithreadedTaskDispatcher with 20 workers.
 -> (artifact id: 'aac6983f358b11e6e39b5ba2be28ff9d') in 0.009743 seconds
Number of updated asset objects reloaded before import = 0
Number of asset objects unloaded after import = 3
========================================================================
Received Import Request.
  Time since last request: 0.000019 seconds.
  path: Assets/Violet Theme Ui/White Icons/White Symbol 18.png
  artifactKey: Guid(56ea37b00a9f8ab4a95f3265a1faa44e) Importer(2089858483,0ecaa5967403d082aa24f35e1b516d23)
Start importing Assets/Violet Theme Ui/White Icons/White Symbol 18.png using Guid(56ea37b00a9f8ab4a95f3265a1faa44e) Importer(2089858483,0ecaa5967403d082aa24f35e1b516d23) [PhysX] Initialized MultithreadedTaskDispatcher with 20 workers.
 -> (artifact id: '15d616aff56400d8eb3a053b8da3ff8f') in 0.007731 seconds
Number of updated asset objects reloaded before import = 0
Number of asset objects unloaded after import = 3
========================================================================
Received Import Request.
  Time since last request: 0.000019 seconds.
  path: Assets/Violet Theme Ui/Buttons/Button Green.png
  artifactKey: Guid(c77a20011fee4694cb75577a7509ffda) Importer(2089858483,0ecaa5967403d082aa24f35e1b516d23)
Start importing Assets/Violet Theme Ui/Buttons/Button Green.png using Guid(c77a20011fee4694cb75577a7509ffda) Importer(2089858483,0ecaa5967403d082aa24f35e1b516d23) [PhysX] Initialized MultithreadedTaskDispatcher with 20 workers.
 -> (artifact id: 'e42aa0ccbce7c9106d0278976d60147e') in 0.007943 seconds
Number of updated asset objects reloaded before import = 0
Number of asset objects unloaded after import = 3
========================================================================
Received Import Request.
  Time since last request: 0.000029 seconds.
  path: Assets/Violet Theme Ui/White Icons/White Chat 3.png
  artifactKey: Guid(056d8d42805743b459320a96aeacbe06) Importer(2089858483,0ecaa5967403d082aa24f35e1b516d23)
Start importing Assets/Violet Theme Ui/White Icons/White Chat 3.png using Guid(056d8d42805743b459320a96aeacbe06) Importer(2089858483,0ecaa5967403d082aa24f35e1b516d23) [PhysX] Initialized MultithreadedTaskDispatcher with 20 workers.
 -> (artifact id: '3e34a27b8a42fe89516aeba4c5ebe0f7') in 0.008866 seconds
Number of updated asset objects reloaded before import = 0
Number of asset objects unloaded after import = 3
========================================================================
Received Import Request.
  Time since last request: 0.000014 seconds.
  path: Assets/Violet Theme Ui/White Icons/White Sleep.png
  artifactKey: Guid(21971abefc33c5640808902ba497b6d7) Importer(2089858483,0ecaa5967403d082aa24f35e1b516d23)
Start importing Assets/Violet Theme Ui/White Icons/White Sleep.png using Guid(21971abefc33c5640808902ba497b6d7) Importer(2089858483,0ecaa5967403d082aa24f35e1b516d23) [PhysX] Initialized MultithreadedTaskDispatcher with 20 workers.
 -> (artifact id: '693df7ad303b6671d4492e70abf432b7') in 0.009511 seconds
Number of updated asset objects reloaded before import = 0
Number of asset objects unloaded after import = 5
========================================================================
Received Import Request.
  Time since last request: 0.000018 seconds.
  path: Assets/Violet Theme Ui/White Icons/White Symbol 2.png
  artifactKey: Guid(ede36b97067ea2147aec9549ba7d7082) Importer(2089858483,0ecaa5967403d082aa24f35e1b516d23)
Start importing Assets/Violet Theme Ui/White Icons/White Symbol 2.png using Guid(ede36b97067ea2147aec9549ba7d7082) Importer(2089858483,0ecaa5967403d082aa24f35e1b516d23) [PhysX] Initialized MultithreadedTaskDispatcher with 20 workers.
 -> (artifact id: '71b8b3e1516c68e2d2c00a0994912ed4') in 0.009398 seconds
Number of updated asset objects reloaded before import = 0
Number of asset objects unloaded after import = 4
========================================================================
Received Import Request.
  Time since last request: 0.000016 seconds.
  path: Assets/Violet Theme Ui/White Icons/White Person.png
  artifactKey: Guid(b94c2941b5eb1574fa303bc0b7568929) Importer(2089858483,0ecaa5967403d082aa24f35e1b516d23)
Start importing Assets/Violet Theme Ui/White Icons/White Person.png using Guid(b94c2941b5eb1574fa303bc0b7568929) Importer(2089858483,0ecaa5967403d082aa24f35e1b516d23) [PhysX] Initialized MultithreadedTaskDispatcher with 20 workers.
 -> (artifact id: '39a0bc8f28363bf216aea13e1ac1aa37') in 0.007887 seconds
Number of updated asset objects reloaded before import = 0
Number of asset objects unloaded after import = 3
========================================================================
Received Import Request.
  Time since last request: 0.000015 seconds.
  path: Assets/Violet Theme Ui/Colored Icons/Dark Coins.png
  artifactKey: Guid(cecd9cbf00a9099418ce8a1653a82c7f) Importer(2089858483,0ecaa5967403d082aa24f35e1b516d23)
Start importing Assets/Violet Theme Ui/Colored Icons/Dark Coins.png using Guid(cecd9cbf00a9099418ce8a1653a82c7f) Importer(2089858483,0ecaa5967403d082aa24f35e1b516d23) [PhysX] Initialized MultithreadedTaskDispatcher with 20 workers.
 -> (artifact id: '61f40a8e78e78138e38662bdead90cc2') in 0.009134 seconds
Number of updated asset objects reloaded before import = 0
Number of asset objects unloaded after import = 3
========================================================================
Received Import Request.
  Time since last request: 0.000020 seconds.
  path: Assets/Violet Theme Ui/Toggles/Toggle Background.png
  artifactKey: Guid(ab07d3905ed943549afe9267580f3dec) Importer(2089858483,0ecaa5967403d082aa24f35e1b516d23)
Start importing Assets/Violet Theme Ui/Toggles/Toggle Background.png using Guid(ab07d3905ed943549afe9267580f3dec) Importer(2089858483,0ecaa5967403d082aa24f35e1b516d23) [PhysX] Initialized MultithreadedTaskDispatcher with 20 workers.
 -> (artifact id: 'a0d3ef95f5ccf64594ac0eef091ce00e') in 0.009161 seconds
Number of updated asset objects reloaded before import = 0
Number of asset objects unloaded after import = 3
========================================================================
Received Import Request.
  Time since last request: 0.000017 seconds.
  path: Assets/Violet Theme Ui/White Icons/White Fish 2.png
  artifactKey: Guid(12a2b2176d386a94ba6b5099811eecea) Importer(2089858483,0ecaa5967403d082aa24f35e1b516d23)
Start importing Assets/Violet Theme Ui/White Icons/White Fish 2.png using Guid(12a2b2176d386a94ba6b5099811eecea) Importer(2089858483,0ecaa5967403d082aa24f35e1b516d23) [PhysX] Initialized MultithreadedTaskDispatcher with 20 workers.
 -> (artifact id: '53897f71eda5488264ff06061e3b63e0') in 0.007939 seconds
Number of updated asset objects reloaded before import = 0
Number of asset objects unloaded after import = 3
========================================================================
Received Import Request.
  Time since last request: 0.000014 seconds.
  path: Assets/Violet Theme Ui/White Icons/White Menu 2.png
  artifactKey: Guid(2c1995397cae9e54d8b0ea22c4adfbd1) Importer(2089858483,0ecaa5967403d082aa24f35e1b516d23)
Start importing Assets/Violet Theme Ui/White Icons/White Menu 2.png using Guid(2c1995397cae9e54d8b0ea22c4adfbd1) Importer(2089858483,0ecaa5967403d082aa24f35e1b516d23) [PhysX] Initialized MultithreadedTaskDispatcher with 20 workers.
 -> (artifact id: '15ef92e6b2badf2a5c10f70da84e938b') in 0.010841 seconds
Number of updated asset objects reloaded before import = 0
Number of asset objects unloaded after import = 6
========================================================================
Received Import Request.
  Time since last request: 0.000015 seconds.
  path: Assets/Violet Theme Ui/Switch/Switch Off Background.png
  artifactKey: Guid(2497ab3b270125b4f9436d5227725998) Importer(2089858483,0ecaa5967403d082aa24f35e1b516d23)
Start importing Assets/Violet Theme Ui/Switch/Switch Off Background.png using Guid(2497ab3b270125b4f9436d5227725998) Importer(2089858483,0ecaa5967403d082aa24f35e1b516d23) [PhysX] Initialized MultithreadedTaskDispatcher with 20 workers.
 -> (artifact id: '291269c8251b90e7729139c45b8c53a6') in 0.007732 seconds
Number of updated asset objects reloaded before import = 0
Number of asset objects unloaded after import = 3
========================================================================
Received Import Request.
  Time since last request: 0.000019 seconds.
  path: Assets/Violet Theme Ui/Panels/Dark Panel Pink.png
  artifactKey: Guid(f580749602672a34fac8ab0643c2a0db) Importer(2089858483,0ecaa5967403d082aa24f35e1b516d23)
Start importing Assets/Violet Theme Ui/Panels/Dark Panel Pink.png using Guid(f580749602672a34fac8ab0643c2a0db) Importer(2089858483,0ecaa5967403d082aa24f35e1b516d23) [PhysX] Initialized MultithreadedTaskDispatcher with 20 workers.
 -> (artifact id: '47cb9c32ca8ab4526d2b219dbefc06a1') in 0.014353 seconds
Number of updated asset objects reloaded before import = 0
Number of asset objects unloaded after import = 3
========================================================================
Received Import Request.
  Time since last request: 0.000014 seconds.
  path: Assets/Violet Theme Ui/White Icons/White Bluetooth.png
  artifactKey: Guid(e9f6c0281d266d44c9351e417e328b40) Importer(2089858483,0ecaa5967403d082aa24f35e1b516d23)
Start importing Assets/Violet Theme Ui/White Icons/White Bluetooth.png using Guid(e9f6c0281d266d44c9351e417e328b40) Importer(2089858483,0ecaa5967403d082aa24f35e1b516d23) [PhysX] Initialized MultithreadedTaskDispatcher with 20 workers.
 -> (artifact id: 'bfda7ad3d7411c83ffc478e376c88c10') in 0.008279 seconds
Number of updated asset objects reloaded before import = 0
Number of asset objects unloaded after import = 3
========================================================================
Received Import Request.
  Time since last request: 0.000019 seconds.
  path: Assets/Violet Theme Ui/White Icons/White Target 1.png
  artifactKey: Guid(ed592125e098517488f480dca11f1bc8) Importer(2089858483,0ecaa5967403d082aa24f35e1b516d23)
Start importing Assets/Violet Theme Ui/White Icons/White Target 1.png using Guid(ed592125e098517488f480dca11f1bc8) Importer(2089858483,0ecaa5967403d082aa24f35e1b516d23) [PhysX] Initialized MultithreadedTaskDispatcher with 20 workers.
 -> (artifact id: 'c65082a6633afd9ed2cc440831f4eff7') in 0.010641 seconds
Number of updated asset objects reloaded before import = 0
Number of asset objects unloaded after import = 3
========================================================================
Received Import Request.
  Time since last request: 0.000031 seconds.
  path: Assets/Violet Theme Ui/White Icons/White Compass.png
  artifactKey: Guid(12e105ba6efad2142bbc212df2701300) Importer(2089858483,0ecaa5967403d082aa24f35e1b516d23)
Start importing Assets/Violet Theme Ui/White Icons/White Compass.png using Guid(12e105ba6efad2142bbc212df2701300) Importer(2089858483,0ecaa5967403d082aa24f35e1b516d23) [PhysX] Initialized MultithreadedTaskDispatcher with 20 workers.
 -> (artifact id: '5ebb0573bb23da36d5eae88535349300') in 0.010946 seconds
Number of updated asset objects reloaded before import = 0
Number of asset objects unloaded after import = 3
========================================================================
Received Import Request.
  Time since last request: 0.000017 seconds.
  path: Assets/Violet Theme Ui/White Icons/White Calendar 3.png
  artifactKey: Guid(12eb67918fb8c0540950ec4de2d608b3) Importer(2089858483,0ecaa5967403d082aa24f35e1b516d23)
Start importing Assets/Violet Theme Ui/White Icons/White Calendar 3.png using Guid(12eb67918fb8c0540950ec4de2d608b3) Importer(2089858483,0ecaa5967403d082aa24f35e1b516d23) [PhysX] Initialized MultithreadedTaskDispatcher with 20 workers.
 -> (artifact id: '99d7b0423e08235839528fd731a0f7ba') in 0.009219 seconds
Number of updated asset objects reloaded before import = 0
Number of asset objects unloaded after import = 4
========================================================================
Received Import Request.
  Time since last request: 0.000021 seconds.
  path: Assets/Violet Theme Ui/White Icons/White Swords.png
  artifactKey: Guid(d08d31b3bb621974fa68cd19820122b5) Importer(2089858483,0ecaa5967403d082aa24f35e1b516d23)
Start importing Assets/Violet Theme Ui/White Icons/White Swords.png using Guid(d08d31b3bb621974fa68cd19820122b5) Importer(2089858483,0ecaa5967403d082aa24f35e1b516d23) [PhysX] Initialized MultithreadedTaskDispatcher with 20 workers.
 -> (artifact id: '68344d6d370b3c49b4b8680160074e17') in 0.012690 seconds
Number of updated asset objects reloaded before import = 0
Number of asset objects unloaded after import = 8
========================================================================
Received Import Request.
  Time since last request: 0.000018 seconds.
  path: Assets/Violet Theme Ui/White Icons/White Explosion.png
  artifactKey: Guid(666a96168922fa0458e77d7b3ae8d605) Importer(2089858483,0ecaa5967403d082aa24f35e1b516d23)
Start importing Assets/Violet Theme Ui/White Icons/White Explosion.png using Guid(666a96168922fa0458e77d7b3ae8d605) Importer(2089858483,0ecaa5967403d082aa24f35e1b516d23) [PhysX] Initialized MultithreadedTaskDispatcher with 20 workers.
 -> (artifact id: '537d5952bc79ef4707fc7228e86d8076') in 0.008058 seconds
Number of updated asset objects reloaded before import = 0
Number of asset objects unloaded after import = 3
========================================================================
Received Import Request.
  Time since last request: 0.000027 seconds.
  path: Assets/Violet Theme Ui/White Icons/White Music Off.png
  artifactKey: Guid(3b39c6521dd757648875454a29c11a0e) Importer(2089858483,0ecaa5967403d082aa24f35e1b516d23)
Start importing Assets/Violet Theme Ui/White Icons/White Music Off.png using Guid(3b39c6521dd757648875454a29c11a0e) Importer(2089858483,0ecaa5967403d082aa24f35e1b516d23) [PhysX] Initialized MultithreadedTaskDispatcher with 20 workers.
 -> (artifact id: '8efe6b518bf069a1b77153a294abaae1') in 0.011707 seconds
Number of updated asset objects reloaded before import = 0
Number of asset objects unloaded after import = 5
========================================================================
Received Import Request.
  Time since last request: 0.000020 seconds.
  path: Assets/Violet Theme Ui/White Icons/White Sound Off 2.png
  artifactKey: Guid(623df017cd9375c49946605e46d06755) Importer(2089858483,0ecaa5967403d082aa24f35e1b516d23)
Start importing Assets/Violet Theme Ui/White Icons/White Sound Off 2.png using Guid(623df017cd9375c49946605e46d06755) Importer(2089858483,0ecaa5967403d082aa24f35e1b516d23) [PhysX] Initialized MultithreadedTaskDispatcher with 20 workers.
 -> (artifact id: 'fefc3f2b4f567b0b849c63cd03ce0ff9') in 0.009492 seconds
Number of updated asset objects reloaded before import = 0
Number of asset objects unloaded after import = 5
========================================================================
Received Import Request.
  Time since last request: 0.000020 seconds.
  path: Assets/Violet Theme Ui/White Icons/White Potion 2.png
  artifactKey: Guid(e6082e9f59564a14a91698ee86a4463e) Importer(2089858483,0ecaa5967403d082aa24f35e1b516d23)
Start importing Assets/Violet Theme Ui/White Icons/White Potion 2.png using Guid(e6082e9f59564a14a91698ee86a4463e) Importer(2089858483,0ecaa5967403d082aa24f35e1b516d23) [PhysX] Initialized MultithreadedTaskDispatcher with 20 workers.
 -> (artifact id: '5e57ef39aea5b87d5bc7fe8c36920aa7') in 0.007994 seconds
Number of updated asset objects reloaded before import = 0
Number of asset objects unloaded after import = 4
========================================================================
Received Import Request.
  Time since last request: 0.000016 seconds.
  path: Assets/Violet Theme Ui/White Icons/White Chat 2.png
  artifactKey: Guid(b87089d14f7860c41984539bdf4bb177) Importer(2089858483,0ecaa5967403d082aa24f35e1b516d23)
Start importing Assets/Violet Theme Ui/White Icons/White Chat 2.png using Guid(b87089d14f7860c41984539bdf4bb177) Importer(2089858483,0ecaa5967403d082aa24f35e1b516d23) [PhysX] Initialized MultithreadedTaskDispatcher with 20 workers.
 -> (artifact id: 'fafb6edff1d8b9a0f8c1893030dcd63d') in 0.010188 seconds
Number of updated asset objects reloaded before import = 0
Number of asset objects unloaded after import = 3
========================================================================
Received Import Request.
  Time since last request: 0.000017 seconds.
  path: Assets/Violet Theme Ui/Colored Icons/apple red.png
  artifactKey: Guid(dc095ce8d2086f541bd26c7e3a71ef12) Importer(2089858483,0ecaa5967403d082aa24f35e1b516d23)
Start importing Assets/Violet Theme Ui/Colored Icons/apple red.png using Guid(dc095ce8d2086f541bd26c7e3a71ef12) Importer(2089858483,0ecaa5967403d082aa24f35e1b516d23) [PhysX] Initialized MultithreadedTaskDispatcher with 20 workers.
 -> (artifact id: '9b4eddc4bef3cbb944202a2ba290be49') in 0.008138 seconds
Number of updated asset objects reloaded before import = 0
Number of asset objects unloaded after import = 3
========================================================================
Received Import Request.
  Time since last request: 0.000017 seconds.
  path: Assets/Violet Theme Ui/Colored Icons/map pointer.png
  artifactKey: Guid(1298f0068576ea74a90e272e3e9cb693) Importer(2089858483,0ecaa5967403d082aa24f35e1b516d23)
Start importing Assets/Violet Theme Ui/Colored Icons/map pointer.png using Guid(1298f0068576ea74a90e272e3e9cb693) Importer(2089858483,0ecaa5967403d082aa24f35e1b516d23) [PhysX] Initialized MultithreadedTaskDispatcher with 20 workers.
 -> (artifact id: '1961b1b2f9c66739f7092da4a65ae37a') in 0.007923 seconds
Number of updated asset objects reloaded before import = 0
Number of asset objects unloaded after import = 3
========================================================================
Received Import Request.
  Time since last request: 0.000018 seconds.
  path: Assets/Violet Theme Ui/White Icons/White Pinterest.png
  artifactKey: Guid(3e6e0b06e1cac4a45a7b82f5e1d8efa6) Importer(2089858483,0ecaa5967403d082aa24f35e1b516d23)
Start importing Assets/Violet Theme Ui/White Icons/White Pinterest.png using Guid(3e6e0b06e1cac4a45a7b82f5e1d8efa6) Importer(2089858483,0ecaa5967403d082aa24f35e1b516d23) [PhysX] Initialized MultithreadedTaskDispatcher with 20 workers.
 -> (artifact id: '9f9b0913610b3a7a714a4d3f3212880a') in 0.010214 seconds
Number of updated asset objects reloaded before import = 0
Number of asset objects unloaded after import = 3
========================================================================
Received Import Request.
  Time since last request: 0.000019 seconds.
  path: Assets/Violet Theme Ui/White Icons/White Knight.png
  artifactKey: Guid(af110be8027e357439d474cf14816c44) Importer(2089858483,0ecaa5967403d082aa24f35e1b516d23)
Start importing Assets/Violet Theme Ui/White Icons/White Knight.png using Guid(af110be8027e357439d474cf14816c44) Importer(2089858483,0ecaa5967403d082aa24f35e1b516d23) [PhysX] Initialized MultithreadedTaskDispatcher with 20 workers.
 -> (artifact id: 'e4d86a2720f94c6ad4093a50303daf2f') in 0.008302 seconds
Number of updated asset objects reloaded before import = 0
Number of asset objects unloaded after import = 4
========================================================================
Received Import Request.
  Time since last request: 0.000015 seconds.
  path: Assets/Violet Theme Ui/Buttons
  artifactKey: Guid(f75d071555243374d8884bb445bc64c1) Importer(2089858483,0ecaa5967403d082aa24f35e1b516d23)
Start importing Assets/Violet Theme Ui/Buttons using Guid(f75d071555243374d8884bb445bc64c1) Importer(2089858483,0ecaa5967403d082aa24f35e1b516d23) [PhysX] Initialized MultithreadedTaskDispatcher with 20 workers.
 -> (artifact id: 'cf97d63239a7c766593ccdcef3c7d28b') in 0.002692 seconds
Number of updated asset objects reloaded before import = 0
Number of asset objects unloaded after import = 1
========================================================================
Received Import Request.
  Time since last request: 0.000018 seconds.
  path: Assets/Violet Theme Ui/White Icons/White Map.png
  artifactKey: Guid(6ab2652817e8d1b42b2c7a3e1c555f7e) Importer(2089858483,0ecaa5967403d082aa24f35e1b516d23)
Start importing Assets/Violet Theme Ui/White Icons/White Map.png using Guid(6ab2652817e8d1b42b2c7a3e1c555f7e) Importer(2089858483,0ecaa5967403d082aa24f35e1b516d23) [PhysX] Initialized MultithreadedTaskDispatcher with 20 workers.
 -> (artifact id: 'bfb54aec2a06eb3a624b119a2840e8f2') in 0.012811 seconds
Number of updated asset objects reloaded before import = 0
Number of asset objects unloaded after import = 5
========================================================================
Received Import Request.
  Time since last request: 0.000016 seconds.
  path: Assets/Violet Theme Ui/Colored Icons/Close.png
  artifactKey: Guid(cbf58c37249d82a4e97598dfc07d9058) Importer(2089858483,0ecaa5967403d082aa24f35e1b516d23)
Start importing Assets/Violet Theme Ui/Colored Icons/Close.png using Guid(cbf58c37249d82a4e97598dfc07d9058) Importer(2089858483,0ecaa5967403d082aa24f35e1b516d23) [PhysX] Initialized MultithreadedTaskDispatcher with 20 workers.
 -> (artifact id: 'a994389e1e4d7afc5454fe7d883d5b10') in 0.009682 seconds
Number of updated asset objects reloaded before import = 0
Number of asset objects unloaded after import = 3
========================================================================
Received Import Request.
  Time since last request: 0.000017 seconds.
  path: Assets/Violet Theme Ui/White Icons/White Symbol 17.png
  artifactKey: Guid(f0cb0fc05a7b5424b9d51976686d1201) Importer(2089858483,0ecaa5967403d082aa24f35e1b516d23)
Start importing Assets/Violet Theme Ui/White Icons/White Symbol 17.png using Guid(f0cb0fc05a7b5424b9d51976686d1201) Importer(2089858483,0ecaa5967403d082aa24f35e1b516d23) [PhysX] Initialized MultithreadedTaskDispatcher with 20 workers.
 -> (artifact id: '841b2349598e5d74a6ab78ed0cc0b569') in 0.008153 seconds
Number of updated asset objects reloaded before import = 0
Number of asset objects unloaded after import = 3
========================================================================
Received Import Request.
  Time since last request: 0.000014 seconds.
  path: Assets/Violet Theme Ui/White Icons/White Symbol 1.png
  artifactKey: Guid(476be7b2ecf6108439f4edbc952a7eab) Importer(2089858483,0ecaa5967403d082aa24f35e1b516d23)
Start importing Assets/Violet Theme Ui/White Icons/White Symbol 1.png using Guid(476be7b2ecf6108439f4edbc952a7eab) Importer(2089858483,0ecaa5967403d082aa24f35e1b516d23) [PhysX] Initialized MultithreadedTaskDispatcher with 20 workers.
 -> (artifact id: '9a6a527af0eb8c0de9eb240ed1fee20d') in 0.014713 seconds
Number of updated asset objects reloaded before import = 0
Number of asset objects unloaded after import = 11
========================================================================
Received Import Request.
  Time since last request: 0.000018 seconds.
  path: Assets/Violet Theme Ui/Panels/Dark Panels Style 2 Red.png
  artifactKey: Guid(54234daa6fede4540b5dfbada6f77142) Importer(2089858483,0ecaa5967403d082aa24f35e1b516d23)
Start importing Assets/Violet Theme Ui/Panels/Dark Panels Style 2 Red.png using Guid(54234daa6fede4540b5dfbada6f77142) Importer(2089858483,0ecaa5967403d082aa24f35e1b516d23) [PhysX] Initialized MultithreadedTaskDispatcher with 20 workers.
 -> (artifact id: '119cc1c4c8d251b2016edd2aa38b33fb') in 0.012641 seconds
Number of updated asset objects reloaded before import = 0
Number of asset objects unloaded after import = 3
========================================================================
Received Import Request.
  Time since last request: 0.000016 seconds.
  path: Assets/Violet Theme Ui/Prefab
  artifactKey: Guid(e7e91a1d394973d429d076395e413b56) Importer(2089858483,0ecaa5967403d082aa24f35e1b516d23)
Start importing Assets/Violet Theme Ui/Prefab using Guid(e7e91a1d394973d429d076395e413b56) Importer(2089858483,0ecaa5967403d082aa24f35e1b516d23) [PhysX] Initialized MultithreadedTaskDispatcher with 20 workers.
 -> (artifact id: '2766cea50d6a0640d3cf7fd1c1ad0c02') in 0.003351 seconds
Number of updated asset objects reloaded before import = 0
Number of asset objects unloaded after import = 1
========================================================================
Received Import Request.
  Time since last request: 0.000012 seconds.
  path: Assets/Violet Theme Ui/White Icons/White Sad 1.png
  artifactKey: Guid(568350414cfbb984bb3baec6a1d2e48a) Importer(2089858483,0ecaa5967403d082aa24f35e1b516d23)
Start importing Assets/Violet Theme Ui/White Icons/White Sad 1.png using Guid(568350414cfbb984bb3baec6a1d2e48a) Importer(2089858483,0ecaa5967403d082aa24f35e1b516d23) [PhysX] Initialized MultithreadedTaskDispatcher with 20 workers.
 -> (artifact id: '0a9f35ed404e0cfb74215411709df8b5') in 0.008059 seconds
Number of updated asset objects reloaded before import = 0
Number of asset objects unloaded after import = 3
========================================================================
Received Import Request.
  Time since last request: 0.000015 seconds.
  path: Assets/Violet Theme Ui/Panels/Dark Panel Green.png
  artifactKey: Guid(61dd4b4ded1fec74480695550f54d148) Importer(2089858483,0ecaa5967403d082aa24f35e1b516d23)
Start importing Assets/Violet Theme Ui/Panels/Dark Panel Green.png using Guid(61dd4b4ded1fec74480695550f54d148) Importer(2089858483,0ecaa5967403d082aa24f35e1b516d23) [PhysX] Initialized MultithreadedTaskDispatcher with 20 workers.
 -> (artifact id: 'ba5f25a5cd7b28fb6a5ce36e3c1c1c31') in 0.012959 seconds
Number of updated asset objects reloaded before import = 0
Number of asset objects unloaded after import = 3
========================================================================
Received Import Request.
  Time since last request: 0.000020 seconds.
  path: Assets/Violet Theme Ui/White Icons/White Star Hollow.png
  artifactKey: Guid(18a6346ad00e33e449b41c4e27c46ff0) Importer(2089858483,0ecaa5967403d082aa24f35e1b516d23)
Start importing Assets/Violet Theme Ui/White Icons/White Star Hollow.png using Guid(18a6346ad00e33e449b41c4e27c46ff0) Importer(2089858483,0ecaa5967403d082aa24f35e1b516d23) [PhysX] Initialized MultithreadedTaskDispatcher with 20 workers.
 -> (artifact id: '3cb0a4f2783a68310bb84b6953b4bec5') in 0.008375 seconds
Number of updated asset objects reloaded before import = 0
Number of asset objects unloaded after import = 3
========================================================================
Received Import Request.
  Time since last request: 0.000029 seconds.
  path: Assets/Violet Theme Ui/White Icons/White Symbol 4.png
  artifactKey: Guid(f8f180448579feb4fb999c608017279c) Importer(2089858483,0ecaa5967403d082aa24f35e1b516d23)
Start importing Assets/Violet Theme Ui/White Icons/White Symbol 4.png using Guid(f8f180448579feb4fb999c608017279c) Importer(2089858483,0ecaa5967403d082aa24f35e1b516d23) [PhysX] Initialized MultithreadedTaskDispatcher with 20 workers.
 -> (artifact id: 'bb4864ac1988424d9929a9eacd6227e1') in 0.012615 seconds
Number of updated asset objects reloaded before import = 0
Number of asset objects unloaded after import = 6
========================================================================
Received Import Request.
  Time since last request: 0.000018 seconds.
  path: Assets/Violet Theme Ui/Colored Icons/Gem 1 Purple.png
  artifactKey: Guid(7ae2be9a267597a4596c1cdebed8f84d) Importer(2089858483,0ecaa5967403d082aa24f35e1b516d23)
Start importing Assets/Violet Theme Ui/Colored Icons/Gem 1 Purple.png using Guid(7ae2be9a267597a4596c1cdebed8f84d) Importer(2089858483,0ecaa5967403d082aa24f35e1b516d23) [PhysX] Initialized MultithreadedTaskDispatcher with 20 workers.
 -> (artifact id: 'd56445da1c0271b8243019f0cbf8ade1') in 0.007813 seconds
Number of updated asset objects reloaded before import = 0
Number of asset objects unloaded after import = 3
========================================================================
Received Import Request.
  Time since last request: 0.000017 seconds.
  path: Assets/Violet Theme Ui/White Icons/White Bug.png
  artifactKey: Guid(a4bb7f1b97a31ca46839863d6e8750f2) Importer(2089858483,0ecaa5967403d082aa24f35e1b516d23)
Start importing Assets/Violet Theme Ui/White Icons/White Bug.png using Guid(a4bb7f1b97a31ca46839863d6e8750f2) Importer(2089858483,0ecaa5967403d082aa24f35e1b516d23) [PhysX] Initialized MultithreadedTaskDispatcher with 20 workers.
 -> (artifact id: '531f153e2b7a6173a3ab1ed97e1fc932') in 0.009402 seconds
Number of updated asset objects reloaded before import = 0
Number of asset objects unloaded after import = 4
========================================================================
Received Import Request.
  Time since last request: 0.000015 seconds.
  path: Assets/Violet Theme Ui/White Icons/White Calendar 2.png
  artifactKey: Guid(84aae14d0ad80c7409ca2f25d810125d) Importer(2089858483,0ecaa5967403d082aa24f35e1b516d23)
Start importing Assets/Violet Theme Ui/White Icons/White Calendar 2.png using Guid(84aae14d0ad80c7409ca2f25d810125d) Importer(2089858483,0ecaa5967403d082aa24f35e1b516d23) [PhysX] Initialized MultithreadedTaskDispatcher with 20 workers.
 -> (artifact id: 'e01ff6a20fcedf83fd983aa8e80efdd2') in 0.016255 seconds
Number of updated asset objects reloaded before import = 0
Number of asset objects unloaded after import = 4
========================================================================
Received Import Request.
  Time since last request: 0.000020 seconds.
  path: Assets/Violet Theme Ui/White Icons/White Down.png
  artifactKey: Guid(4cf23baf6b458c0439b33974c7e61bd0) Importer(2089858483,0ecaa5967403d082aa24f35e1b516d23)
Start importing Assets/Violet Theme Ui/White Icons/White Down.png using Guid(4cf23baf6b458c0439b33974c7e61bd0) Importer(2089858483,0ecaa5967403d082aa24f35e1b516d23) [PhysX] Initialized MultithreadedTaskDispatcher with 20 workers.
 -> (artifact id: '187ddaeb0776e2c4562fc4098dfe6427') in 0.013006 seconds
Number of updated asset objects reloaded before import = 0
Number of asset objects unloaded after import = 3
========================================================================
Received Import Request.
  Time since last request: 0.000018 seconds.
  path: Assets/Violet Theme Ui/White Icons/White Flag.png
  artifactKey: Guid(f39592a71622d61498f1e5d04f07a0c6) Importer(2089858483,0ecaa5967403d082aa24f35e1b516d23)
Start importing Assets/Violet Theme Ui/White Icons/White Flag.png using Guid(f39592a71622d61498f1e5d04f07a0c6) Importer(2089858483,0ecaa5967403d082aa24f35e1b516d23) [PhysX] Initialized MultithreadedTaskDispatcher with 20 workers.
 -> (artifact id: 'fcdce705bcf547e8337d1aebd7ee8f8a') in 0.010918 seconds
Number of updated asset objects reloaded before import = 0
Number of asset objects unloaded after import = 4
========================================================================
Received Import Request.
  Time since last request: 0.000015 seconds.
  path: Assets/Violet Theme Ui/White Icons/White Symbol 20.png
  artifactKey: Guid(fb705997d70372343b2a5b3e604e8969) Importer(2089858483,0ecaa5967403d082aa24f35e1b516d23)
Start importing Assets/Violet Theme Ui/White Icons/White Symbol 20.png using Guid(fb705997d70372343b2a5b3e604e8969) Importer(2089858483,0ecaa5967403d082aa24f35e1b516d23) [PhysX] Initialized MultithreadedTaskDispatcher with 20 workers.
 -> (artifact id: 'e26f211183b0c8c06254b64c9e83c831') in 0.012752 seconds
Number of updated asset objects reloaded before import = 0
Number of asset objects unloaded after import = 4
========================================================================
Received Import Request.
  Time since last request: 0.000022 seconds.
  path: Assets/Violet Theme Ui/White Icons/White Blade 1.png
  artifactKey: Guid(c68838cd724d5cc4a89b38f46c68a7d1) Importer(2089858483,0ecaa5967403d082aa24f35e1b516d23)
Start importing Assets/Violet Theme Ui/White Icons/White Blade 1.png using Guid(c68838cd724d5cc4a89b38f46c68a7d1) Importer(2089858483,0ecaa5967403d082aa24f35e1b516d23) [PhysX] Initialized MultithreadedTaskDispatcher with 20 workers.
 -> (artifact id: 'b19867d1f107aaf7ff311309120c1f67') in 0.011584 seconds
Number of updated asset objects reloaded before import = 0
Number of asset objects unloaded after import = 5
========================================================================
Received Import Request.
  Time since last request: 49.007470 seconds.
  path: Assets/Violet Theme Ui/Buttons/Button Pink.png
  artifactKey: Guid(6c083c68f537d944db0c5a63177e9627) Importer(815301076,1909f56bfc062723c751e8b465ee728b)
Start importing Assets/Violet Theme Ui/Buttons/Button Pink.png using Guid(6c083c68f537d944db0c5a63177e9627) Importer(815301076,1909f56bfc062723c751e8b465ee728b) [PhysX] Initialized MultithreadedTaskDispatcher with 20 workers.
[PhysX] Initialized MultithreadedTaskDispatcher with 20 workers.
 -> (artifact id: 'a06fc6717bc4fcfbd384b1b20d36cf62') in 0.065088 seconds
Number of updated asset objects reloaded before import = 0
Number of asset objects unloaded after import = 3
========================================================================
Received Import Request.
  Time since last request: 14.609113 seconds.
  path: Assets/Violet Theme Ui/Buttons/Misc/Menu Background.png
  artifactKey: Guid(f0b4dc9b8fe390b4597ba9c379657d44) Importer(815301076,1909f56bfc062723c751e8b465ee728b)
Start importing Assets/Violet Theme Ui/Buttons/Misc/Menu Background.png using Guid(f0b4dc9b8fe390b4597ba9c379657d44) Importer(815301076,1909f56bfc062723c751e8b465ee728b) [PhysX] Initialized MultithreadedTaskDispatcher with 20 workers.
[PhysX] Initialized MultithreadedTaskDispatcher with 20 workers.
 -> (artifact id: '2e58b28d84b5b90f8c4fc2ef1a86183f') in 0.012995 seconds
Number of updated asset objects reloaded before import = 0
Number of asset objects unloaded after import = 3
========================================================================
Received Import Request.
  Time since last request: 0.000020 seconds.
  path: Assets/Violet Theme Ui/Buttons/Misc/Small Square Button Purple.png
  artifactKey: Guid(59df2390a598c904bab275d1ea743916) Importer(815301076,1909f56bfc062723c751e8b465ee728b)
Start importing Assets/Violet Theme Ui/Buttons/Misc/Small Square Button Purple.png using Guid(59df2390a598c904bab275d1ea743916) Importer(815301076,1909f56bfc062723c751e8b465ee728b) [PhysX] Initialized MultithreadedTaskDispatcher with 20 workers.
[PhysX] Initialized MultithreadedTaskDispatcher with 20 workers.
 -> (artifact id: '430a95d5657344ee981369aeb1506a61') in 0.008023 seconds
Number of updated asset objects reloaded before import = 0
Number of asset objects unloaded after import = 3
Editor requested this worker to shutdown with reason: Scaling down because of idle timeout
TcpMessagingSession - receive error: operation aborted. errorcode: 995, details: The I/O operation has been aborted because of either a thread exit or an application request.
AssetImportWorker is now disconnected from the server
Process exiting
Exiting without the bug reporter. Application will terminate with return code 0