Using pre-set license
Built from '2022.3/staging' branch; Version is '2022.3.47f1 (88c277b85d21) revision 8962679'; Using compiler version '192829333'; Build Type 'Release'
OS: 'Windows 11  (10.0.22631) 64bit Core' Language: 'en' Physical Memory: 16227 MB
BatchMode: 1, IsHumanControllingUs: 0, StartBugReporterOnCrash: 0, Is64bit: 1, IsPro: 1

COMMAND LINE ARGUMENTS:
C:\Program Files\Unity\Hub\Editor\2022.3.47f1\Editor\Unity.exe
-adb2
-batchMode
-noUpm
-name
AssetImportWorker15
-projectPath
C:/Users/ryanm/OneDrive/Desktop/I2GT24_25_RMurphy_40180992/UnityEssentials - Get Creating/Knight quest (revamp)
-logFile
Logs/AssetImportWorker15.log
-srvPort
50404
Successfully changed project path to: C:/Users/ryanm/OneDrive/Desktop/I2GT24_25_RMurphy_40180992/UnityEssentials - Get Creating/Knight quest (revamp)
C:/Users/ryanm/OneDrive/Desktop/I2GT24_25_RMurphy_40180992/UnityEssentials - Get Creating/Knight quest (revamp)
[UnityMemory] Configuration Parameters - Can be set up in boot.config
    "memorysetup-bucket-allocator-granularity=16"
    "memorysetup-bucket-allocator-bucket-count=8"
    "memorysetup-bucket-allocator-block-size=33554432"
    "memorysetup-bucket-allocator-block-count=8"
    "memorysetup-main-allocator-block-size=16777216"
    "memorysetup-thread-allocator-block-size=16777216"
    "memorysetup-gfx-main-allocator-block-size=16777216"
    "memorysetup-gfx-thread-allocator-block-size=16777216"
    "memorysetup-cache-allocator-block-size=4194304"
    "memorysetup-typetree-allocator-block-size=2097152"
    "memorysetup-profiler-bucket-allocator-granularity=16"
    "memorysetup-profiler-bucket-allocator-bucket-count=8"
    "memorysetup-profiler-bucket-allocator-block-size=33554432"
    "memorysetup-profiler-bucket-allocator-block-count=8"
    "memorysetup-profiler-allocator-block-size=16777216"
    "memorysetup-profiler-editor-allocator-block-size=1048576"
    "memorysetup-temp-allocator-size-main=16777216"
    "memorysetup-job-temp-allocator-block-size=2097152"
    "memorysetup-job-temp-allocator-block-size-background=1048576"
    "memorysetup-job-temp-allocator-reduction-small-platforms=262144"
    "memorysetup-allocator-temp-initial-block-size-main=262144"
    "memorysetup-allocator-temp-initial-block-size-worker=262144"
    "memorysetup-temp-allocator-size-background-worker=32768"
    "memorysetup-temp-allocator-size-job-worker=262144"
    "memorysetup-temp-allocator-size-preload-manager=33554432"
    "memorysetup-temp-allocator-size-nav-mesh-worker=65536"
    "memorysetup-temp-allocator-size-audio-worker=65536"
    "memorysetup-temp-allocator-size-cloud-worker=32768"
    "memorysetup-temp-allocator-size-gi-baking-worker=262144"
    "memorysetup-temp-allocator-size-gfx=262144"
Player connection [15416]  Target information:

Player connection [15416]  * "[IP] 192.168.0.118 [Port] 0 [Flags] 2 [Guid] 2676813513 [EditorId] 2676813513 [Version] 1048832 [Id] WindowsEditor(7,RyanPC) [Debug] 1 [PackageName] WindowsEditor [ProjectName] Editor" 

Player connection [15416] Host joined multi-casting on [225.0.0.222:54997]...
Player connection [15416] Host joined alternative multi-casting on [225.0.0.222:34997]...
[PhysX] Initialized MultithreadedTaskDispatcher with 20 workers.
Refreshing native plugins compatible for Editor in 13.60 ms, found 4 plugins.
Preloading 0 native plugins for Editor in 0.00 ms.
Initialize engine version: 2022.3.47f1 (88c277b85d21)
[Subsystems] Discovering subsystems at path C:/Program Files/Unity/Hub/Editor/2022.3.47f1/Editor/Data/Resources/UnitySubsystems
[Subsystems] Discovering subsystems at path C:/Users/ryanm/OneDrive/Desktop/I2GT24_25_RMurphy_40180992/UnityEssentials - Get Creating/Knight quest (revamp)/Assets
GfxDevice: creating device client; threaded=0; jobified=0
Direct3D:
    Version:  Direct3D 11.0 [level 11.1]
    Renderer: NVIDIA GeForce RTX 3070 (ID=0x2488)
    Vendor:   NVIDIA
    VRAM:     8032 MB
    Driver:   31.0.15.3699
Initialize mono
Mono path[0] = 'C:/Program Files/Unity/Hub/Editor/2022.3.47f1/Editor/Data/Managed'
Mono path[1] = 'C:/Program Files/Unity/Hub/Editor/2022.3.47f1/Editor/Data/MonoBleedingEdge/lib/mono/unityjit-win32'
Mono config path = 'C:/Program Files/Unity/Hub/Editor/2022.3.47f1/Editor/Data/MonoBleedingEdge/etc'
Using monoOptions --debugger-agent=transport=dt_socket,embedding=1,server=y,suspend=n,address=127.0.0.1:56884
Begin MonoManager ReloadAssembly
Registering precompiled unity dll's ...
Register platform support module: C:/Program Files/Unity/Hub/Editor/2022.3.47f1/Editor/Data/PlaybackEngines/WebGLSupport/UnityEditor.WebGL.Extensions.dll
Register platform support module: C:/Program Files/Unity/Hub/Editor/2022.3.47f1/Editor/Data/PlaybackEngines/WindowsStandaloneSupport/UnityEditor.WindowsStandalone.Extensions.dll
Registered in 0.009421 seconds.
- Loaded All Assemblies, in  0.271 seconds
Native extension for WindowsStandalone target not found
Native extension for WebGL target not found
Mono: successfully reloaded assembly
- Finished resetting the current domain, in  0.197 seconds
Domain Reload Profiling: 466ms
	BeginReloadAssembly (90ms)
		ExecutionOrderSort (0ms)
		DisableScriptedObjects (0ms)
		BackupInstance (0ms)
		ReleaseScriptingObjects (0ms)
		CreateAndSetChildDomain (1ms)
	RebuildCommonClasses (23ms)
	RebuildNativeTypeToScriptingClass (7ms)
	initialDomainReloadingComplete (47ms)
	LoadAllAssembliesAndSetupDomain (102ms)
		LoadAssemblies (87ms)
		RebuildTransferFunctionScriptingTraits (0ms)
		AnalyzeDomain (101ms)
			TypeCache.Refresh (99ms)
				TypeCache.ScanAssembly (89ms)
			ScanForSourceGeneratedMonoScriptInfo (0ms)
			ResolveRequiredComponents (0ms)
	FinalizeReload (197ms)
		ReleaseScriptCaches (0ms)
		RebuildScriptCaches (0ms)
		SetupLoadedEditorAssemblies (158ms)
			LogAssemblyErrors (0ms)
			InitializePlatformSupportModulesInManaged (9ms)
			SetLoadedEditorAssemblies (4ms)
			RefreshPlugins (0ms)
			BeforeProcessingInitializeOnLoad (1ms)
			ProcessInitializeOnLoadAttributes (110ms)
			ProcessInitializeOnLoadMethodAttributes (34ms)
			AfterProcessingInitializeOnLoad (0ms)
			EditorAssembliesLoaded (0ms)
		ExecutionOrderSort2 (0ms)
		AwakeInstancesAfterBackupRestoration (0ms)
========================================================================
Worker process is ready to serve import requests
Caller must complete domain reload
Begin MonoManager ReloadAssembly
- Loaded All Assemblies, in  0.497 seconds
Native extension for WindowsStandalone target not found
Native extension for WebGL target not found
System.Exception: Error! Visual Scripting: couldn't find visual scripting package
  at Unity.VisualScripting.PackageVersionUtility.get_version () [0x00043] in .\Library\PackageCache\com.unity.visualscripting@1.9.4\Editor\VisualScripting.Core\Utilities\PackageVersionUtility.cs:31 
  at Unity.VisualScripting.BoltCoreManifest.get_version () [0x00000] in .\Library\PackageCache\com.unity.visualscripting@1.9.4\Editor\VisualScripting.Core\Plugin\BoltCoreManifest.cs:11 
  at Unity.VisualScripting.PluginManifest.get_currentVersion () [0x00000] in .\Library\PackageCache\com.unity.visualscripting@1.9.4\Editor\VisualScripting.Core\Plugins\PluginManifest.cs:33 
  at Unity.VisualScripting.PluginManifest.get_versionMismatch () [0x00000] in .\Library\PackageCache\com.unity.visualscripting@1.9.4\Editor\VisualScripting.Core\Plugins\PluginManifest.cs:48 
  at Unity.VisualScripting.PluginContainer.Initialize () [0x00525] in .\Library\PackageCache\com.unity.visualscripting@1.9.4\Editor\VisualScripting.Core\Plugins\PluginContainer.cs:208 
  at Unity.VisualScripting.PluginContainer.InitializeOnLoad () [0x00009] in .\Library\PackageCache\com.unity.visualscripting@1.9.4\Editor\VisualScripting.Core\Plugins\PluginContainer.cs:32 
  at Unity.VisualScripting.VSUsageUtility.DoInitializeOnLoadCalls () [0x00034] in .\Library\PackageCache\com.unity.visualscripting@1.9.4\Editor\VisualScripting.Core\Utilities\VSUsageUtility.cs:76 
  at Unity.VisualScripting.VSUsageUtility.set_isVisualScriptingUsed (System.Boolean value) [0x0002c] in .\Library\PackageCache\com.unity.visualscripting@1.9.4\Editor\VisualScripting.Core\Utilities\VSUsageUtility.cs:114 
  at Unity.VisualScripting.VSUsageUtility.CheckAndSetIsVisualScriptingUsed () [0x00032] in .\Library\PackageCache\com.unity.visualscripting@1.9.4\Editor\VisualScripting.Core\Utilities\VSUsageUtility.cs:48 
  at Unity.VisualScripting.VSUsageUtility..cctor () [0x00000] in .\Library\PackageCache\com.unity.visualscripting@1.9.4\Editor\VisualScripting.Core\Utilities\VSUsageUtility.cs:22 
UnityEngine.StackTraceUtility:ExtractStackTrace ()
UnityEngine.DebugLogHandler:LogFormat (UnityEngine.LogType,UnityEngine.Object,string,object[])
UnityEngine.Logger:Log (UnityEngine.LogType,object)
UnityEngine.Debug:LogError (object)
UnityEditor.EditorAssemblies:ProcessInitializeOnLoadAttributes (System.Type[])

Package Manager log level set to [2]
[Package Manager] Server::EnsureServerProcessIsRunning -- launch failed, reason: Unity was launched with the -noUpm command-line argument
[Package Manager] UpmClient::Send -- Unable to send message (not connected to UPM process).
[Package Manager] Cannot connect to Unity Package Manager local server
Mono: successfully reloaded assembly
- Finished resetting the current domain, in  0.708 seconds
Domain Reload Profiling: 1200ms
	BeginReloadAssembly (120ms)
		ExecutionOrderSort (0ms)
		DisableScriptedObjects (4ms)
		BackupInstance (0ms)
		ReleaseScriptingObjects (0ms)
		CreateAndSetChildDomain (15ms)
	RebuildCommonClasses (21ms)
	RebuildNativeTypeToScriptingClass (7ms)
	initialDomainReloadingComplete (33ms)
	LoadAllAssembliesAndSetupDomain (311ms)
		LoadAssemblies (260ms)
		RebuildTransferFunctionScriptingTraits (0ms)
		AnalyzeDomain (119ms)
			TypeCache.Refresh (99ms)
				TypeCache.ScanAssembly (88ms)
			ScanForSourceGeneratedMonoScriptInfo (15ms)
			ResolveRequiredComponents (4ms)
	FinalizeReload (708ms)
		ReleaseScriptCaches (0ms)
		RebuildScriptCaches (0ms)
		SetupLoadedEditorAssemblies (609ms)
			LogAssemblyErrors (0ms)
			InitializePlatformSupportModulesInManaged (6ms)
			SetLoadedEditorAssemblies (2ms)
			RefreshPlugins (0ms)
			BeforeProcessingInitializeOnLoad (53ms)
			ProcessInitializeOnLoadAttributes (515ms)
			ProcessInitializeOnLoadMethodAttributes (25ms)
			AfterProcessingInitializeOnLoad (6ms)
			EditorAssembliesLoaded (0ms)
		ExecutionOrderSort2 (0ms)
		AwakeInstancesAfterBackupRestoration (4ms)
Launched and connected shader compiler UnityShaderCompiler.exe after 0.07 seconds
Refreshing native plugins compatible for Editor in 11.81 ms, found 4 plugins.
Preloading 0 native plugins for Editor in 0.00 ms.
Unloading 4079 Unused Serialized files (Serialized files now loaded: 0)
Unloading 38 unused Assets / (241.3 KB). Loaded Objects now: 4545.
Memory consumption went from 146.0 MB to 145.8 MB.
Total: 8.782100 ms (FindLiveObjects: 0.188100 ms CreateObjectMapping: 0.087800 ms MarkObjects: 8.361800 ms  DeleteObjects: 0.143400 ms)

AssetImportParameters requested are different than current active one (requested -> active):
  custom:container-demuxer-ogg: 62fdf1f143b41e24485cea50d1cbac27 -> 
  custom:scripting/monoscript/fileName/enemyvalues.cs: 6d3759815fd7be00f9546723da6f552c -> b2871cba44f342a4684feb21ced01089
  custom:video-decoder-ogg-theora: a1e56fd34408186e4bbccfd4996cb3dc -> 
  custom:framework-win-MediaFoundation: 216162199b28c13a410421893ffa2e32 -> 
  custom:scripting/monoscript/fileName/health.cs: b1303998ffee75aadca64949bf0a2211 -> 
  custom:CustomObjectIndexerAttribute: 9a22284fe3817be447336de3de66b15e -> 
  custom:scripting/monoscript/fileName/playervalues.cs: b765fddbee80866c9f4d7e2bde69eaa4 -> fefad19e05659674120111df3ff930d2
  custom:container-demuxer-webm: 4f35f7cbe854078d1ac9338744f61a02 -> 
  custom:scripting/monoscript/fileName/Health.cs: 0e01c5d611b7e6f68d551fd8377c081b -> 
  custom:container-muxer-webm: aa71ff27fc2769a1b78a27578f13a17b -> 
  custom:video-decoder-webm-vp8: 9c59270c3fd7afecdb556c50c9e8de78 -> 
  custom:SearchIndexIgnoredProperties: e643bd26f0fe6173181afceb89e7c659 -> 
  custom:AudioImporter_EditorPlatform: d09bf68614088b80899f8185d706f6e7 -> 
  custom:video-encoder-webm-vp8: eb34c28f22e8b96e1ab97ce403110664 -> 
  custom:scripting/monoscript/fileName/player.cs: b1b0b99e0fbd8450a8ac2481988cbaeb -> 
  custom:scripting/monoscript/fileName/combatsystem.cs: 6cab728e1d8cac4dad7bf9e415b8112a -> 8872a57b1c80ec4a65fcbcdad3cdf073
  custom:audio-decoder-ogg-vorbis: bf7c407c2cedff20999df2af8eb42d56 -> 
  custom:scripting/monoscript/fileName/fill.cs: 8a130407ab27c51b3a1b3dbce120d7b8 -> 
  custom:scripting/monoscript/fileName/health system.cs: e0852ac835be5566af11b3affa17d44c -> 
  custom:audio-encoder-webm-vorbis: bf7c407c2cedff20999df2af8eb42d56 -> 
========================================================================
Received Import Request.
  Time since last request: 42606.437252 seconds.
  path: Assets/Health-Bar.png
  artifactKey: Guid(e66d8989faf14c2459379657ab1370fe) Importer(815301076,1909f56bfc062723c751e8b465ee728b)
Start importing Assets/Health-Bar.png using Guid(e66d8989faf14c2459379657ab1370fe) Importer(815301076,1909f56bfc062723c751e8b465ee728b) [PhysX] Initialized MultithreadedTaskDispatcher with 20 workers.
[PhysX] Initialized MultithreadedTaskDispatcher with 20 workers.
 -> (artifact id: 'c3b553c2af0870c5040a81a3f2c6dca5') in 0.089890 seconds
Number of updated asset objects reloaded before import = 0
Number of asset objects unloaded after import = 3
========================================================================
Received Import Request.
  Time since last request: 1182.315777 seconds.
  path: Assets/playerhealth.cs
  artifactKey: Guid(5702c9373d540324ca6de56a9ac71343) Importer(815301076,1909f56bfc062723c751e8b465ee728b)
Start importing Assets/playerhealth.cs using Guid(5702c9373d540324ca6de56a9ac71343) Importer(815301076,1909f56bfc062723c751e8b465ee728b) [PhysX] Initialized MultithreadedTaskDispatcher with 20 workers.
 -> (artifact id: 'f0d1ff9c6137e6a586b4ba4e88f54fee') in 0.000824 seconds
Number of updated asset objects reloaded before import = 0
Number of asset objects unloaded after import = 0
========================================================================
Received Prepare
Caller must complete domain reload
Begin MonoManager ReloadAssembly
- Loaded All Assemblies, in  0.974 seconds
Native extension for WindowsStandalone target not found
Native extension for WebGL target not found
System.Exception: Error! Visual Scripting: couldn't find visual scripting package
  at Unity.VisualScripting.PackageVersionUtility.get_version () [0x00043] in .\Library\PackageCache\com.unity.visualscripting@1.9.4\Editor\VisualScripting.Core\Utilities\PackageVersionUtility.cs:31 
  at Unity.VisualScripting.BoltCoreManifest.get_version () [0x00000] in .\Library\PackageCache\com.unity.visualscripting@1.9.4\Editor\VisualScripting.Core\Plugin\BoltCoreManifest.cs:11 
  at Unity.VisualScripting.PluginManifest.get_currentVersion () [0x00000] in .\Library\PackageCache\com.unity.visualscripting@1.9.4\Editor\VisualScripting.Core\Plugins\PluginManifest.cs:33 
  at Unity.VisualScripting.PluginManifest.get_versionMismatch () [0x00000] in .\Library\PackageCache\com.unity.visualscripting@1.9.4\Editor\VisualScripting.Core\Plugins\PluginManifest.cs:48 
  at Unity.VisualScripting.PluginContainer.Initialize () [0x00525] in .\Library\PackageCache\com.unity.visualscripting@1.9.4\Editor\VisualScripting.Core\Plugins\PluginContainer.cs:208 
  at Unity.VisualScripting.PluginContainer.InitializeOnLoad () [0x00009] in .\Library\PackageCache\com.unity.visualscripting@1.9.4\Editor\VisualScripting.Core\Plugins\PluginContainer.cs:32 
  at Unity.VisualScripting.VSUsageUtility.DoInitializeOnLoadCalls () [0x00034] in .\Library\PackageCache\com.unity.visualscripting@1.9.4\Editor\VisualScripting.Core\Utilities\VSUsageUtility.cs:76 
  at Unity.VisualScripting.VSUsageUtility.set_isVisualScriptingUsed (System.Boolean value) [0x0002c] in .\Library\PackageCache\com.unity.visualscripting@1.9.4\Editor\VisualScripting.Core\Utilities\VSUsageUtility.cs:114 
  at Unity.VisualScripting.VSUsageUtility.CheckAndSetIsVisualScriptingUsed () [0x0000d] in .\Library\PackageCache\com.unity.visualscripting@1.9.4\Editor\VisualScripting.Core\Utilities\VSUsageUtility.cs:33 
  at Unity.VisualScripting.VSUsageUtility..cctor () [0x00000] in .\Library\PackageCache\com.unity.visualscripting@1.9.4\Editor\VisualScripting.Core\Utilities\VSUsageUtility.cs:22 
UnityEngine.StackTraceUtility:ExtractStackTrace ()
UnityEngine.DebugLogHandler:LogFormat (UnityEngine.LogType,UnityEngine.Object,string,object[])
UnityEngine.Logger:Log (UnityEngine.LogType,object)
UnityEngine.Debug:LogError (object)
UnityEditor.EditorAssemblies:ProcessInitializeOnLoadAttributes (System.Type[])

[Package Manager] Server::EnsureServerProcessIsRunning -- launch failed, reason: Unity was launched with the -noUpm command-line argument
[Package Manager] UpmClient::Send -- Unable to send message (not connected to UPM process).
[Package Manager] Cannot connect to Unity Package Manager local server
Mono: successfully reloaded assembly
- Finished resetting the current domain, in  0.718 seconds
Domain Reload Profiling: 1689ms
	BeginReloadAssembly (689ms)
		ExecutionOrderSort (0ms)
		DisableScriptedObjects (526ms)
		BackupInstance (0ms)
		ReleaseScriptingObjects (0ms)
		CreateAndSetChildDomain (39ms)
	RebuildCommonClasses (32ms)
	RebuildNativeTypeToScriptingClass (10ms)
	initialDomainReloadingComplete (26ms)
	LoadAllAssembliesAndSetupDomain (213ms)
		LoadAssemblies (249ms)
		RebuildTransferFunctionScriptingTraits (0ms)
		AnalyzeDomain (25ms)
			TypeCache.Refresh (9ms)
				TypeCache.ScanAssembly (1ms)
			ScanForSourceGeneratedMonoScriptInfo (11ms)
			ResolveRequiredComponents (5ms)
	FinalizeReload (719ms)
		ReleaseScriptCaches (0ms)
		RebuildScriptCaches (0ms)
		SetupLoadedEditorAssemblies (469ms)
			LogAssemblyErrors (0ms)
			InitializePlatformSupportModulesInManaged (5ms)
			SetLoadedEditorAssemblies (2ms)
			RefreshPlugins (0ms)
			BeforeProcessingInitializeOnLoad (56ms)
			ProcessInitializeOnLoadAttributes (377ms)
			ProcessInitializeOnLoadMethodAttributes (21ms)
			AfterProcessingInitializeOnLoad (7ms)
			EditorAssembliesLoaded (0ms)
		ExecutionOrderSort2 (0ms)
		AwakeInstancesAfterBackupRestoration (8ms)
Refreshing native plugins compatible for Editor in 10.09 ms, found 4 plugins.
Preloading 0 native plugins for Editor in 0.00 ms.
Unloading 4061 Unused Serialized files (Serialized files now loaded: 0)
Unloading 25 unused Assets / (213.5 KB). Loaded Objects now: 4558.
Memory consumption went from 146.4 MB to 146.2 MB.
Total: 7.359300 ms (FindLiveObjects: 0.292100 ms CreateObjectMapping: 0.162900 ms MarkObjects: 6.776900 ms  DeleteObjects: 0.126400 ms)

Prepare: number of updated asset objects reloaded= 0
AssetImportParameters requested are different than current active one (requested -> active):
  custom:container-demuxer-ogg: 62fdf1f143b41e24485cea50d1cbac27 -> 
  custom:scripting/monoscript/fileName/enemyvalues.cs: 6d3759815fd7be00f9546723da6f552c -> b2871cba44f342a4684feb21ced01089
  custom:scripting/monoscript/fileName/playerhealth.cs: 627fa3622fd9609fbcb99df0f0e3ffd2 -> 
  custom:video-decoder-ogg-theora: a1e56fd34408186e4bbccfd4996cb3dc -> 
  custom:framework-win-MediaFoundation: 216162199b28c13a410421893ffa2e32 -> 
  custom:scripting/monoscript/fileName/health.cs: b1303998ffee75aadca64949bf0a2211 -> 
  custom:CustomObjectIndexerAttribute: 9a22284fe3817be447336de3de66b15e -> 
  custom:scripting/monoscript/fileName/playervalues.cs: b765fddbee80866c9f4d7e2bde69eaa4 -> fefad19e05659674120111df3ff930d2
  custom:container-demuxer-webm: 4f35f7cbe854078d1ac9338744f61a02 -> 
  custom:scripting/monoscript/fileName/Health.cs: 0e01c5d611b7e6f68d551fd8377c081b -> 
  custom:container-muxer-webm: aa71ff27fc2769a1b78a27578f13a17b -> 
  custom:video-decoder-webm-vp8: 9c59270c3fd7afecdb556c50c9e8de78 -> 
  custom:SearchIndexIgnoredProperties: e643bd26f0fe6173181afceb89e7c659 -> 
  custom:AudioImporter_EditorPlatform: d09bf68614088b80899f8185d706f6e7 -> 
  custom:video-encoder-webm-vp8: eb34c28f22e8b96e1ab97ce403110664 -> 
  custom:scripting/monoscript/fileName/player.cs: b1b0b99e0fbd8450a8ac2481988cbaeb -> 
  custom:scripting/monoscript/fileName/combatsystem.cs: 6cab728e1d8cac4dad7bf9e415b8112a -> 8872a57b1c80ec4a65fcbcdad3cdf073
  custom:audio-decoder-ogg-vorbis: bf7c407c2cedff20999df2af8eb42d56 -> 
  custom:scripting/monoscript/fileName/fill.cs: 8a130407ab27c51b3a1b3dbce120d7b8 -> 
  custom:scripting/monoscript/fileName/health system.cs: e0852ac835be5566af11b3affa17d44c -> 
  custom:audio-encoder-webm-vorbis: bf7c407c2cedff20999df2af8eb42d56 -> 
  custom:scripting/precompiled-assembly-types:Assembly-CSharp: 26fda178f17812100bd0a43243fc1b15 -> db58d614c6af3664d2fa6bb6dd40fe47
========================================================================
Received Import Request.
  Time since last request: 279.987481 seconds.
  path: Assets/playerhealth.cs
  artifactKey: Guid(5702c9373d540324ca6de56a9ac71343) Importer(815301076,1909f56bfc062723c751e8b465ee728b)
Start importing Assets/playerhealth.cs using Guid(5702c9373d540324ca6de56a9ac71343) Importer(815301076,1909f56bfc062723c751e8b465ee728b) [PhysX] Initialized MultithreadedTaskDispatcher with 20 workers.
 -> (artifact id: '89cefca7fad2176c9901eeadb71bcac6') in 0.003729 seconds
Number of updated asset objects reloaded before import = 0
Number of asset objects unloaded after import = 0
========================================================================
Received Import Request.
  Time since last request: 546.162094 seconds.
  path: Assets/playerhealth.cs
  artifactKey: Guid(5702c9373d540324ca6de56a9ac71343) Importer(815301076,1909f56bfc062723c751e8b465ee728b)
Start importing Assets/playerhealth.cs using Guid(5702c9373d540324ca6de56a9ac71343) Importer(815301076,1909f56bfc062723c751e8b465ee728b) [PhysX] Initialized MultithreadedTaskDispatcher with 20 workers.
 -> (artifact id: '49d75cec98abe1c45c8689519cf85042') in 0.005041 seconds
Number of updated asset objects reloaded before import = 0
Number of asset objects unloaded after import = 0
========================================================================
Received Import Request.
  Time since last request: 242.666167 seconds.
  path: Assets/playerhealth.cs
  artifactKey: Guid(5702c9373d540324ca6de56a9ac71343) Importer(815301076,1909f56bfc062723c751e8b465ee728b)
Start importing Assets/playerhealth.cs using Guid(5702c9373d540324ca6de56a9ac71343) Importer(815301076,1909f56bfc062723c751e8b465ee728b) [PhysX] Initialized MultithreadedTaskDispatcher with 20 workers.
 -> (artifact id: '7943886d751265f550a9b96f4d772513') in 0.001708 seconds
Number of updated asset objects reloaded before import = 0
Number of asset objects unloaded after import = 0
========================================================================
Received Import Request.
  Time since last request: 25.495803 seconds.
  path: Assets/playerhealth.cs
  artifactKey: Guid(5702c9373d540324ca6de56a9ac71343) Importer(815301076,1909f56bfc062723c751e8b465ee728b)
Start importing Assets/playerhealth.cs using Guid(5702c9373d540324ca6de56a9ac71343) Importer(815301076,1909f56bfc062723c751e8b465ee728b) [PhysX] Initialized MultithreadedTaskDispatcher with 20 workers.
 -> (artifact id: 'd1e03e3f54496afa008b8455c068a1f0') in 0.000446 seconds
Number of updated asset objects reloaded before import = 0
Number of asset objects unloaded after import = 0
========================================================================
Received Prepare
Caller must complete domain reload
Begin MonoManager ReloadAssembly
- Loaded All Assemblies, in  0.636 seconds
Native extension for WindowsStandalone target not found
Native extension for WebGL target not found
System.Exception: Error! Visual Scripting: couldn't find visual scripting package
  at Unity.VisualScripting.PackageVersionUtility.get_version () [0x00043] in .\Library\PackageCache\com.unity.visualscripting@1.9.4\Editor\VisualScripting.Core\Utilities\PackageVersionUtility.cs:31 
  at Unity.VisualScripting.BoltCoreManifest.get_version () [0x00000] in .\Library\PackageCache\com.unity.visualscripting@1.9.4\Editor\VisualScripting.Core\Plugin\BoltCoreManifest.cs:11 
  at Unity.VisualScripting.PluginManifest.get_currentVersion () [0x00000] in .\Library\PackageCache\com.unity.visualscripting@1.9.4\Editor\VisualScripting.Core\Plugins\PluginManifest.cs:33 
  at Unity.VisualScripting.PluginManifest.get_versionMismatch () [0x00000] in .\Library\PackageCache\com.unity.visualscripting@1.9.4\Editor\VisualScripting.Core\Plugins\PluginManifest.cs:48 
  at Unity.VisualScripting.PluginContainer.Initialize () [0x00525] in .\Library\PackageCache\com.unity.visualscripting@1.9.4\Editor\VisualScripting.Core\Plugins\PluginContainer.cs:208 
  at Unity.VisualScripting.PluginContainer.InitializeOnLoad () [0x00009] in .\Library\PackageCache\com.unity.visualscripting@1.9.4\Editor\VisualScripting.Core\Plugins\PluginContainer.cs:32 
  at Unity.VisualScripting.VSUsageUtility.DoInitializeOnLoadCalls () [0x00034] in .\Library\PackageCache\com.unity.visualscripting@1.9.4\Editor\VisualScripting.Core\Utilities\VSUsageUtility.cs:76 
  at Unity.VisualScripting.VSUsageUtility.set_isVisualScriptingUsed (System.Boolean value) [0x0002c] in .\Library\PackageCache\com.unity.visualscripting@1.9.4\Editor\VisualScripting.Core\Utilities\VSUsageUtility.cs:114 
  at Unity.VisualScripting.VSUsageUtility.CheckAndSetIsVisualScriptingUsed () [0x0000d] in .\Library\PackageCache\com.unity.visualscripting@1.9.4\Editor\VisualScripting.Core\Utilities\VSUsageUtility.cs:33 
  at Unity.VisualScripting.VSUsageUtility..cctor () [0x00000] in .\Library\PackageCache\com.unity.visualscripting@1.9.4\Editor\VisualScripting.Core\Utilities\VSUsageUtility.cs:22 
UnityEngine.StackTraceUtility:ExtractStackTrace ()
UnityEngine.DebugLogHandler:LogFormat (UnityEngine.LogType,UnityEngine.Object,string,object[])
UnityEngine.Logger:Log (UnityEngine.LogType,object)
UnityEngine.Debug:LogError (object)
UnityEditor.EditorAssemblies:ProcessInitializeOnLoadAttributes (System.Type[])

[Package Manager] Server::EnsureServerProcessIsRunning -- launch failed, reason: Unity was launched with the -noUpm command-line argument
[Package Manager] UpmClient::Send -- Unable to send message (not connected to UPM process).
[Package Manager] Cannot connect to Unity Package Manager local server
Mono: successfully reloaded assembly
- Finished resetting the current domain, in  1.130 seconds
Domain Reload Profiling: 1750ms
	BeginReloadAssembly (213ms)
		ExecutionOrderSort (0ms)
		DisableScriptedObjects (13ms)
		BackupInstance (0ms)
		ReleaseScriptingObjects (0ms)
		CreateAndSetChildDomain (40ms)
	RebuildCommonClasses (36ms)
	RebuildNativeTypeToScriptingClass (13ms)
	initialDomainReloadingComplete (48ms)
	LoadAllAssembliesAndSetupDomain (310ms)
		LoadAssemblies (404ms)
		RebuildTransferFunctionScriptingTraits (0ms)
		AnalyzeDomain (20ms)
			TypeCache.Refresh (8ms)
				TypeCache.ScanAssembly (1ms)
			ScanForSourceGeneratedMonoScriptInfo (7ms)
			ResolveRequiredComponents (4ms)
	FinalizeReload (1130ms)
		ReleaseScriptCaches (0ms)
		RebuildScriptCaches (0ms)
		SetupLoadedEditorAssemblies (438ms)
			LogAssemblyErrors (0ms)
			InitializePlatformSupportModulesInManaged (5ms)
			SetLoadedEditorAssemblies (3ms)
			RefreshPlugins (0ms)
			BeforeProcessingInitializeOnLoad (55ms)
			ProcessInitializeOnLoadAttributes (348ms)
			ProcessInitializeOnLoadMethodAttributes (21ms)
			AfterProcessingInitializeOnLoad (6ms)
			EditorAssembliesLoaded (0ms)
		ExecutionOrderSort2 (0ms)
		AwakeInstancesAfterBackupRestoration (9ms)
Refreshing native plugins compatible for Editor in 4.41 ms, found 4 plugins.
Preloading 0 native plugins for Editor in 0.00 ms.
Unloading 4061 Unused Serialized files (Serialized files now loaded: 0)
Unloading 25 unused Assets / (213.4 KB). Loaded Objects now: 4563.
Memory consumption went from 146.4 MB to 146.2 MB.
Total: 7.205500 ms (FindLiveObjects: 0.181700 ms CreateObjectMapping: 0.086300 ms MarkObjects: 6.810100 ms  DeleteObjects: 0.126200 ms)

Prepare: number of updated asset objects reloaded= 0
AssetImportParameters requested are different than current active one (requested -> active):
  custom:container-demuxer-ogg: 62fdf1f143b41e24485cea50d1cbac27 -> 
  custom:scripting/monoscript/fileName/enemyvalues.cs: 6d3759815fd7be00f9546723da6f552c -> b2871cba44f342a4684feb21ced01089
  custom:scripting/monoscript/fileName/playerhealth.cs: 627fa3622fd9609fbcb99df0f0e3ffd2 -> 
  custom:video-decoder-ogg-theora: a1e56fd34408186e4bbccfd4996cb3dc -> 
  custom:framework-win-MediaFoundation: 216162199b28c13a410421893ffa2e32 -> 
  custom:scripting/monoscript/fileName/health.cs: b1303998ffee75aadca64949bf0a2211 -> 
  custom:CustomObjectIndexerAttribute: 9a22284fe3817be447336de3de66b15e -> 
  custom:scripting/monoscript/fileName/playervalues.cs: b765fddbee80866c9f4d7e2bde69eaa4 -> fefad19e05659674120111df3ff930d2
  custom:container-demuxer-webm: 4f35f7cbe854078d1ac9338744f61a02 -> 
  custom:scripting/monoscript/fileName/Health.cs: 0e01c5d611b7e6f68d551fd8377c081b -> 
  custom:container-muxer-webm: aa71ff27fc2769a1b78a27578f13a17b -> 
  custom:video-decoder-webm-vp8: 9c59270c3fd7afecdb556c50c9e8de78 -> 
  custom:SearchIndexIgnoredProperties: e643bd26f0fe6173181afceb89e7c659 -> 
  custom:AudioImporter_EditorPlatform: d09bf68614088b80899f8185d706f6e7 -> 
  custom:video-encoder-webm-vp8: eb34c28f22e8b96e1ab97ce403110664 -> 
  custom:scripting/monoscript/fileName/player.cs: b1b0b99e0fbd8450a8ac2481988cbaeb -> 
  custom:scripting/monoscript/fileName/combatsystem.cs: 6cab728e1d8cac4dad7bf9e415b8112a -> 8872a57b1c80ec4a65fcbcdad3cdf073
  custom:audio-decoder-ogg-vorbis: bf7c407c2cedff20999df2af8eb42d56 -> 
  custom:scripting/monoscript/fileName/fill.cs: 8a130407ab27c51b3a1b3dbce120d7b8 -> 
  custom:scripting/monoscript/fileName/health system.cs: e0852ac835be5566af11b3affa17d44c -> 
  custom:audio-encoder-webm-vorbis: bf7c407c2cedff20999df2af8eb42d56 -> 
  custom:scripting/precompiled-assembly-types:Assembly-CSharp: 26fda178f17812100bd0a43243fc1b15 -> db58d614c6af3664d2fa6bb6dd40fe47
========================================================================
Received Import Request.
  Time since last request: 205.375823 seconds.
  path: Assets/scripts/playervalues.cs
  artifactKey: Guid(dded657d3a53c1c4cbf2ad533e15ca84) Importer(815301076,1909f56bfc062723c751e8b465ee728b)
Start importing Assets/scripts/playervalues.cs using Guid(dded657d3a53c1c4cbf2ad533e15ca84) Importer(815301076,1909f56bfc062723c751e8b465ee728b) [PhysX] Initialized MultithreadedTaskDispatcher with 20 workers.
 -> (artifact id: '0a8479bfea4bd67a60f677f2b8274564') in 0.002041 seconds
Number of updated asset objects reloaded before import = 0
Number of asset objects unloaded after import = 0
========================================================================
Received Prepare
Caller must complete domain reload
Begin MonoManager ReloadAssembly
- Loaded All Assemblies, in  0.349 seconds
Native extension for WindowsStandalone target not found
Native extension for WebGL target not found
System.Exception: Error! Visual Scripting: couldn't find visual scripting package
  at Unity.VisualScripting.PackageVersionUtility.get_version () [0x00043] in .\Library\PackageCache\com.unity.visualscripting@1.9.4\Editor\VisualScripting.Core\Utilities\PackageVersionUtility.cs:31 
  at Unity.VisualScripting.BoltCoreManifest.get_version () [0x00000] in .\Library\PackageCache\com.unity.visualscripting@1.9.4\Editor\VisualScripting.Core\Plugin\BoltCoreManifest.cs:11 
  at Unity.VisualScripting.PluginManifest.get_currentVersion () [0x00000] in .\Library\PackageCache\com.unity.visualscripting@1.9.4\Editor\VisualScripting.Core\Plugins\PluginManifest.cs:33 
  at Unity.VisualScripting.PluginManifest.get_versionMismatch () [0x00000] in .\Library\PackageCache\com.unity.visualscripting@1.9.4\Editor\VisualScripting.Core\Plugins\PluginManifest.cs:48 
  at Unity.VisualScripting.PluginContainer.Initialize () [0x00525] in .\Library\PackageCache\com.unity.visualscripting@1.9.4\Editor\VisualScripting.Core\Plugins\PluginContainer.cs:208 
  at Unity.VisualScripting.PluginContainer.InitializeOnLoad () [0x00009] in .\Library\PackageCache\com.unity.visualscripting@1.9.4\Editor\VisualScripting.Core\Plugins\PluginContainer.cs:32 
  at Unity.VisualScripting.VSUsageUtility.DoInitializeOnLoadCalls () [0x00034] in .\Library\PackageCache\com.unity.visualscripting@1.9.4\Editor\VisualScripting.Core\Utilities\VSUsageUtility.cs:76 
  at Unity.VisualScripting.VSUsageUtility.set_isVisualScriptingUsed (System.Boolean value) [0x0002c] in .\Library\PackageCache\com.unity.visualscripting@1.9.4\Editor\VisualScripting.Core\Utilities\VSUsageUtility.cs:114 
  at Unity.VisualScripting.VSUsageUtility.CheckAndSetIsVisualScriptingUsed () [0x0000d] in .\Library\PackageCache\com.unity.visualscripting@1.9.4\Editor\VisualScripting.Core\Utilities\VSUsageUtility.cs:33 
  at Unity.VisualScripting.VSUsageUtility..cctor () [0x00000] in .\Library\PackageCache\com.unity.visualscripting@1.9.4\Editor\VisualScripting.Core\Utilities\VSUsageUtility.cs:22 
UnityEngine.StackTraceUtility:ExtractStackTrace ()
UnityEngine.DebugLogHandler:LogFormat (UnityEngine.LogType,UnityEngine.Object,string,object[])
UnityEngine.Logger:Log (UnityEngine.LogType,object)
UnityEngine.Debug:LogError (object)
UnityEditor.EditorAssemblies:ProcessInitializeOnLoadAttributes (System.Type[])

[Package Manager] Server::EnsureServerProcessIsRunning -- launch failed, reason: Unity was launched with the -noUpm command-line argument
[Package Manager] UpmClient::Send -- Unable to send message (not connected to UPM process).
[Package Manager] Cannot connect to Unity Package Manager local server
Mono: successfully reloaded assembly
- Finished resetting the current domain, in  1.090 seconds
Domain Reload Profiling: 1435ms
	BeginReloadAssembly (125ms)
		ExecutionOrderSort (0ms)
		DisableScriptedObjects (7ms)
		BackupInstance (0ms)
		ReleaseScriptingObjects (0ms)
		CreateAndSetChildDomain (26ms)
	RebuildCommonClasses (20ms)
	RebuildNativeTypeToScriptingClass (7ms)
	initialDomainReloadingComplete (23ms)
	LoadAllAssembliesAndSetupDomain (170ms)
		LoadAssemblies (219ms)
		RebuildTransferFunctionScriptingTraits (0ms)
		AnalyzeDomain (9ms)
			TypeCache.Refresh (4ms)
				TypeCache.ScanAssembly (0ms)
			ScanForSourceGeneratedMonoScriptInfo (0ms)
			ResolveRequiredComponents (4ms)
	FinalizeReload (1090ms)
		ReleaseScriptCaches (0ms)
		RebuildScriptCaches (0ms)
		SetupLoadedEditorAssemblies (490ms)
			LogAssemblyErrors (0ms)
			InitializePlatformSupportModulesInManaged (6ms)
			SetLoadedEditorAssemblies (2ms)
			RefreshPlugins (0ms)
			BeforeProcessingInitializeOnLoad (59ms)
			ProcessInitializeOnLoadAttributes (390ms)
			ProcessInitializeOnLoadMethodAttributes (24ms)
			AfterProcessingInitializeOnLoad (8ms)
			EditorAssembliesLoaded (0ms)
		ExecutionOrderSort2 (0ms)
		AwakeInstancesAfterBackupRestoration (10ms)
Refreshing native plugins compatible for Editor in 5.24 ms, found 4 plugins.
Preloading 0 native plugins for Editor in 0.00 ms.
Unloading 4061 Unused Serialized files (Serialized files now loaded: 0)
Unloading 25 unused Assets / (213.3 KB). Loaded Objects now: 4568.
Memory consumption went from 146.4 MB to 146.2 MB.
Total: 7.156200 ms (FindLiveObjects: 0.296400 ms CreateObjectMapping: 0.125800 ms MarkObjects: 6.608700 ms  DeleteObjects: 0.123400 ms)

Prepare: number of updated asset objects reloaded= 0
AssetImportParameters requested are different than current active one (requested -> active):
  custom:container-demuxer-ogg: 62fdf1f143b41e24485cea50d1cbac27 -> 
  custom:scripting/monoscript/fileName/enemyvalues.cs: 6d3759815fd7be00f9546723da6f552c -> b2871cba44f342a4684feb21ced01089
  custom:scripting/monoscript/fileName/playerhealth.cs: 627fa3622fd9609fbcb99df0f0e3ffd2 -> 
  custom:video-decoder-ogg-theora: a1e56fd34408186e4bbccfd4996cb3dc -> 
  custom:framework-win-MediaFoundation: 216162199b28c13a410421893ffa2e32 -> 
  custom:scripting/monoscript/fileName/health.cs: b1303998ffee75aadca64949bf0a2211 -> 
  custom:CustomObjectIndexerAttribute: 9a22284fe3817be447336de3de66b15e -> 
  custom:scripting/monoscript/fileName/playervalues.cs: b765fddbee80866c9f4d7e2bde69eaa4 -> fefad19e05659674120111df3ff930d2
  custom:container-demuxer-webm: 4f35f7cbe854078d1ac9338744f61a02 -> 
  custom:scripting/monoscript/fileName/Health.cs: 0e01c5d611b7e6f68d551fd8377c081b -> 
  custom:container-muxer-webm: aa71ff27fc2769a1b78a27578f13a17b -> 
  custom:video-decoder-webm-vp8: 9c59270c3fd7afecdb556c50c9e8de78 -> 
  custom:SearchIndexIgnoredProperties: e643bd26f0fe6173181afceb89e7c659 -> 
  custom:AudioImporter_EditorPlatform: d09bf68614088b80899f8185d706f6e7 -> 
  custom:video-encoder-webm-vp8: eb34c28f22e8b96e1ab97ce403110664 -> 
  custom:scripting/monoscript/fileName/player.cs: b1b0b99e0fbd8450a8ac2481988cbaeb -> 
  custom:scripting/monoscript/fileName/combatsystem.cs: 6cab728e1d8cac4dad7bf9e415b8112a -> 8872a57b1c80ec4a65fcbcdad3cdf073
  custom:audio-decoder-ogg-vorbis: bf7c407c2cedff20999df2af8eb42d56 -> 
  custom:scripting/monoscript/fileName/fill.cs: 8a130407ab27c51b3a1b3dbce120d7b8 -> 
  custom:scripting/monoscript/fileName/health system.cs: e0852ac835be5566af11b3affa17d44c -> 
  custom:audio-encoder-webm-vorbis: bf7c407c2cedff20999df2af8eb42d56 -> 
  custom:scripting/precompiled-assembly-types:Assembly-CSharp: 26fda178f17812100bd0a43243fc1b15 -> db58d614c6af3664d2fa6bb6dd40fe47
========================================================================
Received Prepare
Caller must complete domain reload
Begin MonoManager ReloadAssembly
- Loaded All Assemblies, in  0.355 seconds
Native extension for WindowsStandalone target not found
Native extension for WebGL target not found
System.Exception: Error! Visual Scripting: couldn't find visual scripting package
  at Unity.VisualScripting.PackageVersionUtility.get_version () [0x00043] in .\Library\PackageCache\com.unity.visualscripting@1.9.4\Editor\VisualScripting.Core\Utilities\PackageVersionUtility.cs:31 
  at Unity.VisualScripting.BoltCoreManifest.get_version () [0x00000] in .\Library\PackageCache\com.unity.visualscripting@1.9.4\Editor\VisualScripting.Core\Plugin\BoltCoreManifest.cs:11 
  at Unity.VisualScripting.PluginManifest.get_currentVersion () [0x00000] in .\Library\PackageCache\com.unity.visualscripting@1.9.4\Editor\VisualScripting.Core\Plugins\PluginManifest.cs:33 
  at Unity.VisualScripting.PluginManifest.get_versionMismatch () [0x00000] in .\Library\PackageCache\com.unity.visualscripting@1.9.4\Editor\VisualScripting.Core\Plugins\PluginManifest.cs:48 
  at Unity.VisualScripting.PluginContainer.Initialize () [0x00525] in .\Library\PackageCache\com.unity.visualscripting@1.9.4\Editor\VisualScripting.Core\Plugins\PluginContainer.cs:208 
  at Unity.VisualScripting.PluginContainer.InitializeOnLoad () [0x00009] in .\Library\PackageCache\com.unity.visualscripting@1.9.4\Editor\VisualScripting.Core\Plugins\PluginContainer.cs:32 
  at Unity.VisualScripting.VSUsageUtility.DoInitializeOnLoadCalls () [0x00034] in .\Library\PackageCache\com.unity.visualscripting@1.9.4\Editor\VisualScripting.Core\Utilities\VSUsageUtility.cs:76 
  at Unity.VisualScripting.VSUsageUtility.set_isVisualScriptingUsed (System.Boolean value) [0x0002c] in .\Library\PackageCache\com.unity.visualscripting@1.9.4\Editor\VisualScripting.Core\Utilities\VSUsageUtility.cs:114 
  at Unity.VisualScripting.VSUsageUtility.CheckAndSetIsVisualScriptingUsed () [0x0000d] in .\Library\PackageCache\com.unity.visualscripting@1.9.4\Editor\VisualScripting.Core\Utilities\VSUsageUtility.cs:33 
  at Unity.VisualScripting.VSUsageUtility..cctor () [0x00000] in .\Library\PackageCache\com.unity.visualscripting@1.9.4\Editor\VisualScripting.Core\Utilities\VSUsageUtility.cs:22 
UnityEngine.StackTraceUtility:ExtractStackTrace ()
UnityEngine.DebugLogHandler:LogFormat (UnityEngine.LogType,UnityEngine.Object,string,object[])
UnityEngine.Logger:Log (UnityEngine.LogType,object)
UnityEngine.Debug:LogError (object)
UnityEditor.EditorAssemblies:ProcessInitializeOnLoadAttributes (System.Type[])

[Package Manager] Server::EnsureServerProcessIsRunning -- launch failed, reason: Unity was launched with the -noUpm command-line argument
[Package Manager] UpmClient::Send -- Unable to send message (not connected to UPM process).
[Package Manager] Cannot connect to Unity Package Manager local server
Mono: successfully reloaded assembly
- Finished resetting the current domain, in  1.104 seconds
Domain Reload Profiling: 1455ms
	BeginReloadAssembly (127ms)
		ExecutionOrderSort (0ms)
		DisableScriptedObjects (8ms)
		BackupInstance (0ms)
		ReleaseScriptingObjects (0ms)
		CreateAndSetChildDomain (26ms)
	RebuildCommonClasses (20ms)
	RebuildNativeTypeToScriptingClass (6ms)
	initialDomainReloadingComplete (23ms)
	LoadAllAssembliesAndSetupDomain (173ms)
		LoadAssemblies (223ms)
		RebuildTransferFunctionScriptingTraits (0ms)
		AnalyzeDomain (9ms)
			TypeCache.Refresh (4ms)
				TypeCache.ScanAssembly (0ms)
			ScanForSourceGeneratedMonoScriptInfo (0ms)
			ResolveRequiredComponents (4ms)
	FinalizeReload (1105ms)
		ReleaseScriptCaches (0ms)
		RebuildScriptCaches (0ms)
		SetupLoadedEditorAssemblies (498ms)
			LogAssemblyErrors (0ms)
			InitializePlatformSupportModulesInManaged (7ms)
			SetLoadedEditorAssemblies (3ms)
			RefreshPlugins (0ms)
			BeforeProcessingInitializeOnLoad (64ms)
			ProcessInitializeOnLoadAttributes (395ms)
			ProcessInitializeOnLoadMethodAttributes (22ms)
			AfterProcessingInitializeOnLoad (8ms)
			EditorAssembliesLoaded (0ms)
		ExecutionOrderSort2 (0ms)
		AwakeInstancesAfterBackupRestoration (10ms)
Refreshing native plugins compatible for Editor in 7.77 ms, found 4 plugins.
Preloading 0 native plugins for Editor in 0.00 ms.
Unloading 4062 Unused Serialized files (Serialized files now loaded: 0)
Unloading 25 unused Assets / (213.6 KB). Loaded Objects now: 4573.
Memory consumption went from 146.7 MB to 146.5 MB.
Total: 8.853100 ms (FindLiveObjects: 0.183500 ms CreateObjectMapping: 0.088700 ms MarkObjects: 8.448800 ms  DeleteObjects: 0.131100 ms)

Prepare: number of updated asset objects reloaded= 0
AssetImportParameters requested are different than current active one (requested -> active):
  custom:container-demuxer-ogg: 62fdf1f143b41e24485cea50d1cbac27 -> 
  custom:scripting/monoscript/fileName/enemyvalues.cs: 6d3759815fd7be00f9546723da6f552c -> b2871cba44f342a4684feb21ced01089
  custom:scripting/monoscript/fileName/playerhealth.cs: 627fa3622fd9609fbcb99df0f0e3ffd2 -> 
  custom:video-decoder-ogg-theora: a1e56fd34408186e4bbccfd4996cb3dc -> 
  custom:framework-win-MediaFoundation: 216162199b28c13a410421893ffa2e32 -> 
  custom:scripting/monoscript/fileName/health.cs: b1303998ffee75aadca64949bf0a2211 -> 
  custom:CustomObjectIndexerAttribute: 9a22284fe3817be447336de3de66b15e -> 
  custom:scripting/monoscript/fileName/playervalues.cs: b765fddbee80866c9f4d7e2bde69eaa4 -> fefad19e05659674120111df3ff930d2
  custom:container-demuxer-webm: 4f35f7cbe854078d1ac9338744f61a02 -> 
  custom:scripting/monoscript/fileName/Health.cs: 0e01c5d611b7e6f68d551fd8377c081b -> 
  custom:container-muxer-webm: aa71ff27fc2769a1b78a27578f13a17b -> 
  custom:video-decoder-webm-vp8: 9c59270c3fd7afecdb556c50c9e8de78 -> 
  custom:SearchIndexIgnoredProperties: e643bd26f0fe6173181afceb89e7c659 -> 
  custom:AudioImporter_EditorPlatform: d09bf68614088b80899f8185d706f6e7 -> 
  custom:video-encoder-webm-vp8: eb34c28f22e8b96e1ab97ce403110664 -> 
  custom:scripting/monoscript/fileName/player.cs: b1b0b99e0fbd8450a8ac2481988cbaeb -> 
  custom:scripting/monoscript/fileName/combatsystem.cs: 6cab728e1d8cac4dad7bf9e415b8112a -> 8872a57b1c80ec4a65fcbcdad3cdf073
  custom:audio-decoder-ogg-vorbis: bf7c407c2cedff20999df2af8eb42d56 -> 
  custom:scripting/monoscript/fileName/fill.cs: 8a130407ab27c51b3a1b3dbce120d7b8 -> 
  custom:scripting/monoscript/fileName/health system.cs: e0852ac835be5566af11b3affa17d44c -> 
  custom:audio-encoder-webm-vorbis: bf7c407c2cedff20999df2af8eb42d56 -> 
  custom:scripting/precompiled-assembly-types:Assembly-CSharp: 26fda178f17812100bd0a43243fc1b15 -> db58d614c6af3664d2fa6bb6dd40fe47
========================================================================
Received Prepare
Caller must complete domain reload
Begin MonoManager ReloadAssembly
- Loaded All Assemblies, in  0.361 seconds
Native extension for WindowsStandalone target not found
Native extension for WebGL target not found
System.Exception: Error! Visual Scripting: couldn't find visual scripting package
  at Unity.VisualScripting.PackageVersionUtility.get_version () [0x00043] in .\Library\PackageCache\com.unity.visualscripting@1.9.4\Editor\VisualScripting.Core\Utilities\PackageVersionUtility.cs:31 
  at Unity.VisualScripting.BoltCoreManifest.get_version () [0x00000] in .\Library\PackageCache\com.unity.visualscripting@1.9.4\Editor\VisualScripting.Core\Plugin\BoltCoreManifest.cs:11 
  at Unity.VisualScripting.PluginManifest.get_currentVersion () [0x00000] in .\Library\PackageCache\com.unity.visualscripting@1.9.4\Editor\VisualScripting.Core\Plugins\PluginManifest.cs:33 
  at Unity.VisualScripting.PluginManifest.get_versionMismatch () [0x00000] in .\Library\PackageCache\com.unity.visualscripting@1.9.4\Editor\VisualScripting.Core\Plugins\PluginManifest.cs:48 
  at Unity.VisualScripting.PluginContainer.Initialize () [0x00525] in .\Library\PackageCache\com.unity.visualscripting@1.9.4\Editor\VisualScripting.Core\Plugins\PluginContainer.cs:208 
  at Unity.VisualScripting.PluginContainer.InitializeOnLoad () [0x00009] in .\Library\PackageCache\com.unity.visualscripting@1.9.4\Editor\VisualScripting.Core\Plugins\PluginContainer.cs:32 
  at Unity.VisualScripting.VSUsageUtility.DoInitializeOnLoadCalls () [0x00034] in .\Library\PackageCache\com.unity.visualscripting@1.9.4\Editor\VisualScripting.Core\Utilities\VSUsageUtility.cs:76 
  at Unity.VisualScripting.VSUsageUtility.set_isVisualScriptingUsed (System.Boolean value) [0x0002c] in .\Library\PackageCache\com.unity.visualscripting@1.9.4\Editor\VisualScripting.Core\Utilities\VSUsageUtility.cs:114 
  at Unity.VisualScripting.VSUsageUtility.CheckAndSetIsVisualScriptingUsed () [0x0000d] in .\Library\PackageCache\com.unity.visualscripting@1.9.4\Editor\VisualScripting.Core\Utilities\VSUsageUtility.cs:33 
  at Unity.VisualScripting.VSUsageUtility..cctor () [0x00000] in .\Library\PackageCache\com.unity.visualscripting@1.9.4\Editor\VisualScripting.Core\Utilities\VSUsageUtility.cs:22 
UnityEngine.StackTraceUtility:ExtractStackTrace ()
UnityEngine.DebugLogHandler:LogFormat (UnityEngine.LogType,UnityEngine.Object,string,object[])
UnityEngine.Logger:Log (UnityEngine.LogType,object)
UnityEngine.Debug:LogError (object)
UnityEditor.EditorAssemblies:ProcessInitializeOnLoadAttributes (System.Type[])

[Package Manager] Server::EnsureServerProcessIsRunning -- launch failed, reason: Unity was launched with the -noUpm command-line argument
[Package Manager] UpmClient::Send -- Unable to send message (not connected to UPM process).
[Package Manager] Cannot connect to Unity Package Manager local server
Mono: successfully reloaded assembly
- Finished resetting the current domain, in  1.170 seconds
Domain Reload Profiling: 1527ms
	BeginReloadAssembly (125ms)
		ExecutionOrderSort (0ms)
		DisableScriptedObjects (7ms)
		BackupInstance (0ms)
		ReleaseScriptingObjects (0ms)
		CreateAndSetChildDomain (26ms)
	RebuildCommonClasses (20ms)
	RebuildNativeTypeToScriptingClass (6ms)
	initialDomainReloadingComplete (24ms)
	LoadAllAssembliesAndSetupDomain (181ms)
		LoadAssemblies (230ms)
		RebuildTransferFunctionScriptingTraits (0ms)
		AnalyzeDomain (10ms)
			TypeCache.Refresh (5ms)
				TypeCache.ScanAssembly (0ms)
			ScanForSourceGeneratedMonoScriptInfo (0ms)
			ResolveRequiredComponents (4ms)
	FinalizeReload (1170ms)
		ReleaseScriptCaches (0ms)
		RebuildScriptCaches (0ms)
		SetupLoadedEditorAssemblies (514ms)
			LogAssemblyErrors (0ms)
			InitializePlatformSupportModulesInManaged (7ms)
			SetLoadedEditorAssemblies (3ms)
			RefreshPlugins (0ms)
			BeforeProcessingInitializeOnLoad (61ms)
			ProcessInitializeOnLoadAttributes (411ms)
			ProcessInitializeOnLoadMethodAttributes (25ms)
			AfterProcessingInitializeOnLoad (8ms)
			EditorAssembliesLoaded (0ms)
		ExecutionOrderSort2 (0ms)
		AwakeInstancesAfterBackupRestoration (10ms)
Refreshing native plugins compatible for Editor in 6.02 ms, found 4 plugins.
Preloading 0 native plugins for Editor in 0.00 ms.
Unloading 4062 Unused Serialized files (Serialized files now loaded: 0)
Unloading 25 unused Assets / (213.5 KB). Loaded Objects now: 4578.
Memory consumption went from 146.7 MB to 146.5 MB.
Total: 7.223100 ms (FindLiveObjects: 0.179500 ms CreateObjectMapping: 0.089400 ms MarkObjects: 6.776300 ms  DeleteObjects: 0.177000 ms)

Prepare: number of updated asset objects reloaded= 0
AssetImportParameters requested are different than current active one (requested -> active):
  custom:container-demuxer-ogg: 62fdf1f143b41e24485cea50d1cbac27 -> 
  custom:scripting/monoscript/fileName/enemyvalues.cs: 6d3759815fd7be00f9546723da6f552c -> b2871cba44f342a4684feb21ced01089
  custom:scripting/monoscript/fileName/playerhealth.cs: 627fa3622fd9609fbcb99df0f0e3ffd2 -> 
  custom:video-decoder-ogg-theora: a1e56fd34408186e4bbccfd4996cb3dc -> 
  custom:framework-win-MediaFoundation: 216162199b28c13a410421893ffa2e32 -> 
  custom:scripting/monoscript/fileName/health.cs: b1303998ffee75aadca64949bf0a2211 -> 
  custom:CustomObjectIndexerAttribute: 9a22284fe3817be447336de3de66b15e -> 
  custom:scripting/monoscript/fileName/playervalues.cs: b765fddbee80866c9f4d7e2bde69eaa4 -> fefad19e05659674120111df3ff930d2
  custom:container-demuxer-webm: 4f35f7cbe854078d1ac9338744f61a02 -> 
  custom:scripting/monoscript/fileName/Health.cs: 0e01c5d611b7e6f68d551fd8377c081b -> 
  custom:container-muxer-webm: aa71ff27fc2769a1b78a27578f13a17b -> 
  custom:video-decoder-webm-vp8: 9c59270c3fd7afecdb556c50c9e8de78 -> 
  custom:SearchIndexIgnoredProperties: e643bd26f0fe6173181afceb89e7c659 -> 
  custom:AudioImporter_EditorPlatform: d09bf68614088b80899f8185d706f6e7 -> 
  custom:video-encoder-webm-vp8: eb34c28f22e8b96e1ab97ce403110664 -> 
  custom:scripting/monoscript/fileName/player.cs: b1b0b99e0fbd8450a8ac2481988cbaeb -> 
  custom:scripting/monoscript/fileName/combatsystem.cs: 6cab728e1d8cac4dad7bf9e415b8112a -> 8872a57b1c80ec4a65fcbcdad3cdf073
  custom:audio-decoder-ogg-vorbis: bf7c407c2cedff20999df2af8eb42d56 -> 
  custom:scripting/monoscript/fileName/fill.cs: 8a130407ab27c51b3a1b3dbce120d7b8 -> 
  custom:scripting/monoscript/fileName/health system.cs: e0852ac835be5566af11b3affa17d44c -> 
  custom:audio-encoder-webm-vorbis: bf7c407c2cedff20999df2af8eb42d56 -> 
  custom:scripting/precompiled-assembly-types:Assembly-CSharp: 26fda178f17812100bd0a43243fc1b15 -> db58d614c6af3664d2fa6bb6dd40fe47
========================================================================
Received Import Request.
  Time since last request: 115.949865 seconds.
  path: Assets/characters/enemy (goblin)/goblin.prefab
  artifactKey: Guid(a9af2c918aaccf140b32a84867cd3e2e) Importer(815301076,1909f56bfc062723c751e8b465ee728b)
Start importing Assets/characters/enemy (goblin)/goblin.prefab using Guid(a9af2c918aaccf140b32a84867cd3e2e) Importer(815301076,1909f56bfc062723c751e8b465ee728b) [PhysX] Initialized MultithreadedTaskDispatcher with 20 workers.
 -> (artifact id: '2380b4de4baaaf6dc2716253fb9689f0') in 0.002390 seconds
Number of updated asset objects reloaded before import = 0
Number of asset objects unloaded after import = 0
========================================================================
Received Import Request.
  Time since last request: 0.522994 seconds.
  path: Assets/characters/Player (Galahad)/player_galahad.prefab
  artifactKey: Guid(12f2cb076f079644f9752db018c92c2d) Importer(815301076,1909f56bfc062723c751e8b465ee728b)
Start importing Assets/characters/Player (Galahad)/player_galahad.prefab using Guid(12f2cb076f079644f9752db018c92c2d) Importer(815301076,1909f56bfc062723c751e8b465ee728b) [PhysX] Initialized MultithreadedTaskDispatcher with 20 workers.
 -> (artifact id: '652f525a92d4693453d5eeee5ffc7cde') in 0.000523 seconds
Number of updated asset objects reloaded before import = 0
Number of asset objects unloaded after import = 0
========================================================================
Received Import Request.
  Time since last request: 158.876618 seconds.
  path: Assets/characters/Player (Galahad)/player_galahad.prefab
  artifactKey: Guid(12f2cb076f079644f9752db018c92c2d) Importer(815301076,1909f56bfc062723c751e8b465ee728b)
Start importing Assets/characters/Player (Galahad)/player_galahad.prefab using Guid(12f2cb076f079644f9752db018c92c2d) Importer(815301076,1909f56bfc062723c751e8b465ee728b) [PhysX] Initialized MultithreadedTaskDispatcher with 20 workers.
 -> (artifact id: '652f525a92d4693453d5eeee5ffc7cde') in 0.001088 seconds
Number of updated asset objects reloaded before import = 0
Number of asset objects unloaded after import = 0
========================================================================
Received Prepare
Caller must complete domain reload
Begin MonoManager ReloadAssembly
- Loaded All Assemblies, in  0.655 seconds
Native extension for WindowsStandalone target not found
Native extension for WebGL target not found
System.Exception: Error! Visual Scripting: couldn't find visual scripting package
  at Unity.VisualScripting.PackageVersionUtility.get_version () [0x00043] in .\Library\PackageCache\com.unity.visualscripting@1.9.4\Editor\VisualScripting.Core\Utilities\PackageVersionUtility.cs:31 
  at Unity.VisualScripting.BoltCoreManifest.get_version () [0x00000] in .\Library\PackageCache\com.unity.visualscripting@1.9.4\Editor\VisualScripting.Core\Plugin\BoltCoreManifest.cs:11 
  at Unity.VisualScripting.PluginManifest.get_currentVersion () [0x00000] in .\Library\PackageCache\com.unity.visualscripting@1.9.4\Editor\VisualScripting.Core\Plugins\PluginManifest.cs:33 
  at Unity.VisualScripting.PluginManifest.get_versionMismatch () [0x00000] in .\Library\PackageCache\com.unity.visualscripting@1.9.4\Editor\VisualScripting.Core\Plugins\PluginManifest.cs:48 
  at Unity.VisualScripting.PluginContainer.Initialize () [0x00525] in .\Library\PackageCache\com.unity.visualscripting@1.9.4\Editor\VisualScripting.Core\Plugins\PluginContainer.cs:208 
  at Unity.VisualScripting.PluginContainer.InitializeOnLoad () [0x00009] in .\Library\PackageCache\com.unity.visualscripting@1.9.4\Editor\VisualScripting.Core\Plugins\PluginContainer.cs:32 
  at Unity.VisualScripting.VSUsageUtility.DoInitializeOnLoadCalls () [0x00034] in .\Library\PackageCache\com.unity.visualscripting@1.9.4\Editor\VisualScripting.Core\Utilities\VSUsageUtility.cs:76 
  at Unity.VisualScripting.VSUsageUtility.set_isVisualScriptingUsed (System.Boolean value) [0x0002c] in .\Library\PackageCache\com.unity.visualscripting@1.9.4\Editor\VisualScripting.Core\Utilities\VSUsageUtility.cs:114 
  at Unity.VisualScripting.VSUsageUtility.CheckAndSetIsVisualScriptingUsed () [0x0000d] in .\Library\PackageCache\com.unity.visualscripting@1.9.4\Editor\VisualScripting.Core\Utilities\VSUsageUtility.cs:33 
  at Unity.VisualScripting.VSUsageUtility..cctor () [0x00000] in .\Library\PackageCache\com.unity.visualscripting@1.9.4\Editor\VisualScripting.Core\Utilities\VSUsageUtility.cs:22 
UnityEngine.StackTraceUtility:ExtractStackTrace ()
UnityEngine.DebugLogHandler:LogFormat (UnityEngine.LogType,UnityEngine.Object,string,object[])
UnityEngine.Logger:Log (UnityEngine.LogType,object)
UnityEngine.Debug:LogError (object)
UnityEditor.EditorAssemblies:ProcessInitializeOnLoadAttributes (System.Type[])

[Package Manager] Server::EnsureServerProcessIsRunning -- launch failed, reason: Unity was launched with the -noUpm command-line argument
[Package Manager] UpmClient::Send -- Unable to send message (not connected to UPM process).
[Package Manager] Cannot connect to Unity Package Manager local server
Mono: successfully reloaded assembly
- Finished resetting the current domain, in  1.128 seconds
Domain Reload Profiling: 1775ms
	BeginReloadAssembly (203ms)
		ExecutionOrderSort (0ms)
		DisableScriptedObjects (12ms)
		BackupInstance (0ms)
		ReleaseScriptingObjects (0ms)
		CreateAndSetChildDomain (39ms)
	RebuildCommonClasses (36ms)
	RebuildNativeTypeToScriptingClass (13ms)
	initialDomainReloadingComplete (44ms)
	LoadAllAssembliesAndSetupDomain (349ms)
		LoadAssemblies (416ms)
		RebuildTransferFunctionScriptingTraits (0ms)
		AnalyzeDomain (35ms)
			TypeCache.Refresh (13ms)
				TypeCache.ScanAssembly (1ms)
			ScanForSourceGeneratedMonoScriptInfo (13ms)
			ResolveRequiredComponents (8ms)
	FinalizeReload (1128ms)
		ReleaseScriptCaches (0ms)
		RebuildScriptCaches (0ms)
		SetupLoadedEditorAssemblies (442ms)
			LogAssemblyErrors (0ms)
			InitializePlatformSupportModulesInManaged (5ms)
			SetLoadedEditorAssemblies (2ms)
			RefreshPlugins (0ms)
			BeforeProcessingInitializeOnLoad (54ms)
			ProcessInitializeOnLoadAttributes (353ms)
			ProcessInitializeOnLoadMethodAttributes (21ms)
			AfterProcessingInitializeOnLoad (7ms)
			EditorAssembliesLoaded (0ms)
		ExecutionOrderSort2 (0ms)
		AwakeInstancesAfterBackupRestoration (9ms)
Refreshing native plugins compatible for Editor in 6.19 ms, found 4 plugins.
Preloading 0 native plugins for Editor in 0.00 ms.
Unloading 4061 Unused Serialized files (Serialized files now loaded: 0)
Unloading 25 unused Assets / (213.6 KB). Loaded Objects now: 4583.
Memory consumption went from 146.5 MB to 146.2 MB.
Total: 6.956600 ms (FindLiveObjects: 0.204100 ms CreateObjectMapping: 0.084300 ms MarkObjects: 6.536300 ms  DeleteObjects: 0.131100 ms)

Prepare: number of updated asset objects reloaded= 0
AssetImportParameters requested are different than current active one (requested -> active):
  custom:container-demuxer-ogg: 62fdf1f143b41e24485cea50d1cbac27 -> 
  custom:scripting/monoscript/fileName/enemyvalues.cs: 6d3759815fd7be00f9546723da6f552c -> b2871cba44f342a4684feb21ced01089
  custom:scripting/monoscript/fileName/playerhealth.cs: 627fa3622fd9609fbcb99df0f0e3ffd2 -> 
  custom:video-decoder-ogg-theora: a1e56fd34408186e4bbccfd4996cb3dc -> 
  custom:framework-win-MediaFoundation: 216162199b28c13a410421893ffa2e32 -> 
  custom:scripting/monoscript/fileName/health.cs: b1303998ffee75aadca64949bf0a2211 -> 
  custom:CustomObjectIndexerAttribute: 9a22284fe3817be447336de3de66b15e -> 
  custom:scripting/monoscript/fileName/playervalues.cs: b765fddbee80866c9f4d7e2bde69eaa4 -> fefad19e05659674120111df3ff930d2
  custom:container-demuxer-webm: 4f35f7cbe854078d1ac9338744f61a02 -> 
  custom:scripting/monoscript/fileName/Health.cs: 0e01c5d611b7e6f68d551fd8377c081b -> 
  custom:container-muxer-webm: aa71ff27fc2769a1b78a27578f13a17b -> 
  custom:video-decoder-webm-vp8: 9c59270c3fd7afecdb556c50c9e8de78 -> 
  custom:SearchIndexIgnoredProperties: e643bd26f0fe6173181afceb89e7c659 -> 
  custom:AudioImporter_EditorPlatform: d09bf68614088b80899f8185d706f6e7 -> 
  custom:video-encoder-webm-vp8: eb34c28f22e8b96e1ab97ce403110664 -> 
  custom:scripting/monoscript/fileName/player.cs: b1b0b99e0fbd8450a8ac2481988cbaeb -> 
  custom:scripting/monoscript/fileName/combatsystem.cs: 6cab728e1d8cac4dad7bf9e415b8112a -> 8872a57b1c80ec4a65fcbcdad3cdf073
  custom:audio-decoder-ogg-vorbis: bf7c407c2cedff20999df2af8eb42d56 -> 
  custom:scripting/monoscript/fileName/fill.cs: 8a130407ab27c51b3a1b3dbce120d7b8 -> 
  custom:scripting/monoscript/fileName/health system.cs: e0852ac835be5566af11b3affa17d44c -> 
  custom:audio-encoder-webm-vorbis: bf7c407c2cedff20999df2af8eb42d56 -> 
  custom:scripting/precompiled-assembly-types:Assembly-CSharp: 26fda178f17812100bd0a43243fc1b15 -> db58d614c6af3664d2fa6bb6dd40fe47
========================================================================
Received Import Request.
  Time since last request: 6.380839 seconds.
  path: Assets/characters/Player (Galahad)/player_galahad.prefab
  artifactKey: Guid(12f2cb076f079644f9752db018c92c2d) Importer(815301076,1909f56bfc062723c751e8b465ee728b)
Start importing Assets/characters/Player (Galahad)/player_galahad.prefab using Guid(12f2cb076f079644f9752db018c92c2d) Importer(815301076,1909f56bfc062723c751e8b465ee728b) [PhysX] Initialized MultithreadedTaskDispatcher with 20 workers.
 -> (artifact id: '652f525a92d4693453d5eeee5ffc7cde') in 0.001846 seconds
Number of updated asset objects reloaded before import = 0
Number of asset objects unloaded after import = 0
========================================================================
Received Prepare
Caller must complete domain reload
Begin MonoManager ReloadAssembly
- Loaded All Assemblies, in  0.349 seconds
Native extension for WindowsStandalone target not found
Native extension for WebGL target not found
System.Exception: Error! Visual Scripting: couldn't find visual scripting package
  at Unity.VisualScripting.PackageVersionUtility.get_version () [0x00043] in .\Library\PackageCache\com.unity.visualscripting@1.9.4\Editor\VisualScripting.Core\Utilities\PackageVersionUtility.cs:31 
  at Unity.VisualScripting.BoltCoreManifest.get_version () [0x00000] in .\Library\PackageCache\com.unity.visualscripting@1.9.4\Editor\VisualScripting.Core\Plugin\BoltCoreManifest.cs:11 
  at Unity.VisualScripting.PluginManifest.get_currentVersion () [0x00000] in .\Library\PackageCache\com.unity.visualscripting@1.9.4\Editor\VisualScripting.Core\Plugins\PluginManifest.cs:33 
  at Unity.VisualScripting.PluginManifest.get_versionMismatch () [0x00000] in .\Library\PackageCache\com.unity.visualscripting@1.9.4\Editor\VisualScripting.Core\Plugins\PluginManifest.cs:48 
  at Unity.VisualScripting.PluginContainer.Initialize () [0x00525] in .\Library\PackageCache\com.unity.visualscripting@1.9.4\Editor\VisualScripting.Core\Plugins\PluginContainer.cs:208 
  at Unity.VisualScripting.PluginContainer.InitializeOnLoad () [0x00009] in .\Library\PackageCache\com.unity.visualscripting@1.9.4\Editor\VisualScripting.Core\Plugins\PluginContainer.cs:32 
  at Unity.VisualScripting.VSUsageUtility.DoInitializeOnLoadCalls () [0x00034] in .\Library\PackageCache\com.unity.visualscripting@1.9.4\Editor\VisualScripting.Core\Utilities\VSUsageUtility.cs:76 
  at Unity.VisualScripting.VSUsageUtility.set_isVisualScriptingUsed (System.Boolean value) [0x0002c] in .\Library\PackageCache\com.unity.visualscripting@1.9.4\Editor\VisualScripting.Core\Utilities\VSUsageUtility.cs:114 
  at Unity.VisualScripting.VSUsageUtility.CheckAndSetIsVisualScriptingUsed () [0x0000d] in .\Library\PackageCache\com.unity.visualscripting@1.9.4\Editor\VisualScripting.Core\Utilities\VSUsageUtility.cs:33 
  at Unity.VisualScripting.VSUsageUtility..cctor () [0x00000] in .\Library\PackageCache\com.unity.visualscripting@1.9.4\Editor\VisualScripting.Core\Utilities\VSUsageUtility.cs:22 
UnityEngine.StackTraceUtility:ExtractStackTrace ()
UnityEngine.DebugLogHandler:LogFormat (UnityEngine.LogType,UnityEngine.Object,string,object[])
UnityEngine.Logger:Log (UnityEngine.LogType,object)
UnityEngine.Debug:LogError (object)
UnityEditor.EditorAssemblies:ProcessInitializeOnLoadAttributes (System.Type[])

[Package Manager] Server::EnsureServerProcessIsRunning -- launch failed, reason: Unity was launched with the -noUpm command-line argument
[Package Manager] UpmClient::Send -- Unable to send message (not connected to UPM process).
[Package Manager] Cannot connect to Unity Package Manager local server
Mono: successfully reloaded assembly
- Finished resetting the current domain, in  1.072 seconds
Domain Reload Profiling: 1417ms
	BeginReloadAssembly (124ms)
		ExecutionOrderSort (0ms)
		DisableScriptedObjects (7ms)
		BackupInstance (0ms)
		ReleaseScriptingObjects (0ms)
		CreateAndSetChildDomain (26ms)
	RebuildCommonClasses (21ms)
	RebuildNativeTypeToScriptingClass (7ms)
	initialDomainReloadingComplete (23ms)
	LoadAllAssembliesAndSetupDomain (170ms)
		LoadAssemblies (216ms)
		RebuildTransferFunctionScriptingTraits (0ms)
		AnalyzeDomain (10ms)
			TypeCache.Refresh (5ms)
				TypeCache.ScanAssembly (0ms)
			ScanForSourceGeneratedMonoScriptInfo (0ms)
			ResolveRequiredComponents (4ms)
	FinalizeReload (1073ms)
		ReleaseScriptCaches (0ms)
		RebuildScriptCaches (0ms)
		SetupLoadedEditorAssemblies (476ms)
			LogAssemblyErrors (0ms)
			InitializePlatformSupportModulesInManaged (6ms)
			SetLoadedEditorAssemblies (2ms)
			RefreshPlugins (0ms)
			BeforeProcessingInitializeOnLoad (59ms)
			ProcessInitializeOnLoadAttributes (377ms)
			ProcessInitializeOnLoadMethodAttributes (24ms)
			AfterProcessingInitializeOnLoad (7ms)
			EditorAssembliesLoaded (0ms)
		ExecutionOrderSort2 (0ms)
		AwakeInstancesAfterBackupRestoration (10ms)
Refreshing native plugins compatible for Editor in 5.52 ms, found 4 plugins.
Preloading 0 native plugins for Editor in 0.00 ms.
Unloading 4061 Unused Serialized files (Serialized files now loaded: 0)
Unloading 25 unused Assets / (213.6 KB). Loaded Objects now: 4588.
Memory consumption went from 146.5 MB to 146.2 MB.
Total: 7.088000 ms (FindLiveObjects: 0.267200 ms CreateObjectMapping: 0.085700 ms MarkObjects: 6.606700 ms  DeleteObjects: 0.127300 ms)

Prepare: number of updated asset objects reloaded= 0
AssetImportParameters requested are different than current active one (requested -> active):
  custom:container-demuxer-ogg: 62fdf1f143b41e24485cea50d1cbac27 -> 
  custom:scripting/monoscript/fileName/enemyvalues.cs: 6d3759815fd7be00f9546723da6f552c -> b2871cba44f342a4684feb21ced01089
  custom:scripting/monoscript/fileName/playerhealth.cs: 627fa3622fd9609fbcb99df0f0e3ffd2 -> 
  custom:video-decoder-ogg-theora: a1e56fd34408186e4bbccfd4996cb3dc -> 
  custom:framework-win-MediaFoundation: 216162199b28c13a410421893ffa2e32 -> 
  custom:scripting/monoscript/fileName/health.cs: b1303998ffee75aadca64949bf0a2211 -> 
  custom:CustomObjectIndexerAttribute: 9a22284fe3817be447336de3de66b15e -> 
  custom:scripting/monoscript/fileName/playervalues.cs: b765fddbee80866c9f4d7e2bde69eaa4 -> fefad19e05659674120111df3ff930d2
  custom:container-demuxer-webm: 4f35f7cbe854078d1ac9338744f61a02 -> 
  custom:scripting/monoscript/fileName/Health.cs: 0e01c5d611b7e6f68d551fd8377c081b -> 
  custom:container-muxer-webm: aa71ff27fc2769a1b78a27578f13a17b -> 
  custom:video-decoder-webm-vp8: 9c59270c3fd7afecdb556c50c9e8de78 -> 
  custom:SearchIndexIgnoredProperties: e643bd26f0fe6173181afceb89e7c659 -> 
  custom:AudioImporter_EditorPlatform: d09bf68614088b80899f8185d706f6e7 -> 
  custom:video-encoder-webm-vp8: eb34c28f22e8b96e1ab97ce403110664 -> 
  custom:scripting/monoscript/fileName/player.cs: b1b0b99e0fbd8450a8ac2481988cbaeb -> 
  custom:scripting/monoscript/fileName/combatsystem.cs: 6cab728e1d8cac4dad7bf9e415b8112a -> 8872a57b1c80ec4a65fcbcdad3cdf073
  custom:audio-decoder-ogg-vorbis: bf7c407c2cedff20999df2af8eb42d56 -> 
  custom:scripting/monoscript/fileName/fill.cs: 8a130407ab27c51b3a1b3dbce120d7b8 -> 
  custom:scripting/monoscript/fileName/health system.cs: e0852ac835be5566af11b3affa17d44c -> 
  custom:audio-encoder-webm-vorbis: bf7c407c2cedff20999df2af8eb42d56 -> 
  custom:scripting/precompiled-assembly-types:Assembly-CSharp: 26fda178f17812100bd0a43243fc1b15 -> db58d614c6af3664d2fa6bb6dd40fe47
========================================================================
Received Import Request.
  Time since last request: 17.060687 seconds.
  path: Assets/characters/Player (Galahad)/player_galahad.prefab
  artifactKey: Guid(12f2cb076f079644f9752db018c92c2d) Importer(815301076,1909f56bfc062723c751e8b465ee728b)
Start importing Assets/characters/Player (Galahad)/player_galahad.prefab using Guid(12f2cb076f079644f9752db018c92c2d) Importer(815301076,1909f56bfc062723c751e8b465ee728b) [PhysX] Initialized MultithreadedTaskDispatcher with 20 workers.
 -> (artifact id: '652f525a92d4693453d5eeee5ffc7cde') in 0.001785 seconds
Number of updated asset objects reloaded before import = 0
Number of asset objects unloaded after import = 0
========================================================================
Received Import Request.
  Time since last request: 89.886940 seconds.
  path: Assets/characters/Player (Galahad)/player_galahad.prefab
  artifactKey: Guid(12f2cb076f079644f9752db018c92c2d) Importer(815301076,1909f56bfc062723c751e8b465ee728b)
Start importing Assets/characters/Player (Galahad)/player_galahad.prefab using Guid(12f2cb076f079644f9752db018c92c2d) Importer(815301076,1909f56bfc062723c751e8b465ee728b) [PhysX] Initialized MultithreadedTaskDispatcher with 20 workers.
 -> (artifact id: '652f525a92d4693453d5eeee5ffc7cde') in 0.000638 seconds
Number of updated asset objects reloaded before import = 0
Number of asset objects unloaded after import = 0
========================================================================
Received Prepare
Caller must complete domain reload
Begin MonoManager ReloadAssembly
- Loaded All Assemblies, in  0.353 seconds
Native extension for WindowsStandalone target not found
Native extension for WebGL target not found
System.Exception: Error! Visual Scripting: couldn't find visual scripting package
  at Unity.VisualScripting.PackageVersionUtility.get_version () [0x00043] in .\Library\PackageCache\com.unity.visualscripting@1.9.4\Editor\VisualScripting.Core\Utilities\PackageVersionUtility.cs:31 
  at Unity.VisualScripting.BoltCoreManifest.get_version () [0x00000] in .\Library\PackageCache\com.unity.visualscripting@1.9.4\Editor\VisualScripting.Core\Plugin\BoltCoreManifest.cs:11 
  at Unity.VisualScripting.PluginManifest.get_currentVersion () [0x00000] in .\Library\PackageCache\com.unity.visualscripting@1.9.4\Editor\VisualScripting.Core\Plugins\PluginManifest.cs:33 
  at Unity.VisualScripting.PluginManifest.get_versionMismatch () [0x00000] in .\Library\PackageCache\com.unity.visualscripting@1.9.4\Editor\VisualScripting.Core\Plugins\PluginManifest.cs:48 
  at Unity.VisualScripting.PluginContainer.Initialize () [0x00525] in .\Library\PackageCache\com.unity.visualscripting@1.9.4\Editor\VisualScripting.Core\Plugins\PluginContainer.cs:208 
  at Unity.VisualScripting.PluginContainer.InitializeOnLoad () [0x00009] in .\Library\PackageCache\com.unity.visualscripting@1.9.4\Editor\VisualScripting.Core\Plugins\PluginContainer.cs:32 
  at Unity.VisualScripting.VSUsageUtility.DoInitializeOnLoadCalls () [0x00034] in .\Library\PackageCache\com.unity.visualscripting@1.9.4\Editor\VisualScripting.Core\Utilities\VSUsageUtility.cs:76 
  at Unity.VisualScripting.VSUsageUtility.set_isVisualScriptingUsed (System.Boolean value) [0x0002c] in .\Library\PackageCache\com.unity.visualscripting@1.9.4\Editor\VisualScripting.Core\Utilities\VSUsageUtility.cs:114 
  at Unity.VisualScripting.VSUsageUtility.CheckAndSetIsVisualScriptingUsed () [0x0000d] in .\Library\PackageCache\com.unity.visualscripting@1.9.4\Editor\VisualScripting.Core\Utilities\VSUsageUtility.cs:33 
  at Unity.VisualScripting.VSUsageUtility..cctor () [0x00000] in .\Library\PackageCache\com.unity.visualscripting@1.9.4\Editor\VisualScripting.Core\Utilities\VSUsageUtility.cs:22 
UnityEngine.StackTraceUtility:ExtractStackTrace ()
UnityEngine.DebugLogHandler:LogFormat (UnityEngine.LogType,UnityEngine.Object,string,object[])
UnityEngine.Logger:Log (UnityEngine.LogType,object)
UnityEngine.Debug:LogError (object)
UnityEditor.EditorAssemblies:ProcessInitializeOnLoadAttributes (System.Type[])

[Package Manager] Server::EnsureServerProcessIsRunning -- launch failed, reason: Unity was launched with the -noUpm command-line argument
[Package Manager] UpmClient::Send -- Unable to send message (not connected to UPM process).
[Package Manager] Cannot connect to Unity Package Manager local server
Mono: successfully reloaded assembly
- Finished resetting the current domain, in  1.097 seconds
Domain Reload Profiling: 1447ms
	BeginReloadAssembly (126ms)
		ExecutionOrderSort (0ms)
		DisableScriptedObjects (7ms)
		BackupInstance (0ms)
		ReleaseScriptingObjects (0ms)
		CreateAndSetChildDomain (27ms)
	RebuildCommonClasses (20ms)
	RebuildNativeTypeToScriptingClass (8ms)
	initialDomainReloadingComplete (23ms)
	LoadAllAssembliesAndSetupDomain (172ms)
		LoadAssemblies (221ms)
		RebuildTransferFunctionScriptingTraits (0ms)
		AnalyzeDomain (10ms)
			TypeCache.Refresh (5ms)
				TypeCache.ScanAssembly (0ms)
			ScanForSourceGeneratedMonoScriptInfo (0ms)
			ResolveRequiredComponents (4ms)
	FinalizeReload (1097ms)
		ReleaseScriptCaches (0ms)
		RebuildScriptCaches (0ms)
		SetupLoadedEditorAssemblies (505ms)
			LogAssemblyErrors (0ms)
			InitializePlatformSupportModulesInManaged (7ms)
			SetLoadedEditorAssemblies (2ms)
			RefreshPlugins (0ms)
			BeforeProcessingInitializeOnLoad (60ms)
			ProcessInitializeOnLoadAttributes (403ms)
			ProcessInitializeOnLoadMethodAttributes (24ms)
			AfterProcessingInitializeOnLoad (8ms)
			EditorAssembliesLoaded (0ms)
		ExecutionOrderSort2 (0ms)
		AwakeInstancesAfterBackupRestoration (10ms)
Refreshing native plugins compatible for Editor in 4.81 ms, found 4 plugins.
Preloading 0 native plugins for Editor in 0.00 ms.
Unloading 4061 Unused Serialized files (Serialized files now loaded: 0)
Unloading 25 unused Assets / (213.3 KB). Loaded Objects now: 4593.
Memory consumption went from 146.5 MB to 146.2 MB.
Total: 7.417900 ms (FindLiveObjects: 0.193300 ms CreateObjectMapping: 0.113900 ms MarkObjects: 6.968200 ms  DeleteObjects: 0.141800 ms)

Prepare: number of updated asset objects reloaded= 0
AssetImportParameters requested are different than current active one (requested -> active):
  custom:container-demuxer-ogg: 62fdf1f143b41e24485cea50d1cbac27 -> 
  custom:scripting/monoscript/fileName/enemyvalues.cs: 6d3759815fd7be00f9546723da6f552c -> b2871cba44f342a4684feb21ced01089
  custom:scripting/monoscript/fileName/playerhealth.cs: 627fa3622fd9609fbcb99df0f0e3ffd2 -> 
  custom:video-decoder-ogg-theora: a1e56fd34408186e4bbccfd4996cb3dc -> 
  custom:framework-win-MediaFoundation: 216162199b28c13a410421893ffa2e32 -> 
  custom:scripting/monoscript/fileName/health.cs: b1303998ffee75aadca64949bf0a2211 -> 
  custom:CustomObjectIndexerAttribute: 9a22284fe3817be447336de3de66b15e -> 
  custom:scripting/monoscript/fileName/playervalues.cs: b765fddbee80866c9f4d7e2bde69eaa4 -> fefad19e05659674120111df3ff930d2
  custom:container-demuxer-webm: 4f35f7cbe854078d1ac9338744f61a02 -> 
  custom:scripting/monoscript/fileName/Health.cs: 0e01c5d611b7e6f68d551fd8377c081b -> 
  custom:container-muxer-webm: aa71ff27fc2769a1b78a27578f13a17b -> 
  custom:video-decoder-webm-vp8: 9c59270c3fd7afecdb556c50c9e8de78 -> 
  custom:SearchIndexIgnoredProperties: e643bd26f0fe6173181afceb89e7c659 -> 
  custom:AudioImporter_EditorPlatform: d09bf68614088b80899f8185d706f6e7 -> 
  custom:video-encoder-webm-vp8: eb34c28f22e8b96e1ab97ce403110664 -> 
  custom:scripting/monoscript/fileName/player.cs: b1b0b99e0fbd8450a8ac2481988cbaeb -> 
  custom:scripting/monoscript/fileName/combatsystem.cs: 6cab728e1d8cac4dad7bf9e415b8112a -> 8872a57b1c80ec4a65fcbcdad3cdf073
  custom:audio-decoder-ogg-vorbis: bf7c407c2cedff20999df2af8eb42d56 -> 
  custom:scripting/monoscript/fileName/fill.cs: 8a130407ab27c51b3a1b3dbce120d7b8 -> 
  custom:scripting/monoscript/fileName/health system.cs: e0852ac835be5566af11b3affa17d44c -> 
  custom:audio-encoder-webm-vorbis: bf7c407c2cedff20999df2af8eb42d56 -> 
  custom:scripting/precompiled-assembly-types:Assembly-CSharp: 26fda178f17812100bd0a43243fc1b15 -> db58d614c6af3664d2fa6bb6dd40fe47
========================================================================
Received Import Request.
  Time since last request: 56.253288 seconds.
  path: Assets/characters/Player (Galahad)/player_galahad.prefab
  artifactKey: Guid(12f2cb076f079644f9752db018c92c2d) Importer(815301076,1909f56bfc062723c751e8b465ee728b)
Start importing Assets/characters/Player (Galahad)/player_galahad.prefab using Guid(12f2cb076f079644f9752db018c92c2d) Importer(815301076,1909f56bfc062723c751e8b465ee728b) [PhysX] Initialized MultithreadedTaskDispatcher with 20 workers.
 -> (artifact id: '652f525a92d4693453d5eeee5ffc7cde') in 0.002024 seconds
Number of updated asset objects reloaded before import = 0
Number of asset objects unloaded after import = 0
========================================================================
Received Import Request.
  Time since last request: 6.719919 seconds.
  path: Assets/characters/Player (Galahad)/player_galahad.prefab
  artifactKey: Guid(12f2cb076f079644f9752db018c92c2d) Importer(815301076,1909f56bfc062723c751e8b465ee728b)
Start importing Assets/characters/Player (Galahad)/player_galahad.prefab using Guid(12f2cb076f079644f9752db018c92c2d) Importer(815301076,1909f56bfc062723c751e8b465ee728b) [PhysX] Initialized MultithreadedTaskDispatcher with 20 workers.
[PhysX] Initialized MultithreadedTaskDispatcher with 20 workers.
 -> (artifact id: 'c3a90b46577fdce84663c649398e67e8') in 0.056947 seconds
Number of updated asset objects reloaded before import = 0
Number of asset objects unloaded after import = 7
========================================================================
Received Prepare
Caller must complete domain reload
Begin MonoManager ReloadAssembly
- Loaded All Assemblies, in  0.726 seconds
Native extension for WindowsStandalone target not found
Native extension for WebGL target not found
System.Exception: Error! Visual Scripting: couldn't find visual scripting package
  at Unity.VisualScripting.PackageVersionUtility.get_version () [0x00043] in .\Library\PackageCache\com.unity.visualscripting@1.9.4\Editor\VisualScripting.Core\Utilities\PackageVersionUtility.cs:31 
  at Unity.VisualScripting.BoltCoreManifest.get_version () [0x00000] in .\Library\PackageCache\com.unity.visualscripting@1.9.4\Editor\VisualScripting.Core\Plugin\BoltCoreManifest.cs:11 
  at Unity.VisualScripting.PluginManifest.get_currentVersion () [0x00000] in .\Library\PackageCache\com.unity.visualscripting@1.9.4\Editor\VisualScripting.Core\Plugins\PluginManifest.cs:33 
  at Unity.VisualScripting.PluginManifest.get_versionMismatch () [0x00000] in .\Library\PackageCache\com.unity.visualscripting@1.9.4\Editor\VisualScripting.Core\Plugins\PluginManifest.cs:48 
  at Unity.VisualScripting.PluginContainer.Initialize () [0x00525] in .\Library\PackageCache\com.unity.visualscripting@1.9.4\Editor\VisualScripting.Core\Plugins\PluginContainer.cs:208 
  at Unity.VisualScripting.PluginContainer.InitializeOnLoad () [0x00009] in .\Library\PackageCache\com.unity.visualscripting@1.9.4\Editor\VisualScripting.Core\Plugins\PluginContainer.cs:32 
  at Unity.VisualScripting.VSUsageUtility.DoInitializeOnLoadCalls () [0x00034] in .\Library\PackageCache\com.unity.visualscripting@1.9.4\Editor\VisualScripting.Core\Utilities\VSUsageUtility.cs:76 
  at Unity.VisualScripting.VSUsageUtility.set_isVisualScriptingUsed (System.Boolean value) [0x0002c] in .\Library\PackageCache\com.unity.visualscripting@1.9.4\Editor\VisualScripting.Core\Utilities\VSUsageUtility.cs:114 
  at Unity.VisualScripting.VSUsageUtility.CheckAndSetIsVisualScriptingUsed () [0x0000d] in .\Library\PackageCache\com.unity.visualscripting@1.9.4\Editor\VisualScripting.Core\Utilities\VSUsageUtility.cs:33 
  at Unity.VisualScripting.VSUsageUtility..cctor () [0x00000] in .\Library\PackageCache\com.unity.visualscripting@1.9.4\Editor\VisualScripting.Core\Utilities\VSUsageUtility.cs:22 
UnityEngine.StackTraceUtility:ExtractStackTrace ()
UnityEngine.DebugLogHandler:LogFormat (UnityEngine.LogType,UnityEngine.Object,string,object[])
UnityEngine.Logger:Log (UnityEngine.LogType,object)
UnityEngine.Debug:LogError (object)
UnityEditor.EditorAssemblies:ProcessInitializeOnLoadAttributes (System.Type[])

[Package Manager] Server::EnsureServerProcessIsRunning -- launch failed, reason: Unity was launched with the -noUpm command-line argument
[Package Manager] UpmClient::Send -- Unable to send message (not connected to UPM process).
[Package Manager] Cannot connect to Unity Package Manager local server
Mono: successfully reloaded assembly
- Finished resetting the current domain, in  1.860 seconds
Domain Reload Profiling: 2578ms
	BeginReloadAssembly (259ms)
		ExecutionOrderSort (0ms)
		DisableScriptedObjects (13ms)
		BackupInstance (0ms)
		ReleaseScriptingObjects (0ms)
		CreateAndSetChildDomain (83ms)
	RebuildCommonClasses (38ms)
	RebuildNativeTypeToScriptingClass (15ms)
	initialDomainReloadingComplete (54ms)
	LoadAllAssembliesAndSetupDomain (350ms)
		LoadAssemblies (425ms)
		RebuildTransferFunctionScriptingTraits (0ms)
		AnalyzeDomain (32ms)
			TypeCache.Refresh (11ms)
				TypeCache.ScanAssembly (1ms)
			ScanForSourceGeneratedMonoScriptInfo (12ms)
			ResolveRequiredComponents (8ms)
	FinalizeReload (1861ms)
		ReleaseScriptCaches (0ms)
		RebuildScriptCaches (0ms)
		SetupLoadedEditorAssemblies (475ms)
			LogAssemblyErrors (0ms)
			InitializePlatformSupportModulesInManaged (13ms)
			SetLoadedEditorAssemblies (3ms)
			RefreshPlugins (0ms)
			BeforeProcessingInitializeOnLoad (55ms)
			ProcessInitializeOnLoadAttributes (374ms)
			ProcessInitializeOnLoadMethodAttributes (24ms)
			AfterProcessingInitializeOnLoad (7ms)
			EditorAssembliesLoaded (0ms)
		ExecutionOrderSort2 (0ms)
		AwakeInstancesAfterBackupRestoration (9ms)
Refreshing native plugins compatible for Editor in 5.38 ms, found 4 plugins.
Preloading 0 native plugins for Editor in 0.00 ms.
Unloading 4061 Unused Serialized files (Serialized files now loaded: 0)
Unloading 25 unused Assets / (213.7 KB). Loaded Objects now: 4603.
Memory consumption went from 146.5 MB to 146.3 MB.
Total: 8.527800 ms (FindLiveObjects: 0.203700 ms CreateObjectMapping: 0.093700 ms MarkObjects: 8.090700 ms  DeleteObjects: 0.138800 ms)

Prepare: number of updated asset objects reloaded= 0
AssetImportParameters requested are different than current active one (requested -> active):
  custom:container-demuxer-ogg: 62fdf1f143b41e24485cea50d1cbac27 -> 
  custom:scripting/monoscript/fileName/enemyvalues.cs: 6d3759815fd7be00f9546723da6f552c -> b2871cba44f342a4684feb21ced01089
  custom:scripting/monoscript/fileName/playerhealth.cs: 627fa3622fd9609fbcb99df0f0e3ffd2 -> 
  custom:video-decoder-ogg-theora: a1e56fd34408186e4bbccfd4996cb3dc -> 
  custom:framework-win-MediaFoundation: 216162199b28c13a410421893ffa2e32 -> 
  custom:scripting/monoscript/fileName/health.cs: b1303998ffee75aadca64949bf0a2211 -> 
  custom:CustomObjectIndexerAttribute: 9a22284fe3817be447336de3de66b15e -> 
  custom:scripting/monoscript/fileName/playervalues.cs: b765fddbee80866c9f4d7e2bde69eaa4 -> fefad19e05659674120111df3ff930d2
  custom:container-demuxer-webm: 4f35f7cbe854078d1ac9338744f61a02 -> 
  custom:scripting/monoscript/fileName/Health.cs: 0e01c5d611b7e6f68d551fd8377c081b -> 
  custom:container-muxer-webm: aa71ff27fc2769a1b78a27578f13a17b -> 
  custom:video-decoder-webm-vp8: 9c59270c3fd7afecdb556c50c9e8de78 -> 
  custom:SearchIndexIgnoredProperties: e643bd26f0fe6173181afceb89e7c659 -> 
  custom:AudioImporter_EditorPlatform: d09bf68614088b80899f8185d706f6e7 -> 
  custom:video-encoder-webm-vp8: eb34c28f22e8b96e1ab97ce403110664 -> 
  custom:scripting/monoscript/fileName/player.cs: b1b0b99e0fbd8450a8ac2481988cbaeb -> 
  custom:scripting/monoscript/fileName/combatsystem.cs: 6cab728e1d8cac4dad7bf9e415b8112a -> 8872a57b1c80ec4a65fcbcdad3cdf073
  custom:audio-decoder-ogg-vorbis: bf7c407c2cedff20999df2af8eb42d56 -> 
  custom:scripting/monoscript/fileName/fill.cs: 8a130407ab27c51b3a1b3dbce120d7b8 -> 
  custom:scripting/monoscript/fileName/health system.cs: e0852ac835be5566af11b3affa17d44c -> 
  custom:audio-encoder-webm-vorbis: bf7c407c2cedff20999df2af8eb42d56 -> 
  custom:scripting/precompiled-assembly-types:Assembly-CSharp: 26fda178f17812100bd0a43243fc1b15 -> db58d614c6af3664d2fa6bb6dd40fe47
========================================================================
Received Prepare
Caller must complete domain reload
Begin MonoManager ReloadAssembly
- Loaded All Assemblies, in  0.347 seconds
Native extension for WindowsStandalone target not found
Native extension for WebGL target not found
System.Exception: Error! Visual Scripting: couldn't find visual scripting package
  at Unity.VisualScripting.PackageVersionUtility.get_version () [0x00043] in .\Library\PackageCache\com.unity.visualscripting@1.9.4\Editor\VisualScripting.Core\Utilities\PackageVersionUtility.cs:31 
  at Unity.VisualScripting.BoltCoreManifest.get_version () [0x00000] in .\Library\PackageCache\com.unity.visualscripting@1.9.4\Editor\VisualScripting.Core\Plugin\BoltCoreManifest.cs:11 
  at Unity.VisualScripting.PluginManifest.get_currentVersion () [0x00000] in .\Library\PackageCache\com.unity.visualscripting@1.9.4\Editor\VisualScripting.Core\Plugins\PluginManifest.cs:33 
  at Unity.VisualScripting.PluginManifest.get_versionMismatch () [0x00000] in .\Library\PackageCache\com.unity.visualscripting@1.9.4\Editor\VisualScripting.Core\Plugins\PluginManifest.cs:48 
  at Unity.VisualScripting.PluginContainer.Initialize () [0x00525] in .\Library\PackageCache\com.unity.visualscripting@1.9.4\Editor\VisualScripting.Core\Plugins\PluginContainer.cs:208 
  at Unity.VisualScripting.PluginContainer.InitializeOnLoad () [0x00009] in .\Library\PackageCache\com.unity.visualscripting@1.9.4\Editor\VisualScripting.Core\Plugins\PluginContainer.cs:32 
  at Unity.VisualScripting.VSUsageUtility.DoInitializeOnLoadCalls () [0x00034] in .\Library\PackageCache\com.unity.visualscripting@1.9.4\Editor\VisualScripting.Core\Utilities\VSUsageUtility.cs:76 
  at Unity.VisualScripting.VSUsageUtility.set_isVisualScriptingUsed (System.Boolean value) [0x0002c] in .\Library\PackageCache\com.unity.visualscripting@1.9.4\Editor\VisualScripting.Core\Utilities\VSUsageUtility.cs:114 
  at Unity.VisualScripting.VSUsageUtility.CheckAndSetIsVisualScriptingUsed () [0x0000d] in .\Library\PackageCache\com.unity.visualscripting@1.9.4\Editor\VisualScripting.Core\Utilities\VSUsageUtility.cs:33 
  at Unity.VisualScripting.VSUsageUtility..cctor () [0x00000] in .\Library\PackageCache\com.unity.visualscripting@1.9.4\Editor\VisualScripting.Core\Utilities\VSUsageUtility.cs:22 
UnityEngine.StackTraceUtility:ExtractStackTrace ()
UnityEngine.DebugLogHandler:LogFormat (UnityEngine.LogType,UnityEngine.Object,string,object[])
UnityEngine.Logger:Log (UnityEngine.LogType,object)
UnityEngine.Debug:LogError (object)
UnityEditor.EditorAssemblies:ProcessInitializeOnLoadAttributes (System.Type[])

[Package Manager] Server::EnsureServerProcessIsRunning -- launch failed, reason: Unity was launched with the -noUpm command-line argument
[Package Manager] UpmClient::Send -- Unable to send message (not connected to UPM process).
[Package Manager] Cannot connect to Unity Package Manager local server
Mono: successfully reloaded assembly
- Finished resetting the current domain, in  1.087 seconds
Domain Reload Profiling: 1429ms
	BeginReloadAssembly (124ms)
		ExecutionOrderSort (0ms)
		DisableScriptedObjects (7ms)
		BackupInstance (0ms)
		ReleaseScriptingObjects (0ms)
		CreateAndSetChildDomain (26ms)
	RebuildCommonClasses (20ms)
	RebuildNativeTypeToScriptingClass (7ms)
	initialDomainReloadingComplete (23ms)
	LoadAllAssembliesAndSetupDomain (168ms)
		LoadAssemblies (217ms)
		RebuildTransferFunctionScriptingTraits (0ms)
		AnalyzeDomain (9ms)
			TypeCache.Refresh (4ms)
				TypeCache.ScanAssembly (0ms)
			ScanForSourceGeneratedMonoScriptInfo (0ms)
			ResolveRequiredComponents (4ms)
	FinalizeReload (1087ms)
		ReleaseScriptCaches (0ms)
		RebuildScriptCaches (0ms)
		SetupLoadedEditorAssemblies (493ms)
			LogAssemblyErrors (0ms)
			InitializePlatformSupportModulesInManaged (6ms)
			SetLoadedEditorAssemblies (3ms)
			RefreshPlugins (0ms)
			BeforeProcessingInitializeOnLoad (57ms)
			ProcessInitializeOnLoadAttributes (395ms)
			ProcessInitializeOnLoadMethodAttributes (25ms)
			AfterProcessingInitializeOnLoad (7ms)
			EditorAssembliesLoaded (0ms)
		ExecutionOrderSort2 (0ms)
		AwakeInstancesAfterBackupRestoration (10ms)
Refreshing native plugins compatible for Editor in 5.51 ms, found 4 plugins.
Preloading 0 native plugins for Editor in 0.00 ms.
Unloading 4062 Unused Serialized files (Serialized files now loaded: 0)
Unloading 25 unused Assets / (213.3 KB). Loaded Objects now: 4608.
Memory consumption went from 146.8 MB to 146.6 MB.
Total: 7.487600 ms (FindLiveObjects: 0.192700 ms CreateObjectMapping: 0.091400 ms MarkObjects: 7.064900 ms  DeleteObjects: 0.137700 ms)

Prepare: number of updated asset objects reloaded= 0
AssetImportParameters requested are different than current active one (requested -> active):
  custom:container-demuxer-ogg: 62fdf1f143b41e24485cea50d1cbac27 -> 
  custom:scripting/monoscript/fileName/enemyvalues.cs: 6d3759815fd7be00f9546723da6f552c -> b2871cba44f342a4684feb21ced01089
  custom:scripting/monoscript/fileName/playerhealth.cs: 627fa3622fd9609fbcb99df0f0e3ffd2 -> 
  custom:video-decoder-ogg-theora: a1e56fd34408186e4bbccfd4996cb3dc -> 
  custom:framework-win-MediaFoundation: 216162199b28c13a410421893ffa2e32 -> 
  custom:scripting/monoscript/fileName/health.cs: b1303998ffee75aadca64949bf0a2211 -> 
  custom:CustomObjectIndexerAttribute: 9a22284fe3817be447336de3de66b15e -> 
  custom:scripting/monoscript/fileName/playervalues.cs: b765fddbee80866c9f4d7e2bde69eaa4 -> fefad19e05659674120111df3ff930d2
  custom:container-demuxer-webm: 4f35f7cbe854078d1ac9338744f61a02 -> 
  custom:scripting/monoscript/fileName/Health.cs: 0e01c5d611b7e6f68d551fd8377c081b -> 
  custom:container-muxer-webm: aa71ff27fc2769a1b78a27578f13a17b -> 
  custom:video-decoder-webm-vp8: 9c59270c3fd7afecdb556c50c9e8de78 -> 
  custom:SearchIndexIgnoredProperties: e643bd26f0fe6173181afceb89e7c659 -> 
  custom:AudioImporter_EditorPlatform: d09bf68614088b80899f8185d706f6e7 -> 
  custom:video-encoder-webm-vp8: eb34c28f22e8b96e1ab97ce403110664 -> 
  custom:scripting/monoscript/fileName/player.cs: b1b0b99e0fbd8450a8ac2481988cbaeb -> 
  custom:scripting/monoscript/fileName/combatsystem.cs: 6cab728e1d8cac4dad7bf9e415b8112a -> 8872a57b1c80ec4a65fcbcdad3cdf073
  custom:audio-decoder-ogg-vorbis: bf7c407c2cedff20999df2af8eb42d56 -> 
  custom:scripting/monoscript/fileName/fill.cs: 8a130407ab27c51b3a1b3dbce120d7b8 -> 
  custom:scripting/monoscript/fileName/health system.cs: e0852ac835be5566af11b3affa17d44c -> 
  custom:audio-encoder-webm-vorbis: bf7c407c2cedff20999df2af8eb42d56 -> 
  custom:scripting/precompiled-assembly-types:Assembly-CSharp: 26fda178f17812100bd0a43243fc1b15 -> db58d614c6af3664d2fa6bb6dd40fe47
========================================================================
Received Prepare
Caller must complete domain reload
Begin MonoManager ReloadAssembly
- Loaded All Assemblies, in  0.395 seconds
Native extension for WindowsStandalone target not found
Native extension for WebGL target not found
System.Exception: Error! Visual Scripting: couldn't find visual scripting package
  at Unity.VisualScripting.PackageVersionUtility.get_version () [0x00043] in .\Library\PackageCache\com.unity.visualscripting@1.9.4\Editor\VisualScripting.Core\Utilities\PackageVersionUtility.cs:31 
  at Unity.VisualScripting.BoltCoreManifest.get_version () [0x00000] in .\Library\PackageCache\com.unity.visualscripting@1.9.4\Editor\VisualScripting.Core\Plugin\BoltCoreManifest.cs:11 
  at Unity.VisualScripting.PluginManifest.get_currentVersion () [0x00000] in .\Library\PackageCache\com.unity.visualscripting@1.9.4\Editor\VisualScripting.Core\Plugins\PluginManifest.cs:33 
  at Unity.VisualScripting.PluginManifest.get_versionMismatch () [0x00000] in .\Library\PackageCache\com.unity.visualscripting@1.9.4\Editor\VisualScripting.Core\Plugins\PluginManifest.cs:48 
  at Unity.VisualScripting.PluginContainer.Initialize () [0x00525] in .\Library\PackageCache\com.unity.visualscripting@1.9.4\Editor\VisualScripting.Core\Plugins\PluginContainer.cs:208 
  at Unity.VisualScripting.PluginContainer.InitializeOnLoad () [0x00009] in .\Library\PackageCache\com.unity.visualscripting@1.9.4\Editor\VisualScripting.Core\Plugins\PluginContainer.cs:32 
  at Unity.VisualScripting.VSUsageUtility.DoInitializeOnLoadCalls () [0x00034] in .\Library\PackageCache\com.unity.visualscripting@1.9.4\Editor\VisualScripting.Core\Utilities\VSUsageUtility.cs:76 
  at Unity.VisualScripting.VSUsageUtility.set_isVisualScriptingUsed (System.Boolean value) [0x0002c] in .\Library\PackageCache\com.unity.visualscripting@1.9.4\Editor\VisualScripting.Core\Utilities\VSUsageUtility.cs:114 
  at Unity.VisualScripting.VSUsageUtility.CheckAndSetIsVisualScriptingUsed () [0x0000d] in .\Library\PackageCache\com.unity.visualscripting@1.9.4\Editor\VisualScripting.Core\Utilities\VSUsageUtility.cs:33 
  at Unity.VisualScripting.VSUsageUtility..cctor () [0x00000] in .\Library\PackageCache\com.unity.visualscripting@1.9.4\Editor\VisualScripting.Core\Utilities\VSUsageUtility.cs:22 
UnityEngine.StackTraceUtility:ExtractStackTrace ()
UnityEngine.DebugLogHandler:LogFormat (UnityEngine.LogType,UnityEngine.Object,string,object[])
UnityEngine.Logger:Log (UnityEngine.LogType,object)
UnityEngine.Debug:LogError (object)
UnityEditor.EditorAssemblies:ProcessInitializeOnLoadAttributes (System.Type[])

[Package Manager] Server::EnsureServerProcessIsRunning -- launch failed, reason: Unity was launched with the -noUpm command-line argument
[Package Manager] UpmClient::Send -- Unable to send message (not connected to UPM process).
[Package Manager] Cannot connect to Unity Package Manager local server
Mono: successfully reloaded assembly
- Finished resetting the current domain, in  1.246 seconds
Domain Reload Profiling: 1637ms
	BeginReloadAssembly (138ms)
		ExecutionOrderSort (0ms)
		DisableScriptedObjects (8ms)
		BackupInstance (0ms)
		ReleaseScriptingObjects (0ms)
		CreateAndSetChildDomain (28ms)
	RebuildCommonClasses (24ms)
	RebuildNativeTypeToScriptingClass (8ms)
	initialDomainReloadingComplete (24ms)
	LoadAllAssembliesAndSetupDomain (198ms)
		LoadAssemblies (244ms)
		RebuildTransferFunctionScriptingTraits (0ms)
		AnalyzeDomain (19ms)
			TypeCache.Refresh (7ms)
				TypeCache.ScanAssembly (0ms)
			ScanForSourceGeneratedMonoScriptInfo (7ms)
			ResolveRequiredComponents (4ms)
	FinalizeReload (1246ms)
		ReleaseScriptCaches (0ms)
		RebuildScriptCaches (0ms)
		SetupLoadedEditorAssemblies (441ms)
			LogAssemblyErrors (0ms)
			InitializePlatformSupportModulesInManaged (5ms)
			SetLoadedEditorAssemblies (2ms)
			RefreshPlugins (0ms)
			BeforeProcessingInitializeOnLoad (53ms)
			ProcessInitializeOnLoadAttributes (354ms)
			ProcessInitializeOnLoadMethodAttributes (21ms)
			AfterProcessingInitializeOnLoad (7ms)
			EditorAssembliesLoaded (0ms)
		ExecutionOrderSort2 (0ms)
		AwakeInstancesAfterBackupRestoration (8ms)
Refreshing native plugins compatible for Editor in 6.08 ms, found 4 plugins.
Preloading 0 native plugins for Editor in 0.00 ms.
Unloading 4062 Unused Serialized files (Serialized files now loaded: 0)
Unloading 25 unused Assets / (213.7 KB). Loaded Objects now: 4613.
Memory consumption went from 146.8 MB to 146.6 MB.
Total: 7.281200 ms (FindLiveObjects: 0.186100 ms CreateObjectMapping: 0.087000 ms MarkObjects: 6.865500 ms  DeleteObjects: 0.141600 ms)

Prepare: number of updated asset objects reloaded= 0
AssetImportParameters requested are different than current active one (requested -> active):
  custom:container-demuxer-ogg: 62fdf1f143b41e24485cea50d1cbac27 -> 
  custom:scripting/monoscript/fileName/enemyvalues.cs: 6d3759815fd7be00f9546723da6f552c -> b2871cba44f342a4684feb21ced01089
  custom:scripting/monoscript/fileName/playerhealth.cs: 627fa3622fd9609fbcb99df0f0e3ffd2 -> 
  custom:video-decoder-ogg-theora: a1e56fd34408186e4bbccfd4996cb3dc -> 
  custom:framework-win-MediaFoundation: 216162199b28c13a410421893ffa2e32 -> 
  custom:scripting/monoscript/fileName/health.cs: b1303998ffee75aadca64949bf0a2211 -> 
  custom:CustomObjectIndexerAttribute: 9a22284fe3817be447336de3de66b15e -> 
  custom:scripting/monoscript/fileName/playervalues.cs: b765fddbee80866c9f4d7e2bde69eaa4 -> fefad19e05659674120111df3ff930d2
  custom:container-demuxer-webm: 4f35f7cbe854078d1ac9338744f61a02 -> 
  custom:scripting/monoscript/fileName/Health.cs: 0e01c5d611b7e6f68d551fd8377c081b -> 
  custom:container-muxer-webm: aa71ff27fc2769a1b78a27578f13a17b -> 
  custom:video-decoder-webm-vp8: 9c59270c3fd7afecdb556c50c9e8de78 -> 
  custom:SearchIndexIgnoredProperties: e643bd26f0fe6173181afceb89e7c659 -> 
  custom:AudioImporter_EditorPlatform: d09bf68614088b80899f8185d706f6e7 -> 
  custom:video-encoder-webm-vp8: eb34c28f22e8b96e1ab97ce403110664 -> 
  custom:scripting/monoscript/fileName/player.cs: b1b0b99e0fbd8450a8ac2481988cbaeb -> 
  custom:scripting/monoscript/fileName/combatsystem.cs: 6cab728e1d8cac4dad7bf9e415b8112a -> 8872a57b1c80ec4a65fcbcdad3cdf073
  custom:audio-decoder-ogg-vorbis: bf7c407c2cedff20999df2af8eb42d56 -> 
  custom:scripting/monoscript/fileName/fill.cs: 8a130407ab27c51b3a1b3dbce120d7b8 -> 
  custom:scripting/monoscript/fileName/health system.cs: e0852ac835be5566af11b3affa17d44c -> 
  custom:audio-encoder-webm-vorbis: bf7c407c2cedff20999df2af8eb42d56 -> 
  custom:scripting/precompiled-assembly-types:Assembly-CSharp: 26fda178f17812100bd0a43243fc1b15 -> db58d614c6af3664d2fa6bb6dd40fe47
========================================================================
Received Prepare
Caller must complete domain reload
Begin MonoManager ReloadAssembly
- Loaded All Assemblies, in  0.367 seconds
Native extension for WindowsStandalone target not found
Native extension for WebGL target not found
System.Exception: Error! Visual Scripting: couldn't find visual scripting package
  at Unity.VisualScripting.PackageVersionUtility.get_version () [0x00043] in .\Library\PackageCache\com.unity.visualscripting@1.9.4\Editor\VisualScripting.Core\Utilities\PackageVersionUtility.cs:31 
  at Unity.VisualScripting.BoltCoreManifest.get_version () [0x00000] in .\Library\PackageCache\com.unity.visualscripting@1.9.4\Editor\VisualScripting.Core\Plugin\BoltCoreManifest.cs:11 
  at Unity.VisualScripting.PluginManifest.get_currentVersion () [0x00000] in .\Library\PackageCache\com.unity.visualscripting@1.9.4\Editor\VisualScripting.Core\Plugins\PluginManifest.cs:33 
  at Unity.VisualScripting.PluginManifest.get_versionMismatch () [0x00000] in .\Library\PackageCache\com.unity.visualscripting@1.9.4\Editor\VisualScripting.Core\Plugins\PluginManifest.cs:48 
  at Unity.VisualScripting.PluginContainer.Initialize () [0x00525] in .\Library\PackageCache\com.unity.visualscripting@1.9.4\Editor\VisualScripting.Core\Plugins\PluginContainer.cs:208 
  at Unity.VisualScripting.PluginContainer.InitializeOnLoad () [0x00009] in .\Library\PackageCache\com.unity.visualscripting@1.9.4\Editor\VisualScripting.Core\Plugins\PluginContainer.cs:32 
  at Unity.VisualScripting.VSUsageUtility.DoInitializeOnLoadCalls () [0x00034] in .\Library\PackageCache\com.unity.visualscripting@1.9.4\Editor\VisualScripting.Core\Utilities\VSUsageUtility.cs:76 
  at Unity.VisualScripting.VSUsageUtility.set_isVisualScriptingUsed (System.Boolean value) [0x0002c] in .\Library\PackageCache\com.unity.visualscripting@1.9.4\Editor\VisualScripting.Core\Utilities\VSUsageUtility.cs:114 
  at Unity.VisualScripting.VSUsageUtility.CheckAndSetIsVisualScriptingUsed () [0x0000d] in .\Library\PackageCache\com.unity.visualscripting@1.9.4\Editor\VisualScripting.Core\Utilities\VSUsageUtility.cs:33 
  at Unity.VisualScripting.VSUsageUtility..cctor () [0x00000] in .\Library\PackageCache\com.unity.visualscripting@1.9.4\Editor\VisualScripting.Core\Utilities\VSUsageUtility.cs:22 
UnityEngine.StackTraceUtility:ExtractStackTrace ()
UnityEngine.DebugLogHandler:LogFormat (UnityEngine.LogType,UnityEngine.Object,string,object[])
UnityEngine.Logger:Log (UnityEngine.LogType,object)
UnityEngine.Debug:LogError (object)
UnityEditor.EditorAssemblies:ProcessInitializeOnLoadAttributes (System.Type[])

[Package Manager] Server::EnsureServerProcessIsRunning -- launch failed, reason: Unity was launched with the -noUpm command-line argument
[Package Manager] UpmClient::Send -- Unable to send message (not connected to UPM process).
[Package Manager] Cannot connect to Unity Package Manager local server
Mono: successfully reloaded assembly
- Finished resetting the current domain, in  1.108 seconds
Domain Reload Profiling: 1470ms
	BeginReloadAssembly (130ms)
		ExecutionOrderSort (0ms)
		DisableScriptedObjects (7ms)
		BackupInstance (0ms)
		ReleaseScriptingObjects (0ms)
		CreateAndSetChildDomain (27ms)
	RebuildCommonClasses (20ms)
	RebuildNativeTypeToScriptingClass (7ms)
	initialDomainReloadingComplete (23ms)
	LoadAllAssembliesAndSetupDomain (182ms)
		LoadAssemblies (232ms)
		RebuildTransferFunctionScriptingTraits (0ms)
		AnalyzeDomain (9ms)
			TypeCache.Refresh (4ms)
				TypeCache.ScanAssembly (0ms)
			ScanForSourceGeneratedMonoScriptInfo (0ms)
			ResolveRequiredComponents (4ms)
	FinalizeReload (1108ms)
		ReleaseScriptCaches (0ms)
		RebuildScriptCaches (0ms)
		SetupLoadedEditorAssemblies (500ms)
			LogAssemblyErrors (0ms)
			InitializePlatformSupportModulesInManaged (7ms)
			SetLoadedEditorAssemblies (2ms)
			RefreshPlugins (0ms)
			BeforeProcessingInitializeOnLoad (58ms)
			ProcessInitializeOnLoadAttributes (402ms)
			ProcessInitializeOnLoadMethodAttributes (24ms)
			AfterProcessingInitializeOnLoad (8ms)
			EditorAssembliesLoaded (0ms)
		ExecutionOrderSort2 (0ms)
		AwakeInstancesAfterBackupRestoration (11ms)
Refreshing native plugins compatible for Editor in 9.38 ms, found 4 plugins.
Preloading 0 native plugins for Editor in 0.00 ms.
Unloading 4062 Unused Serialized files (Serialized files now loaded: 0)
Unloading 25 unused Assets / (213.5 KB). Loaded Objects now: 4618.
Memory consumption went from 146.8 MB to 146.6 MB.
Total: 7.726200 ms (FindLiveObjects: 0.189400 ms CreateObjectMapping: 0.096800 ms MarkObjects: 7.307200 ms  DeleteObjects: 0.131700 ms)

Prepare: number of updated asset objects reloaded= 0
AssetImportParameters requested are different than current active one (requested -> active):
  custom:container-demuxer-ogg: 62fdf1f143b41e24485cea50d1cbac27 -> 
  custom:scripting/monoscript/fileName/enemyvalues.cs: 6d3759815fd7be00f9546723da6f552c -> b2871cba44f342a4684feb21ced01089
  custom:scripting/monoscript/fileName/playerhealth.cs: 627fa3622fd9609fbcb99df0f0e3ffd2 -> 
  custom:video-decoder-ogg-theora: a1e56fd34408186e4bbccfd4996cb3dc -> 
  custom:framework-win-MediaFoundation: 216162199b28c13a410421893ffa2e32 -> 
  custom:scripting/monoscript/fileName/health.cs: b1303998ffee75aadca64949bf0a2211 -> 
  custom:CustomObjectIndexerAttribute: 9a22284fe3817be447336de3de66b15e -> 
  custom:scripting/monoscript/fileName/playervalues.cs: b765fddbee80866c9f4d7e2bde69eaa4 -> fefad19e05659674120111df3ff930d2
  custom:container-demuxer-webm: 4f35f7cbe854078d1ac9338744f61a02 -> 
  custom:scripting/monoscript/fileName/Health.cs: 0e01c5d611b7e6f68d551fd8377c081b -> 
  custom:container-muxer-webm: aa71ff27fc2769a1b78a27578f13a17b -> 
  custom:video-decoder-webm-vp8: 9c59270c3fd7afecdb556c50c9e8de78 -> 
  custom:SearchIndexIgnoredProperties: e643bd26f0fe6173181afceb89e7c659 -> 
  custom:AudioImporter_EditorPlatform: d09bf68614088b80899f8185d706f6e7 -> 
  custom:video-encoder-webm-vp8: eb34c28f22e8b96e1ab97ce403110664 -> 
  custom:scripting/monoscript/fileName/player.cs: b1b0b99e0fbd8450a8ac2481988cbaeb -> 
  custom:scripting/monoscript/fileName/combatsystem.cs: 6cab728e1d8cac4dad7bf9e415b8112a -> 8872a57b1c80ec4a65fcbcdad3cdf073
  custom:audio-decoder-ogg-vorbis: bf7c407c2cedff20999df2af8eb42d56 -> 
  custom:scripting/monoscript/fileName/fill.cs: 8a130407ab27c51b3a1b3dbce120d7b8 -> 
  custom:scripting/monoscript/fileName/health system.cs: e0852ac835be5566af11b3affa17d44c -> 
  custom:audio-encoder-webm-vorbis: bf7c407c2cedff20999df2af8eb42d56 -> 
  custom:scripting/precompiled-assembly-types:Assembly-CSharp: 26fda178f17812100bd0a43243fc1b15 -> db58d614c6af3664d2fa6bb6dd40fe47
========================================================================
Received Prepare
Caller must complete domain reload
Begin MonoManager ReloadAssembly
- Loaded All Assemblies, in  0.381 seconds
Native extension for WindowsStandalone target not found
Native extension for WebGL target not found
System.Exception: Error! Visual Scripting: couldn't find visual scripting package
  at Unity.VisualScripting.PackageVersionUtility.get_version () [0x00043] in .\Library\PackageCache\com.unity.visualscripting@1.9.4\Editor\VisualScripting.Core\Utilities\PackageVersionUtility.cs:31 
  at Unity.VisualScripting.BoltCoreManifest.get_version () [0x00000] in .\Library\PackageCache\com.unity.visualscripting@1.9.4\Editor\VisualScripting.Core\Plugin\BoltCoreManifest.cs:11 
  at Unity.VisualScripting.PluginManifest.get_currentVersion () [0x00000] in .\Library\PackageCache\com.unity.visualscripting@1.9.4\Editor\VisualScripting.Core\Plugins\PluginManifest.cs:33 
  at Unity.VisualScripting.PluginManifest.get_versionMismatch () [0x00000] in .\Library\PackageCache\com.unity.visualscripting@1.9.4\Editor\VisualScripting.Core\Plugins\PluginManifest.cs:48 
  at Unity.VisualScripting.PluginContainer.Initialize () [0x00525] in .\Library\PackageCache\com.unity.visualscripting@1.9.4\Editor\VisualScripting.Core\Plugins\PluginContainer.cs:208 
  at Unity.VisualScripting.PluginContainer.InitializeOnLoad () [0x00009] in .\Library\PackageCache\com.unity.visualscripting@1.9.4\Editor\VisualScripting.Core\Plugins\PluginContainer.cs:32 
  at Unity.VisualScripting.VSUsageUtility.DoInitializeOnLoadCalls () [0x00034] in .\Library\PackageCache\com.unity.visualscripting@1.9.4\Editor\VisualScripting.Core\Utilities\VSUsageUtility.cs:76 
  at Unity.VisualScripting.VSUsageUtility.set_isVisualScriptingUsed (System.Boolean value) [0x0002c] in .\Library\PackageCache\com.unity.visualscripting@1.9.4\Editor\VisualScripting.Core\Utilities\VSUsageUtility.cs:114 
  at Unity.VisualScripting.VSUsageUtility.CheckAndSetIsVisualScriptingUsed () [0x0000d] in .\Library\PackageCache\com.unity.visualscripting@1.9.4\Editor\VisualScripting.Core\Utilities\VSUsageUtility.cs:33 
  at Unity.VisualScripting.VSUsageUtility..cctor () [0x00000] in .\Library\PackageCache\com.unity.visualscripting@1.9.4\Editor\VisualScripting.Core\Utilities\VSUsageUtility.cs:22 
UnityEngine.StackTraceUtility:ExtractStackTrace ()
UnityEngine.DebugLogHandler:LogFormat (UnityEngine.LogType,UnityEngine.Object,string,object[])
UnityEngine.Logger:Log (UnityEngine.LogType,object)
UnityEngine.Debug:LogError (object)
UnityEditor.EditorAssemblies:ProcessInitializeOnLoadAttributes (System.Type[])

[Package Manager] Server::EnsureServerProcessIsRunning -- launch failed, reason: Unity was launched with the -noUpm command-line argument
[Package Manager] UpmClient::Send -- Unable to send message (not connected to UPM process).
[Package Manager] Cannot connect to Unity Package Manager local server
Mono: successfully reloaded assembly
- Finished resetting the current domain, in  1.019 seconds
Domain Reload Profiling: 1396ms
	BeginReloadAssembly (131ms)
		ExecutionOrderSort (0ms)
		DisableScriptedObjects (7ms)
		BackupInstance (0ms)
		ReleaseScriptingObjects (0ms)
		CreateAndSetChildDomain (27ms)
	RebuildCommonClasses (21ms)
	RebuildNativeTypeToScriptingClass (7ms)
	initialDomainReloadingComplete (24ms)
	LoadAllAssembliesAndSetupDomain (194ms)
		LoadAssemblies (234ms)
		RebuildTransferFunctionScriptingTraits (0ms)
		AnalyzeDomain (19ms)
			TypeCache.Refresh (7ms)
				TypeCache.ScanAssembly (0ms)
			ScanForSourceGeneratedMonoScriptInfo (6ms)
			ResolveRequiredComponents (4ms)
	FinalizeReload (1019ms)
		ReleaseScriptCaches (0ms)
		RebuildScriptCaches (0ms)
		SetupLoadedEditorAssemblies (437ms)
			LogAssemblyErrors (0ms)
			InitializePlatformSupportModulesInManaged (6ms)
			SetLoadedEditorAssemblies (2ms)
			RefreshPlugins (0ms)
			BeforeProcessingInitializeOnLoad (56ms)
			ProcessInitializeOnLoadAttributes (346ms)
			ProcessInitializeOnLoadMethodAttributes (20ms)
			AfterProcessingInitializeOnLoad (7ms)
			EditorAssembliesLoaded (0ms)
		ExecutionOrderSort2 (0ms)
		AwakeInstancesAfterBackupRestoration (8ms)
Refreshing native plugins compatible for Editor in 5.80 ms, found 4 plugins.
Preloading 0 native plugins for Editor in 0.00 ms.
Unloading 4062 Unused Serialized files (Serialized files now loaded: 0)
Unloading 25 unused Assets / (213.5 KB). Loaded Objects now: 4623.
Memory consumption went from 146.8 MB to 146.6 MB.
Total: 6.888700 ms (FindLiveObjects: 0.193700 ms CreateObjectMapping: 0.105600 ms MarkObjects: 6.464800 ms  DeleteObjects: 0.123300 ms)

Prepare: number of updated asset objects reloaded= 0
AssetImportParameters requested are different than current active one (requested -> active):
  custom:container-demuxer-ogg: 62fdf1f143b41e24485cea50d1cbac27 -> 
  custom:scripting/monoscript/fileName/enemyvalues.cs: 6d3759815fd7be00f9546723da6f552c -> b2871cba44f342a4684feb21ced01089
  custom:scripting/monoscript/fileName/playerhealth.cs: 627fa3622fd9609fbcb99df0f0e3ffd2 -> 
  custom:video-decoder-ogg-theora: a1e56fd34408186e4bbccfd4996cb3dc -> 
  custom:framework-win-MediaFoundation: 216162199b28c13a410421893ffa2e32 -> 
  custom:scripting/monoscript/fileName/health.cs: b1303998ffee75aadca64949bf0a2211 -> 
  custom:CustomObjectIndexerAttribute: 9a22284fe3817be447336de3de66b15e -> 
  custom:scripting/monoscript/fileName/playervalues.cs: b765fddbee80866c9f4d7e2bde69eaa4 -> fefad19e05659674120111df3ff930d2
  custom:container-demuxer-webm: 4f35f7cbe854078d1ac9338744f61a02 -> 
  custom:scripting/monoscript/fileName/Health.cs: 0e01c5d611b7e6f68d551fd8377c081b -> 
  custom:container-muxer-webm: aa71ff27fc2769a1b78a27578f13a17b -> 
  custom:video-decoder-webm-vp8: 9c59270c3fd7afecdb556c50c9e8de78 -> 
  custom:SearchIndexIgnoredProperties: e643bd26f0fe6173181afceb89e7c659 -> 
  custom:AudioImporter_EditorPlatform: d09bf68614088b80899f8185d706f6e7 -> 
  custom:video-encoder-webm-vp8: eb34c28f22e8b96e1ab97ce403110664 -> 
  custom:scripting/monoscript/fileName/player.cs: b1b0b99e0fbd8450a8ac2481988cbaeb -> 
  custom:scripting/monoscript/fileName/combatsystem.cs: 6cab728e1d8cac4dad7bf9e415b8112a -> 8872a57b1c80ec4a65fcbcdad3cdf073
  custom:audio-decoder-ogg-vorbis: bf7c407c2cedff20999df2af8eb42d56 -> 
  custom:scripting/monoscript/fileName/fill.cs: 8a130407ab27c51b3a1b3dbce120d7b8 -> 
  custom:scripting/monoscript/fileName/health system.cs: e0852ac835be5566af11b3affa17d44c -> 
  custom:audio-encoder-webm-vorbis: bf7c407c2cedff20999df2af8eb42d56 -> 
  custom:scripting/precompiled-assembly-types:Assembly-CSharp: 26fda178f17812100bd0a43243fc1b15 -> db58d614c6af3664d2fa6bb6dd40fe47
========================================================================
Received Prepare
Caller must complete domain reload
Begin MonoManager ReloadAssembly
- Loaded All Assemblies, in  0.362 seconds
Native extension for WindowsStandalone target not found
Native extension for WebGL target not found
System.Exception: Error! Visual Scripting: couldn't find visual scripting package
  at Unity.VisualScripting.PackageVersionUtility.get_version () [0x00043] in .\Library\PackageCache\com.unity.visualscripting@1.9.4\Editor\VisualScripting.Core\Utilities\PackageVersionUtility.cs:31 
  at Unity.VisualScripting.BoltCoreManifest.get_version () [0x00000] in .\Library\PackageCache\com.unity.visualscripting@1.9.4\Editor\VisualScripting.Core\Plugin\BoltCoreManifest.cs:11 
  at Unity.VisualScripting.PluginManifest.get_currentVersion () [0x00000] in .\Library\PackageCache\com.unity.visualscripting@1.9.4\Editor\VisualScripting.Core\Plugins\PluginManifest.cs:33 
  at Unity.VisualScripting.PluginManifest.get_versionMismatch () [0x00000] in .\Library\PackageCache\com.unity.visualscripting@1.9.4\Editor\VisualScripting.Core\Plugins\PluginManifest.cs:48 
  at Unity.VisualScripting.PluginContainer.Initialize () [0x00525] in .\Library\PackageCache\com.unity.visualscripting@1.9.4\Editor\VisualScripting.Core\Plugins\PluginContainer.cs:208 
  at Unity.VisualScripting.PluginContainer.InitializeOnLoad () [0x00009] in .\Library\PackageCache\com.unity.visualscripting@1.9.4\Editor\VisualScripting.Core\Plugins\PluginContainer.cs:32 
  at Unity.VisualScripting.VSUsageUtility.DoInitializeOnLoadCalls () [0x00034] in .\Library\PackageCache\com.unity.visualscripting@1.9.4\Editor\VisualScripting.Core\Utilities\VSUsageUtility.cs:76 
  at Unity.VisualScripting.VSUsageUtility.set_isVisualScriptingUsed (System.Boolean value) [0x0002c] in .\Library\PackageCache\com.unity.visualscripting@1.9.4\Editor\VisualScripting.Core\Utilities\VSUsageUtility.cs:114 
  at Unity.VisualScripting.VSUsageUtility.CheckAndSetIsVisualScriptingUsed () [0x0000d] in .\Library\PackageCache\com.unity.visualscripting@1.9.4\Editor\VisualScripting.Core\Utilities\VSUsageUtility.cs:33 
  at Unity.VisualScripting.VSUsageUtility..cctor () [0x00000] in .\Library\PackageCache\com.unity.visualscripting@1.9.4\Editor\VisualScripting.Core\Utilities\VSUsageUtility.cs:22 
UnityEngine.StackTraceUtility:ExtractStackTrace ()
UnityEngine.DebugLogHandler:LogFormat (UnityEngine.LogType,UnityEngine.Object,string,object[])
UnityEngine.Logger:Log (UnityEngine.LogType,object)
UnityEngine.Debug:LogError (object)
UnityEditor.EditorAssemblies:ProcessInitializeOnLoadAttributes (System.Type[])

[Package Manager] Server::EnsureServerProcessIsRunning -- launch failed, reason: Unity was launched with the -noUpm command-line argument
[Package Manager] UpmClient::Send -- Unable to send message (not connected to UPM process).
[Package Manager] Cannot connect to Unity Package Manager local server
Mono: successfully reloaded assembly
- Finished resetting the current domain, in  1.087 seconds
Domain Reload Profiling: 1445ms
	BeginReloadAssembly (128ms)
		ExecutionOrderSort (0ms)
		DisableScriptedObjects (7ms)
		BackupInstance (0ms)
		ReleaseScriptingObjects (0ms)
		CreateAndSetChildDomain (26ms)
	RebuildCommonClasses (20ms)
	RebuildNativeTypeToScriptingClass (7ms)
	initialDomainReloadingComplete (24ms)
	LoadAllAssembliesAndSetupDomain (180ms)
		LoadAssemblies (228ms)
		RebuildTransferFunctionScriptingTraits (0ms)
		AnalyzeDomain (10ms)
			TypeCache.Refresh (6ms)
				TypeCache.ScanAssembly (0ms)
			ScanForSourceGeneratedMonoScriptInfo (0ms)
			ResolveRequiredComponents (4ms)
	FinalizeReload (1087ms)
		ReleaseScriptCaches (0ms)
		RebuildScriptCaches (0ms)
		SetupLoadedEditorAssemblies (493ms)
			LogAssemblyErrors (0ms)
			InitializePlatformSupportModulesInManaged (7ms)
			SetLoadedEditorAssemblies (3ms)
			RefreshPlugins (0ms)
			BeforeProcessingInitializeOnLoad (59ms)
			ProcessInitializeOnLoadAttributes (392ms)
			ProcessInitializeOnLoadMethodAttributes (25ms)
			AfterProcessingInitializeOnLoad (7ms)
			EditorAssembliesLoaded (0ms)
		ExecutionOrderSort2 (0ms)
		AwakeInstancesAfterBackupRestoration (10ms)
Refreshing native plugins compatible for Editor in 7.22 ms, found 4 plugins.
Preloading 0 native plugins for Editor in 0.00 ms.
Unloading 4062 Unused Serialized files (Serialized files now loaded: 0)
Unloading 25 unused Assets / (213.7 KB). Loaded Objects now: 4628.
Memory consumption went from 146.9 MB to 146.6 MB.
Total: 7.519300 ms (FindLiveObjects: 0.185000 ms CreateObjectMapping: 0.090200 ms MarkObjects: 7.094000 ms  DeleteObjects: 0.148800 ms)

Prepare: number of updated asset objects reloaded= 0
AssetImportParameters requested are different than current active one (requested -> active):
  custom:container-demuxer-ogg: 62fdf1f143b41e24485cea50d1cbac27 -> 
  custom:scripting/monoscript/fileName/enemyvalues.cs: 6d3759815fd7be00f9546723da6f552c -> b2871cba44f342a4684feb21ced01089
  custom:scripting/monoscript/fileName/playerhealth.cs: 627fa3622fd9609fbcb99df0f0e3ffd2 -> 
  custom:video-decoder-ogg-theora: a1e56fd34408186e4bbccfd4996cb3dc -> 
  custom:framework-win-MediaFoundation: 216162199b28c13a410421893ffa2e32 -> 
  custom:scripting/monoscript/fileName/health.cs: b1303998ffee75aadca64949bf0a2211 -> 
  custom:CustomObjectIndexerAttribute: 9a22284fe3817be447336de3de66b15e -> 
  custom:scripting/monoscript/fileName/playervalues.cs: b765fddbee80866c9f4d7e2bde69eaa4 -> fefad19e05659674120111df3ff930d2
  custom:container-demuxer-webm: 4f35f7cbe854078d1ac9338744f61a02 -> 
  custom:scripting/monoscript/fileName/Health.cs: 0e01c5d611b7e6f68d551fd8377c081b -> 
  custom:container-muxer-webm: aa71ff27fc2769a1b78a27578f13a17b -> 
  custom:video-decoder-webm-vp8: 9c59270c3fd7afecdb556c50c9e8de78 -> 
  custom:SearchIndexIgnoredProperties: e643bd26f0fe6173181afceb89e7c659 -> 
  custom:AudioImporter_EditorPlatform: d09bf68614088b80899f8185d706f6e7 -> 
  custom:video-encoder-webm-vp8: eb34c28f22e8b96e1ab97ce403110664 -> 
  custom:scripting/monoscript/fileName/player.cs: b1b0b99e0fbd8450a8ac2481988cbaeb -> 
  custom:scripting/monoscript/fileName/combatsystem.cs: 6cab728e1d8cac4dad7bf9e415b8112a -> 8872a57b1c80ec4a65fcbcdad3cdf073
  custom:audio-decoder-ogg-vorbis: bf7c407c2cedff20999df2af8eb42d56 -> 
  custom:scripting/monoscript/fileName/fill.cs: 8a130407ab27c51b3a1b3dbce120d7b8 -> 
  custom:scripting/monoscript/fileName/health system.cs: e0852ac835be5566af11b3affa17d44c -> 
  custom:audio-encoder-webm-vorbis: bf7c407c2cedff20999df2af8eb42d56 -> 
  custom:scripting/precompiled-assembly-types:Assembly-CSharp: 26fda178f17812100bd0a43243fc1b15 -> db58d614c6af3664d2fa6bb6dd40fe47
========================================================================
Received Import Request.
  Time since last request: 2135.855747 seconds.
  path: Assets/characters/enemy (goblin)/goblin.prefab
  artifactKey: Guid(a9af2c918aaccf140b32a84867cd3e2e) Importer(815301076,1909f56bfc062723c751e8b465ee728b)
Start importing Assets/characters/enemy (goblin)/goblin.prefab using Guid(a9af2c918aaccf140b32a84867cd3e2e) Importer(815301076,1909f56bfc062723c751e8b465ee728b) [PhysX] Initialized MultithreadedTaskDispatcher with 20 workers.
 -> (artifact id: '2380b4de4baaaf6dc2716253fb9689f0') in 0.006884 seconds
Number of updated asset objects reloaded before import = 0
Number of asset objects unloaded after import = 0
========================================================================
Received Import Request.
  Time since last request: 1499.865864 seconds.
  path: Assets/UI/enemy health bar Variant.prefab
  artifactKey: Guid(6c0ffe3c72962c04199db6b88c0a9b40) Importer(815301076,1909f56bfc062723c751e8b465ee728b)
Start importing Assets/UI/enemy health bar Variant.prefab using Guid(6c0ffe3c72962c04199db6b88c0a9b40) Importer(815301076,1909f56bfc062723c751e8b465ee728b) [PhysX] Initialized MultithreadedTaskDispatcher with 20 workers.
 -> (artifact id: 'c6a9efde04aa2e2ec84f671eaaf875f2') in 0.001468 seconds
Number of updated asset objects reloaded before import = 0
Number of asset objects unloaded after import = 0
========================================================================
Received Import Request.
  Time since last request: 648.034593 seconds.
  path: Assets/Violet Theme Ui/Colored Icons/camera.png
  artifactKey: Guid(83392a0c45d009b4ca9b8bc8ec04cc55) Importer(815301076,1909f56bfc062723c751e8b465ee728b)
Start importing Assets/Violet Theme Ui/Colored Icons/camera.png using Guid(83392a0c45d009b4ca9b8bc8ec04cc55) Importer(815301076,1909f56bfc062723c751e8b465ee728b) [PhysX] Initialized MultithreadedTaskDispatcher with 20 workers.
[PhysX] Initialized MultithreadedTaskDispatcher with 20 workers.
 -> (artifact id: 'fb924da37abd56d972d2bad8b0136722') in 0.065988 seconds
Number of updated asset objects reloaded before import = 0
Number of asset objects unloaded after import = 3
========================================================================
Received Import Request.
  Time since last request: 0.024026 seconds.
  path: Assets/Violet Theme Ui/Colored Icons/Crown 2.png
  artifactKey: Guid(6732a03145e8bd0408862257da102895) Importer(815301076,1909f56bfc062723c751e8b465ee728b)
Start importing Assets/Violet Theme Ui/Colored Icons/Crown 2.png using Guid(6732a03145e8bd0408862257da102895) Importer(815301076,1909f56bfc062723c751e8b465ee728b) [PhysX] Initialized MultithreadedTaskDispatcher with 20 workers.
[PhysX] Initialized MultithreadedTaskDispatcher with 20 workers.
 -> (artifact id: '284e639fd8434af3c291507ff39c43c5') in 0.008251 seconds
Number of updated asset objects reloaded before import = 0
Number of asset objects unloaded after import = 3
========================================================================
Received Import Request.
  Time since last request: 0.000016 seconds.
  path: Assets/Violet Theme Ui/Colored Icons/Check.png
  artifactKey: Guid(27834320931067c4b9127246cba948d2) Importer(815301076,1909f56bfc062723c751e8b465ee728b)
Start importing Assets/Violet Theme Ui/Colored Icons/Check.png using Guid(27834320931067c4b9127246cba948d2) Importer(815301076,1909f56bfc062723c751e8b465ee728b) [PhysX] Initialized MultithreadedTaskDispatcher with 20 workers.
[PhysX] Initialized MultithreadedTaskDispatcher with 20 workers.
 -> (artifact id: '8d05776150e45e1010bf35657849b94e') in 0.008085 seconds
Number of updated asset objects reloaded before import = 0
Number of asset objects unloaded after import = 3
========================================================================
Received Import Request.
  Time since last request: 0.000015 seconds.
  path: Assets/Violet Theme Ui/Colored Icons/Hammer.png
  artifactKey: Guid(c83fa2ac472c64145a29bad9c05a9a50) Importer(815301076,1909f56bfc062723c751e8b465ee728b)
Start importing Assets/Violet Theme Ui/Colored Icons/Hammer.png using Guid(c83fa2ac472c64145a29bad9c05a9a50) Importer(815301076,1909f56bfc062723c751e8b465ee728b) [PhysX] Initialized MultithreadedTaskDispatcher with 20 workers.
[PhysX] Initialized MultithreadedTaskDispatcher with 20 workers.
 -> (artifact id: '29c63bd1fc1c0cb05dba99dc07f78066') in 0.008211 seconds
Number of updated asset objects reloaded before import = 0
Number of asset objects unloaded after import = 3
========================================================================
Received Import Request.
  Time since last request: 0.000017 seconds.
  path: Assets/Violet Theme Ui/Colored Icons/Heart Dark.png
  artifactKey: Guid(c52c66e8c335c1640a21e3d2c274bfd7) Importer(815301076,1909f56bfc062723c751e8b465ee728b)
Start importing Assets/Violet Theme Ui/Colored Icons/Heart Dark.png using Guid(c52c66e8c335c1640a21e3d2c274bfd7) Importer(815301076,1909f56bfc062723c751e8b465ee728b) [PhysX] Initialized MultithreadedTaskDispatcher with 20 workers.
[PhysX] Initialized MultithreadedTaskDispatcher with 20 workers.
 -> (artifact id: '6c3c1c67a093ad27e66ac0eca668c41c') in 0.008238 seconds
Number of updated asset objects reloaded before import = 0
Number of asset objects unloaded after import = 3
========================================================================
Received Import Request.
  Time since last request: 0.000025 seconds.
  path: Assets/Violet Theme Ui/Colored Icons/Pencil.png
  artifactKey: Guid(f14422fe0972f6742b86a49a59c03d34) Importer(815301076,1909f56bfc062723c751e8b465ee728b)
Start importing Assets/Violet Theme Ui/Colored Icons/Pencil.png using Guid(f14422fe0972f6742b86a49a59c03d34) Importer(815301076,1909f56bfc062723c751e8b465ee728b) [PhysX] Initialized MultithreadedTaskDispatcher with 20 workers.
[PhysX] Initialized MultithreadedTaskDispatcher with 20 workers.
 -> (artifact id: '7538c68d30bf72e37ebbffe6e1a2ae59') in 0.007270 seconds
Number of updated asset objects reloaded before import = 0
Number of asset objects unloaded after import = 3
========================================================================
Received Import Request.
  Time since last request: 0.000013 seconds.
  path: Assets/Violet Theme Ui/Colored Icons/Return.png
  artifactKey: Guid(9165684ccdf1afe45b06edbd1d7632ea) Importer(815301076,1909f56bfc062723c751e8b465ee728b)
Start importing Assets/Violet Theme Ui/Colored Icons/Return.png using Guid(9165684ccdf1afe45b06edbd1d7632ea) Importer(815301076,1909f56bfc062723c751e8b465ee728b) [PhysX] Initialized MultithreadedTaskDispatcher with 20 workers.
[PhysX] Initialized MultithreadedTaskDispatcher with 20 workers.
 -> (artifact id: 'c74236d8938845e9ac084bedb33e9756') in 0.006990 seconds
Number of updated asset objects reloaded before import = 0
Number of asset objects unloaded after import = 3
========================================================================
Received Import Request.
  Time since last request: 0.000013 seconds.
  path: Assets/Violet Theme Ui/Colored Icons/Silver Lock.png
  artifactKey: Guid(d36270e47d36e304a9d89c1fc73428e9) Importer(815301076,1909f56bfc062723c751e8b465ee728b)
Start importing Assets/Violet Theme Ui/Colored Icons/Silver Lock.png using Guid(d36270e47d36e304a9d89c1fc73428e9) Importer(815301076,1909f56bfc062723c751e8b465ee728b) [PhysX] Initialized MultithreadedTaskDispatcher with 20 workers.
[PhysX] Initialized MultithreadedTaskDispatcher with 20 workers.
 -> (artifact id: '99a36ed0ebb708acfa8fabf7ba7c073a') in 0.007048 seconds
Number of updated asset objects reloaded before import = 0
Number of asset objects unloaded after import = 3
========================================================================
Received Import Request.
  Time since last request: 0.000014 seconds.
  path: Assets/Violet Theme Ui/Colored Icons/Stop.png
  artifactKey: Guid(30d6feab102694b42a2cb9e12f796172) Importer(815301076,1909f56bfc062723c751e8b465ee728b)
Start importing Assets/Violet Theme Ui/Colored Icons/Stop.png using Guid(30d6feab102694b42a2cb9e12f796172) Importer(815301076,1909f56bfc062723c751e8b465ee728b) [PhysX] Initialized MultithreadedTaskDispatcher with 20 workers.
[PhysX] Initialized MultithreadedTaskDispatcher with 20 workers.
 -> (artifact id: 'fbec8f4f3ef3d9cb476f1fa056cbe6c4') in 0.006755 seconds
Number of updated asset objects reloaded before import = 0
Number of asset objects unloaded after import = 3
========================================================================
Received Import Request.
  Time since last request: 0.000014 seconds.
  path: Assets/Violet Theme Ui/Colored Icons/Trophy.png
  artifactKey: Guid(3522f1dff3fd3564c98cbbb56b303b6b) Importer(815301076,1909f56bfc062723c751e8b465ee728b)
Start importing Assets/Violet Theme Ui/Colored Icons/Trophy.png using Guid(3522f1dff3fd3564c98cbbb56b303b6b) Importer(815301076,1909f56bfc062723c751e8b465ee728b) [PhysX] Initialized MultithreadedTaskDispatcher with 20 workers.
[PhysX] Initialized MultithreadedTaskDispatcher with 20 workers.
 -> (artifact id: '7e35a38e5162c079963b0538281b1b69') in 0.007487 seconds
Number of updated asset objects reloaded before import = 0
Number of asset objects unloaded after import = 3
========================================================================
Received Import Request.
  Time since last request: 0.000014 seconds.
  path: Assets/Violet Theme Ui/Colored Icons/target.png
  artifactKey: Guid(6d0d8e88f558fdd45822018b80ab2b02) Importer(815301076,1909f56bfc062723c751e8b465ee728b)
Start importing Assets/Violet Theme Ui/Colored Icons/target.png using Guid(6d0d8e88f558fdd45822018b80ab2b02) Importer(815301076,1909f56bfc062723c751e8b465ee728b) [PhysX] Initialized MultithreadedTaskDispatcher with 20 workers.
[PhysX] Initialized MultithreadedTaskDispatcher with 20 workers.
 -> (artifact id: '8ebd1256d8c431b41abfcaab6efe76c5') in 0.009384 seconds
Number of updated asset objects reloaded before import = 0
Number of asset objects unloaded after import = 3
========================================================================
Received Import Request.
  Time since last request: 0.000019 seconds.
  path: Assets/Violet Theme Ui/Colored Icons/Heart.png
  artifactKey: Guid(2b8558b645a07d74582677fd0bf9dfa9) Importer(815301076,1909f56bfc062723c751e8b465ee728b)
Start importing Assets/Violet Theme Ui/Colored Icons/Heart.png using Guid(2b8558b645a07d74582677fd0bf9dfa9) Importer(815301076,1909f56bfc062723c751e8b465ee728b) [PhysX] Initialized MultithreadedTaskDispatcher with 20 workers.
[PhysX] Initialized MultithreadedTaskDispatcher with 20 workers.
 -> (artifact id: 'ffc12ca11810ed5fe7996ac88787ec98') in 0.007410 seconds
Number of updated asset objects reloaded before import = 0
Number of asset objects unloaded after import = 3
========================================================================
Received Import Request.
  Time since last request: 0.000017 seconds.
  path: Assets/Violet Theme Ui/Colored Icons/Gem 1 Purple.png
  artifactKey: Guid(7ae2be9a267597a4596c1cdebed8f84d) Importer(815301076,1909f56bfc062723c751e8b465ee728b)
Start importing Assets/Violet Theme Ui/Colored Icons/Gem 1 Purple.png using Guid(7ae2be9a267597a4596c1cdebed8f84d) Importer(815301076,1909f56bfc062723c751e8b465ee728b) [PhysX] Initialized MultithreadedTaskDispatcher with 20 workers.
[PhysX] Initialized MultithreadedTaskDispatcher with 20 workers.
 -> (artifact id: 'd0a774ceefadda3c1200a3c7518542aa') in 0.008579 seconds
Number of updated asset objects reloaded before import = 0
Number of asset objects unloaded after import = 3
========================================================================
Received Import Request.
  Time since last request: 0.000014 seconds.
  path: Assets/Violet Theme Ui/Colored Icons/shield blue.png
  artifactKey: Guid(888bc6c3bee4a644894eb075d8d389f5) Importer(815301076,1909f56bfc062723c751e8b465ee728b)
Start importing Assets/Violet Theme Ui/Colored Icons/shield blue.png using Guid(888bc6c3bee4a644894eb075d8d389f5) Importer(815301076,1909f56bfc062723c751e8b465ee728b) [PhysX] Initialized MultithreadedTaskDispatcher with 20 workers.
[PhysX] Initialized MultithreadedTaskDispatcher with 20 workers.
 -> (artifact id: 'e66c9d22e933ce8e9caf64f50aa4da29') in 0.006279 seconds
Number of updated asset objects reloaded before import = 0
Number of asset objects unloaded after import = 3
========================================================================
Received Import Request.
  Time since last request: 0.000013 seconds.
  path: Assets/Violet Theme Ui/Colored Icons/Potion Red.png
  artifactKey: Guid(9035a2602b4b6774fb8c30b4f5872fca) Importer(815301076,1909f56bfc062723c751e8b465ee728b)
Start importing Assets/Violet Theme Ui/Colored Icons/Potion Red.png using Guid(9035a2602b4b6774fb8c30b4f5872fca) Importer(815301076,1909f56bfc062723c751e8b465ee728b) [PhysX] Initialized MultithreadedTaskDispatcher with 20 workers.
[PhysX] Initialized MultithreadedTaskDispatcher with 20 workers.
 -> (artifact id: 'c73409ac212151a5f0ddab53191d76a9') in 0.009837 seconds
Number of updated asset objects reloaded before import = 0
Number of asset objects unloaded after import = 3
========================================================================
Received Import Request.
  Time since last request: 0.000014 seconds.
  path: Assets/Violet Theme Ui/Colored Icons/Gold Lock.png
  artifactKey: Guid(38ddff12778ca354e99a1f645644de56) Importer(815301076,1909f56bfc062723c751e8b465ee728b)
Start importing Assets/Violet Theme Ui/Colored Icons/Gold Lock.png using Guid(38ddff12778ca354e99a1f645644de56) Importer(815301076,1909f56bfc062723c751e8b465ee728b) [PhysX] Initialized MultithreadedTaskDispatcher with 20 workers.
[PhysX] Initialized MultithreadedTaskDispatcher with 20 workers.
 -> (artifact id: '48144bd45ec8721ffb53ac323a0fde81') in 0.006218 seconds
Number of updated asset objects reloaded before import = 0
Number of asset objects unloaded after import = 3
========================================================================
Received Import Request.
  Time since last request: 0.000016 seconds.
  path: Assets/Violet Theme Ui/Colored Icons/Mail.png
  artifactKey: Guid(f43100988deb27a49af0a774cfabca2f) Importer(815301076,1909f56bfc062723c751e8b465ee728b)
Start importing Assets/Violet Theme Ui/Colored Icons/Mail.png using Guid(f43100988deb27a49af0a774cfabca2f) Importer(815301076,1909f56bfc062723c751e8b465ee728b) [PhysX] Initialized MultithreadedTaskDispatcher with 20 workers.
[PhysX] Initialized MultithreadedTaskDispatcher with 20 workers.
 -> (artifact id: 'c8c1db97866ed091bc4bdf72a3df8062') in 0.008920 seconds
Number of updated asset objects reloaded before import = 0
Number of asset objects unloaded after import = 3
========================================================================
Received Import Request.
  Time since last request: 0.000018 seconds.
  path: Assets/Violet Theme Ui/Colored Icons/Trash.png
  artifactKey: Guid(ffc820495a6d911419c56d96b31d31fe) Importer(815301076,1909f56bfc062723c751e8b465ee728b)
Start importing Assets/Violet Theme Ui/Colored Icons/Trash.png using Guid(ffc820495a6d911419c56d96b31d31fe) Importer(815301076,1909f56bfc062723c751e8b465ee728b) [PhysX] Initialized MultithreadedTaskDispatcher with 20 workers.
[PhysX] Initialized MultithreadedTaskDispatcher with 20 workers.
 -> (artifact id: '74c98062cb2c0b2adc2a351fef1f3fe1') in 0.007847 seconds
Number of updated asset objects reloaded before import = 0
Number of asset objects unloaded after import = 3
========================================================================
Received Import Request.
  Time since last request: 0.000016 seconds.
  path: Assets/Violet Theme Ui/Colored Icons/Dark Coins.png
  artifactKey: Guid(cecd9cbf00a9099418ce8a1653a82c7f) Importer(815301076,1909f56bfc062723c751e8b465ee728b)
Start importing Assets/Violet Theme Ui/Colored Icons/Dark Coins.png using Guid(cecd9cbf00a9099418ce8a1653a82c7f) Importer(815301076,1909f56bfc062723c751e8b465ee728b) [PhysX] Initialized MultithreadedTaskDispatcher with 20 workers.
[PhysX] Initialized MultithreadedTaskDispatcher with 20 workers.
 -> (artifact id: '131a04ded6fe9544ccea879bfce770d3') in 0.009624 seconds
Number of updated asset objects reloaded before import = 0
Number of asset objects unloaded after import = 3
========================================================================
Received Import Request.
  Time since last request: 0.000014 seconds.
  path: Assets/Violet Theme Ui/Colored Icons/Energy.png
  artifactKey: Guid(0e97f32679693fb42816be9a80e0254b) Importer(815301076,1909f56bfc062723c751e8b465ee728b)
Start importing Assets/Violet Theme Ui/Colored Icons/Energy.png using Guid(0e97f32679693fb42816be9a80e0254b) Importer(815301076,1909f56bfc062723c751e8b465ee728b) [PhysX] Initialized MultithreadedTaskDispatcher with 20 workers.
[PhysX] Initialized MultithreadedTaskDispatcher with 20 workers.
 -> (artifact id: '2d50bb5d6fe7ff72de6cbe0cc95ad91d') in 0.007344 seconds
Number of updated asset objects reloaded before import = 0
Number of asset objects unloaded after import = 3
========================================================================
Received Import Request.
  Time since last request: 0.000016 seconds.
  path: Assets/Violet Theme Ui/Colored Icons/Right.png
  artifactKey: Guid(8cfc3be0827dfcb4584b460907d7a761) Importer(815301076,1909f56bfc062723c751e8b465ee728b)
Start importing Assets/Violet Theme Ui/Colored Icons/Right.png using Guid(8cfc3be0827dfcb4584b460907d7a761) Importer(815301076,1909f56bfc062723c751e8b465ee728b) [PhysX] Initialized MultithreadedTaskDispatcher with 20 workers.
[PhysX] Initialized MultithreadedTaskDispatcher with 20 workers.
 -> (artifact id: '1eb330e79849fc469158c1d7080172f4') in 0.007489 seconds
Number of updated asset objects reloaded before import = 0
Number of asset objects unloaded after import = 3
========================================================================
Received Import Request.
  Time since last request: 0.000019 seconds.
  path: Assets/Violet Theme Ui/Colored Icons/Left.png
  artifactKey: Guid(a4a40bf300cd09d429fda74afa457a03) Importer(815301076,1909f56bfc062723c751e8b465ee728b)
Start importing Assets/Violet Theme Ui/Colored Icons/Left.png using Guid(a4a40bf300cd09d429fda74afa457a03) Importer(815301076,1909f56bfc062723c751e8b465ee728b) [PhysX] Initialized MultithreadedTaskDispatcher with 20 workers.
[PhysX] Initialized MultithreadedTaskDispatcher with 20 workers.
 -> (artifact id: '39399d5e8e287826d01175ac6df3cb1f') in 0.008156 seconds
Number of updated asset objects reloaded before import = 0
Number of asset objects unloaded after import = 3
========================================================================
Received Import Request.
  Time since last request: 0.000016 seconds.
  path: Assets/Violet Theme Ui/Colored Icons/Silver Key.png
  artifactKey: Guid(470da63d7c6afa64db7287d30ce49c90) Importer(815301076,1909f56bfc062723c751e8b465ee728b)
Start importing Assets/Violet Theme Ui/Colored Icons/Silver Key.png using Guid(470da63d7c6afa64db7287d30ce49c90) Importer(815301076,1909f56bfc062723c751e8b465ee728b) [PhysX] Initialized MultithreadedTaskDispatcher with 20 workers.
[PhysX] Initialized MultithreadedTaskDispatcher with 20 workers.
 -> (artifact id: '176ed41c7c3fadb79b85d9dcbe586ee8') in 0.007644 seconds
Number of updated asset objects reloaded before import = 0
Number of asset objects unloaded after import = 3
========================================================================
Received Import Request.
  Time since last request: 0.000017 seconds.
  path: Assets/Violet Theme Ui/Colored Icons/Star.png
  artifactKey: Guid(174cd13a4c04d4944a6e414d9e3987f4) Importer(815301076,1909f56bfc062723c751e8b465ee728b)
Start importing Assets/Violet Theme Ui/Colored Icons/Star.png using Guid(174cd13a4c04d4944a6e414d9e3987f4) Importer(815301076,1909f56bfc062723c751e8b465ee728b) [PhysX] Initialized MultithreadedTaskDispatcher with 20 workers.
[PhysX] Initialized MultithreadedTaskDispatcher with 20 workers.
 -> (artifact id: 'a46a40a0c6875810df8712cf67a14ca0') in 0.008182 seconds
Number of updated asset objects reloaded before import = 0
Number of asset objects unloaded after import = 3
========================================================================
Received Import Request.
  Time since last request: 0.000016 seconds.
  path: Assets/Violet Theme Ui/Colored Icons/Film.png
  artifactKey: Guid(0147758256f443c4aabf6e3f2478115a) Importer(815301076,1909f56bfc062723c751e8b465ee728b)
Start importing Assets/Violet Theme Ui/Colored Icons/Film.png using Guid(0147758256f443c4aabf6e3f2478115a) Importer(815301076,1909f56bfc062723c751e8b465ee728b) [PhysX] Initialized MultithreadedTaskDispatcher with 20 workers.
[PhysX] Initialized MultithreadedTaskDispatcher with 20 workers.
 -> (artifact id: 'ae1429ba122ae22d83b0f769c181b025') in 0.006931 seconds
Number of updated asset objects reloaded before import = 0
Number of asset objects unloaded after import = 3
========================================================================
Received Import Request.
  Time since last request: 0.000015 seconds.
  path: Assets/Violet Theme Ui/Colored Icons/shield green.png
  artifactKey: Guid(cea8186578848314b86d47c6daedf32d) Importer(815301076,1909f56bfc062723c751e8b465ee728b)
Start importing Assets/Violet Theme Ui/Colored Icons/shield green.png using Guid(cea8186578848314b86d47c6daedf32d) Importer(815301076,1909f56bfc062723c751e8b465ee728b) [PhysX] Initialized MultithreadedTaskDispatcher with 20 workers.
[PhysX] Initialized MultithreadedTaskDispatcher with 20 workers.
 -> (artifact id: 'af9d7cb9f74baad3e3abb042f8d00758') in 0.008277 seconds
Number of updated asset objects reloaded before import = 0
Number of asset objects unloaded after import = 3
========================================================================
Received Import Request.
  Time since last request: 0.000072 seconds.
  path: Assets/Violet Theme Ui/Colored Icons/Rank.png
  artifactKey: Guid(35ada85acb95b7941aab7c68c4e1dcec) Importer(815301076,1909f56bfc062723c751e8b465ee728b)
Start importing Assets/Violet Theme Ui/Colored Icons/Rank.png using Guid(35ada85acb95b7941aab7c68c4e1dcec) Importer(815301076,1909f56bfc062723c751e8b465ee728b) [PhysX] Initialized MultithreadedTaskDispatcher with 20 workers.
[PhysX] Initialized MultithreadedTaskDispatcher with 20 workers.
 -> (artifact id: 'b184581204b2ad06203c8cbf92e2e90c') in 0.007423 seconds
Number of updated asset objects reloaded before import = 0
Number of asset objects unloaded after import = 3
========================================================================
Received Import Request.
  Time since last request: 0.000014 seconds.
  path: Assets/Violet Theme Ui/Colored Icons/orange.png
  artifactKey: Guid(b26193825d007d7419f7e53259af7102) Importer(815301076,1909f56bfc062723c751e8b465ee728b)
Start importing Assets/Violet Theme Ui/Colored Icons/orange.png using Guid(b26193825d007d7419f7e53259af7102) Importer(815301076,1909f56bfc062723c751e8b465ee728b) [PhysX] Initialized MultithreadedTaskDispatcher with 20 workers.
[PhysX] Initialized MultithreadedTaskDispatcher with 20 workers.
 -> (artifact id: '9918e8102531eb08275e31bd6346ed65') in 0.007749 seconds
Number of updated asset objects reloaded before import = 0
Number of asset objects unloaded after import = 3
========================================================================
Received Import Request.
  Time since last request: 0.000016 seconds.
  path: Assets/Violet Theme Ui/Colored Icons/Gem.png
  artifactKey: Guid(fdd7c39b6deb3f840b5fc0e9cbc6cb00) Importer(815301076,1909f56bfc062723c751e8b465ee728b)
Start importing Assets/Violet Theme Ui/Colored Icons/Gem.png using Guid(fdd7c39b6deb3f840b5fc0e9cbc6cb00) Importer(815301076,1909f56bfc062723c751e8b465ee728b) [PhysX] Initialized MultithreadedTaskDispatcher with 20 workers.
[PhysX] Initialized MultithreadedTaskDispatcher with 20 workers.
 -> (artifact id: '65dc608612204653bbf74ccb87dd006d') in 0.011759 seconds
Number of updated asset objects reloaded before import = 0
Number of asset objects unloaded after import = 3
========================================================================
Received Import Request.
  Time since last request: 0.000020 seconds.
  path: Assets/Violet Theme Ui/Colored Icons/Gem 2 Purple.png
  artifactKey: Guid(282adf27b271c3845b9037cebe0826ed) Importer(815301076,1909f56bfc062723c751e8b465ee728b)
Start importing Assets/Violet Theme Ui/Colored Icons/Gem 2 Purple.png using Guid(282adf27b271c3845b9037cebe0826ed) Importer(815301076,1909f56bfc062723c751e8b465ee728b) [PhysX] Initialized MultithreadedTaskDispatcher with 20 workers.
[PhysX] Initialized MultithreadedTaskDispatcher with 20 workers.
 -> (artifact id: '6e5b32b5a13ffeacc55c52593460b7af') in 0.011532 seconds
Number of updated asset objects reloaded before import = 0
Number of asset objects unloaded after import = 3
========================================================================
Received Import Request.
  Time since last request: 0.000028 seconds.
  path: Assets/Violet Theme Ui/Colored Icons/Timer.png
  artifactKey: Guid(12d33c45df2a46642bbc13c03009055b) Importer(815301076,1909f56bfc062723c751e8b465ee728b)
Start importing Assets/Violet Theme Ui/Colored Icons/Timer.png using Guid(12d33c45df2a46642bbc13c03009055b) Importer(815301076,1909f56bfc062723c751e8b465ee728b) [PhysX] Initialized MultithreadedTaskDispatcher with 20 workers.
[PhysX] Initialized MultithreadedTaskDispatcher with 20 workers.
 -> (artifact id: '95f1597667084a12caa7f2fb41e1f34b') in 0.008360 seconds
Number of updated asset objects reloaded before import = 0
Number of asset objects unloaded after import = 3
========================================================================
Received Import Request.
  Time since last request: 0.000031 seconds.
  path: Assets/Violet Theme Ui/Colored Icons/Down.png
  artifactKey: Guid(60543be98b18e94439b2e2a67aae367f) Importer(815301076,1909f56bfc062723c751e8b465ee728b)
Start importing Assets/Violet Theme Ui/Colored Icons/Down.png using Guid(60543be98b18e94439b2e2a67aae367f) Importer(815301076,1909f56bfc062723c751e8b465ee728b) [PhysX] Initialized MultithreadedTaskDispatcher with 20 workers.
[PhysX] Initialized MultithreadedTaskDispatcher with 20 workers.
 -> (artifact id: '3a2cdb72b2d2629a68a78f6cdc827577') in 0.013106 seconds
Number of updated asset objects reloaded before import = 0
Number of asset objects unloaded after import = 3
========================================================================
Received Import Request.
  Time since last request: 0.000014 seconds.
  path: Assets/Violet Theme Ui/Colored Icons/Map.png
  artifactKey: Guid(fc6a4cf79ce3ce447b1b7865eecfc942) Importer(815301076,1909f56bfc062723c751e8b465ee728b)
Start importing Assets/Violet Theme Ui/Colored Icons/Map.png using Guid(fc6a4cf79ce3ce447b1b7865eecfc942) Importer(815301076,1909f56bfc062723c751e8b465ee728b) [PhysX] Initialized MultithreadedTaskDispatcher with 20 workers.
[PhysX] Initialized MultithreadedTaskDispatcher with 20 workers.
 -> (artifact id: 'ac7e134d41363ef279ff26d315194aad') in 0.010990 seconds
Number of updated asset objects reloaded before import = 0
Number of asset objects unloaded after import = 3
========================================================================
Received Import Request.
  Time since last request: 0.000015 seconds.
  path: Assets/Violet Theme Ui/Colored Icons/Ice Cream.png
  artifactKey: Guid(ff777246aa1a2ab428c099c13271de80) Importer(815301076,1909f56bfc062723c751e8b465ee728b)
Start importing Assets/Violet Theme Ui/Colored Icons/Ice Cream.png using Guid(ff777246aa1a2ab428c099c13271de80) Importer(815301076,1909f56bfc062723c751e8b465ee728b) [PhysX] Initialized MultithreadedTaskDispatcher with 20 workers.
[PhysX] Initialized MultithreadedTaskDispatcher with 20 workers.
 -> (artifact id: '8a63479bf9adee8f06322273adde40cf') in 0.016880 seconds
Number of updated asset objects reloaded before import = 0
Number of asset objects unloaded after import = 3
========================================================================
Received Import Request.
  Time since last request: 0.000016 seconds.
  path: Assets/Violet Theme Ui/Colored Icons/Magnet.png
  artifactKey: Guid(bd6ebf661ce04ab4599d54cda1928984) Importer(815301076,1909f56bfc062723c751e8b465ee728b)
Start importing Assets/Violet Theme Ui/Colored Icons/Magnet.png using Guid(bd6ebf661ce04ab4599d54cda1928984) Importer(815301076,1909f56bfc062723c751e8b465ee728b) [PhysX] Initialized MultithreadedTaskDispatcher with 20 workers.
[PhysX] Initialized MultithreadedTaskDispatcher with 20 workers.
 -> (artifact id: '33968bb07eb23960a42488834ce73d96') in 0.007355 seconds
Number of updated asset objects reloaded before import = 0
Number of asset objects unloaded after import = 3
========================================================================
Received Import Request.
  Time since last request: 0.000015 seconds.
  path: Assets/Violet Theme Ui/Colored Icons/Crown 1.png
  artifactKey: Guid(6e218b04a5fa9ed4fa40b687eaeff8cc) Importer(815301076,1909f56bfc062723c751e8b465ee728b)
Start importing Assets/Violet Theme Ui/Colored Icons/Crown 1.png using Guid(6e218b04a5fa9ed4fa40b687eaeff8cc) Importer(815301076,1909f56bfc062723c751e8b465ee728b) [PhysX] Initialized MultithreadedTaskDispatcher with 20 workers.
[PhysX] Initialized MultithreadedTaskDispatcher with 20 workers.
 -> (artifact id: '7a0132b639103ae5f0989cac6283fe93') in 0.006659 seconds
Number of updated asset objects reloaded before import = 0
Number of asset objects unloaded after import = 3
========================================================================
Received Import Request.
  Time since last request: 0.000014 seconds.
  path: Assets/Violet Theme Ui/Colored Icons/water melon.png
  artifactKey: Guid(a4822d008712e02409c12034e8bbe37a) Importer(815301076,1909f56bfc062723c751e8b465ee728b)
Start importing Assets/Violet Theme Ui/Colored Icons/water melon.png using Guid(a4822d008712e02409c12034e8bbe37a) Importer(815301076,1909f56bfc062723c751e8b465ee728b) [PhysX] Initialized MultithreadedTaskDispatcher with 20 workers.
[PhysX] Initialized MultithreadedTaskDispatcher with 20 workers.
 -> (artifact id: '0b3533a8d54dd07e7e5d609a2f05658e') in 0.007172 seconds
Number of updated asset objects reloaded before import = 0
Number of asset objects unloaded after import = 3
========================================================================
Received Import Request.
  Time since last request: 29.617030 seconds.
  path: Assets/TextMesh Pro/Examples & Extras/Resources/Fonts & Materials/Anton SDF - Drop Shadow.mat
  artifactKey: Guid(749b9069dc4742c5bfa5c74644049926) Importer(815301076,1909f56bfc062723c751e8b465ee728b)
Start importing Assets/TextMesh Pro/Examples & Extras/Resources/Fonts & Materials/Anton SDF - Drop Shadow.mat using Guid(749b9069dc4742c5bfa5c74644049926) Importer(815301076,1909f56bfc062723c751e8b465ee728b) [PhysX] Initialized MultithreadedTaskDispatcher with 20 workers.
[PhysX] Initialized MultithreadedTaskDispatcher with 20 workers.
 -> (artifact id: 'e8c2ecdd0f1135f7b54b39abce7894f7') in 0.097949 seconds
Number of updated asset objects reloaded before import = 0
Number of asset objects unloaded after import = 2
========================================================================
Received Import Request.
  Time since last request: 0.000041 seconds.
  path: Assets/TextMesh Pro/Resources/Fonts & Materials/LiberationSans SDF - Fallback.asset
  artifactKey: Guid(2e498d1c8094910479dc3e1b768306a4) Importer(815301076,1909f56bfc062723c751e8b465ee728b)
Start importing Assets/TextMesh Pro/Resources/Fonts & Materials/LiberationSans SDF - Fallback.asset using Guid(2e498d1c8094910479dc3e1b768306a4) Importer(815301076,1909f56bfc062723c751e8b465ee728b) [PhysX] Initialized MultithreadedTaskDispatcher with 20 workers.
[PhysX] Initialized MultithreadedTaskDispatcher with 20 workers.
[PhysX] Initialized MultithreadedTaskDispatcher with 20 workers.
 -> (artifact id: '02de02c368f2da0774dce83cdb2a5a99') in 0.028008 seconds
Number of updated asset objects reloaded before import = 0
Number of asset objects unloaded after import = 6
========================================================================
Received Import Request.
  Time since last request: 0.000060 seconds.
  path: Assets/TextMesh Pro/Examples & Extras/Resources/Fonts & Materials/Bangers SDF - Outline.mat
  artifactKey: Guid(f629c6e43dba4bf38cb74d8860150664) Importer(815301076,1909f56bfc062723c751e8b465ee728b)
Start importing Assets/TextMesh Pro/Examples & Extras/Resources/Fonts & Materials/Bangers SDF - Outline.mat using Guid(f629c6e43dba4bf38cb74d8860150664) Importer(815301076,1909f56bfc062723c751e8b465ee728b) [PhysX] Initialized MultithreadedTaskDispatcher with 20 workers.
[PhysX] Initialized MultithreadedTaskDispatcher with 20 workers.
 -> (artifact id: 'adbf444fea530ce188689ec99a545ff1') in 0.035676 seconds
Number of updated asset objects reloaded before import = 0
Number of asset objects unloaded after import = 2
========================================================================
Received Import Request.
  Time since last request: 0.000017 seconds.
  path: Assets/TextMesh Pro/Examples & Extras/Materials/Small Crate_diffuse.mat
  artifactKey: Guid(22262639920f43d6be32430e4e58350d) Importer(815301076,1909f56bfc062723c751e8b465ee728b)
Start importing Assets/TextMesh Pro/Examples & Extras/Materials/Small Crate_diffuse.mat using Guid(22262639920f43d6be32430e4e58350d) Importer(815301076,1909f56bfc062723c751e8b465ee728b) [PhysX] Initialized MultithreadedTaskDispatcher with 20 workers.
[PhysX] Initialized MultithreadedTaskDispatcher with 20 workers.
 -> (artifact id: '78ed26a85605ef590a4ab41d74865940') in 0.179099 seconds
Number of updated asset objects reloaded before import = 0
Number of asset objects unloaded after import = 3
========================================================================
Received Import Request.
  Time since last request: 0.000016 seconds.
  path: Assets/TextMesh Pro/Examples & Extras/Fonts/Roboto-Bold.ttf
  artifactKey: Guid(4beb055f07aaff244873dec698d0363e) Importer(815301076,1909f56bfc062723c751e8b465ee728b)
Start importing Assets/TextMesh Pro/Examples & Extras/Fonts/Roboto-Bold.ttf using Guid(4beb055f07aaff244873dec698d0363e) Importer(815301076,1909f56bfc062723c751e8b465ee728b) [PhysX] Initialized MultithreadedTaskDispatcher with 20 workers.
[PhysX] Initialized MultithreadedTaskDispatcher with 20 workers.
[PhysX] Initialized MultithreadedTaskDispatcher with 20 workers.
 -> (artifact id: '57b8c636d7fc4dc2f44b1ba9abe3c511') in 0.011497 seconds
Number of updated asset objects reloaded before import = 0
Number of asset objects unloaded after import = 4
========================================================================
Received Import Request.
  Time since last request: 0.000023 seconds.
  path: Assets/TextMesh Pro/Examples & Extras/Fonts/Electronic Highway Sign.TTF
  artifactKey: Guid(8a2b9e2a607dd2143b58c44bc32410b4) Importer(815301076,1909f56bfc062723c751e8b465ee728b)
Start importing Assets/TextMesh Pro/Examples & Extras/Fonts/Electronic Highway Sign.TTF using Guid(8a2b9e2a607dd2143b58c44bc32410b4) Importer(815301076,1909f56bfc062723c751e8b465ee728b) [PhysX] Initialized MultithreadedTaskDispatcher with 20 workers.
[PhysX] Initialized MultithreadedTaskDispatcher with 20 workers.
[PhysX] Initialized MultithreadedTaskDispatcher with 20 workers.
 -> (artifact id: '28b1abb479dc1b5bb05b71f644e78c6a') in 0.008210 seconds
Number of updated asset objects reloaded before import = 0
Number of asset objects unloaded after import = 4
========================================================================
Received Import Request.
  Time since last request: 0.000014 seconds.
  path: Assets/TextMesh Pro/Resources/Fonts & Materials/LiberationSans SDF - Outline.mat
  artifactKey: Guid(79459efec17a4d00a321bdcc27bbc385) Importer(815301076,1909f56bfc062723c751e8b465ee728b)
Start importing Assets/TextMesh Pro/Resources/Fonts & Materials/LiberationSans SDF - Outline.mat using Guid(79459efec17a4d00a321bdcc27bbc385) Importer(815301076,1909f56bfc062723c751e8b465ee728b) [PhysX] Initialized MultithreadedTaskDispatcher with 20 workers.
[PhysX] Initialized MultithreadedTaskDispatcher with 20 workers.
 -> (artifact id: '38d4a290518bac784a897f2a80643bee') in 0.019768 seconds
Number of updated asset objects reloaded before import = 0
Number of asset objects unloaded after import = 2
========================================================================
Received Import Request.
  Time since last request: 0.000016 seconds.
  path: Assets/TextMesh Pro/Examples & Extras/Resources/Fonts & Materials/LiberationSans SDF - Soft Mask.mat
  artifactKey: Guid(42df1c7856584b6b8db9a509b6b10074) Importer(815301076,1909f56bfc062723c751e8b465ee728b)
Start importing Assets/TextMesh Pro/Examples & Extras/Resources/Fonts & Materials/LiberationSans SDF - Soft Mask.mat using Guid(42df1c7856584b6b8db9a509b6b10074) Importer(815301076,1909f56bfc062723c751e8b465ee728b) [PhysX] Initialized MultithreadedTaskDispatcher with 20 workers.
[PhysX] Initialized MultithreadedTaskDispatcher with 20 workers.
 -> (artifact id: '1374826f8b83e7e059ec82ee9a985844') in 0.015148 seconds
Number of updated asset objects reloaded before import = 0
Number of asset objects unloaded after import = 3
========================================================================
Received Import Request.
  Time since last request: 1.834519 seconds.
  path: Packages/com.unity.2d.psdimporter/Editor/Assets/pivot.fbx
  artifactKey: Guid(1c7762c9bce5f4ab7b060decb9e3002d) Importer(815301076,1909f56bfc062723c751e8b465ee728b)
Start importing Packages/com.unity.2d.psdimporter/Editor/Assets/pivot.fbx using Guid(1c7762c9bce5f4ab7b060decb9e3002d) Importer(815301076,1909f56bfc062723c751e8b465ee728b) [PhysX] Initialized MultithreadedTaskDispatcher with 20 workers.
[PhysX] Initialized MultithreadedTaskDispatcher with 20 workers.
[PhysX] Initialized MultithreadedTaskDispatcher with 20 workers.
 -> (artifact id: '8657884eddee6be902b703ed88d286e3') in 0.164471 seconds
Number of updated asset objects reloaded before import = 0
Number of asset objects unloaded after import = 10
========================================================================
Received Import Request.
  Time since last request: 1.078756 seconds.
  path: Assets/Violet Theme Ui/Prefab/Bottom Menu.prefab
  artifactKey: Guid(070add71008581e49986cf2f1d3ff193) Importer(815301076,1909f56bfc062723c751e8b465ee728b)
Start importing Assets/Violet Theme Ui/Prefab/Bottom Menu.prefab using Guid(070add71008581e49986cf2f1d3ff193) Importer(815301076,1909f56bfc062723c751e8b465ee728b) [PhysX] Initialized MultithreadedTaskDispatcher with 20 workers.
 -> (artifact id: '09503f0b66d9f919e22f4c4a58ab005c') in 0.000598 seconds
Number of updated asset objects reloaded before import = 0
Number of asset objects unloaded after import = 0
========================================================================
Received Import Request.
  Time since last request: 0.000186 seconds.
  path: Packages/com.unity.2d.spriteshape/Editor/ObjectMenuCreation/DefaultAssets/Sprite Shapes/Closed Sprite Shape.prefab
  artifactKey: Guid(c0583b4e855c74b8c82e7b9b5efb5ce9) Importer(815301076,1909f56bfc062723c751e8b465ee728b)
Start importing Packages/com.unity.2d.spriteshape/Editor/ObjectMenuCreation/DefaultAssets/Sprite Shapes/Closed Sprite Shape.prefab using Guid(c0583b4e855c74b8c82e7b9b5efb5ce9) Importer(815301076,1909f56bfc062723c751e8b465ee728b) [PhysX] Initialized MultithreadedTaskDispatcher with 20 workers.
 -> (artifact id: '305597e0a2fea3aa253a9ca5836737c0') in 0.001115 seconds
Number of updated asset objects reloaded before import = 0
Number of asset objects unloaded after import = 0
========================================================================
Received Import Request.
  Time since last request: 0.002640 seconds.
  path: Packages/com.unity.2d.spriteshape/Editor/ObjectMenuCreation/DefaultAssets/Sprite Shapes/Open Sprite Shape.prefab
  artifactKey: Guid(86ae7de409eb54f619fb1328e4d42480) Importer(815301076,1909f56bfc062723c751e8b465ee728b)
Start importing Packages/com.unity.2d.spriteshape/Editor/ObjectMenuCreation/DefaultAssets/Sprite Shapes/Open Sprite Shape.prefab using Guid(86ae7de409eb54f619fb1328e4d42480) Importer(815301076,1909f56bfc062723c751e8b465ee728b) [PhysX] Initialized MultithreadedTaskDispatcher with 20 workers.
 -> (artifact id: '50cb6eb064a9e922d26d29a9f4bab232') in 0.001117 seconds
Number of updated asset objects reloaded before import = 0
Number of asset objects unloaded after import = 0
========================================================================
Received Import Request.
  Time since last request: 0.001103 seconds.
  path: Assets/Violet Theme Ui/Prefab/Progress Bar/Progress Bar Green.prefab
  artifactKey: Guid(7ca631878175ae44885969dd054d4829) Importer(815301076,1909f56bfc062723c751e8b465ee728b)
Start importing Assets/Violet Theme Ui/Prefab/Progress Bar/Progress Bar Green.prefab using Guid(7ca631878175ae44885969dd054d4829) Importer(815301076,1909f56bfc062723c751e8b465ee728b) [PhysX] Initialized MultithreadedTaskDispatcher with 20 workers.
 -> (artifact id: '270dbd4f3223b40e48946f41027a05fe') in 0.000394 seconds
Number of updated asset objects reloaded before import = 0
Number of asset objects unloaded after import = 0
========================================================================
Received Import Request.
  Time since last request: 0.000615 seconds.
  path: Assets/Violet Theme Ui/Prefab/Progress Bar/Progress Bar Orange.prefab
  artifactKey: Guid(728f7c02ad4fc1249a0d3e2fb109d181) Importer(815301076,1909f56bfc062723c751e8b465ee728b)
Start importing Assets/Violet Theme Ui/Prefab/Progress Bar/Progress Bar Orange.prefab using Guid(728f7c02ad4fc1249a0d3e2fb109d181) Importer(815301076,1909f56bfc062723c751e8b465ee728b) [PhysX] Initialized MultithreadedTaskDispatcher with 20 workers.
 -> (artifact id: 'f81734477cdb42dbeca9d5522694ffe0') in 0.000363 seconds
Number of updated asset objects reloaded before import = 0
Number of asset objects unloaded after import = 0
========================================================================
Received Import Request.
  Time since last request: 0.000191 seconds.
  path: Assets/Violet Theme Ui/Prefab/Progress Bar/Progress Bar Pink.prefab
  artifactKey: Guid(a6cf32a12d3652b438604456170c13c9) Importer(815301076,1909f56bfc062723c751e8b465ee728b)
Start importing Assets/Violet Theme Ui/Prefab/Progress Bar/Progress Bar Pink.prefab using Guid(a6cf32a12d3652b438604456170c13c9) Importer(815301076,1909f56bfc062723c751e8b465ee728b) [PhysX] Initialized MultithreadedTaskDispatcher with 20 workers.
 -> (artifact id: '8f8763f8f778ba31fd0a61cf816c3e4c') in 0.000342 seconds
Number of updated asset objects reloaded before import = 0
Number of asset objects unloaded after import = 0
========================================================================
Received Import Request.
  Time since last request: 0.001297 seconds.
  path: Assets/Violet Theme Ui/Prefab/Progress Bar/Progress Bar Violet.prefab
  artifactKey: Guid(4f3986d58bfc53f48a3429f92353a829) Importer(815301076,1909f56bfc062723c751e8b465ee728b)
Start importing Assets/Violet Theme Ui/Prefab/Progress Bar/Progress Bar Violet.prefab using Guid(4f3986d58bfc53f48a3429f92353a829) Importer(815301076,1909f56bfc062723c751e8b465ee728b) [PhysX] Initialized MultithreadedTaskDispatcher with 20 workers.
 -> (artifact id: '0e151da0cbc9a33e71fab667c273937d') in 0.000376 seconds
Number of updated asset objects reloaded before import = 0
Number of asset objects unloaded after import = 0
========================================================================
Received Import Request.
  Time since last request: 0.002519 seconds.
  path: Assets/Violet Theme Ui/Prefab/Slider/Slider Blue.prefab
  artifactKey: Guid(d5eddc7717b99d14ebd61778cefabbae) Importer(815301076,1909f56bfc062723c751e8b465ee728b)
Start importing Assets/Violet Theme Ui/Prefab/Slider/Slider Blue.prefab using Guid(d5eddc7717b99d14ebd61778cefabbae) Importer(815301076,1909f56bfc062723c751e8b465ee728b) [PhysX] Initialized MultithreadedTaskDispatcher with 20 workers.
 -> (artifact id: 'c15f08b94e326b713c49739c6a083d97') in 0.000424 seconds
Number of updated asset objects reloaded before import = 0
Number of asset objects unloaded after import = 0
========================================================================
Received Import Request.
  Time since last request: 0.000162 seconds.
  path: Assets/Violet Theme Ui/Prefab/Slider/Slider Green.prefab
  artifactKey: Guid(92cec96c482b4214db21a807318319da) Importer(815301076,1909f56bfc062723c751e8b465ee728b)
Start importing Assets/Violet Theme Ui/Prefab/Slider/Slider Green.prefab using Guid(92cec96c482b4214db21a807318319da) Importer(815301076,1909f56bfc062723c751e8b465ee728b) [PhysX] Initialized MultithreadedTaskDispatcher with 20 workers.
 -> (artifact id: '17e974f2bd73d99b079555125a3283fe') in 0.000381 seconds
Number of updated asset objects reloaded before import = 0
Number of asset objects unloaded after import = 0
========================================================================
Received Import Request.
  Time since last request: 0.001069 seconds.
  path: Assets/Violet Theme Ui/Prefab/Slider/Slider Orange.prefab
  artifactKey: Guid(a0bca8fd3c9bb4c408992de10444b701) Importer(815301076,1909f56bfc062723c751e8b465ee728b)
Start importing Assets/Violet Theme Ui/Prefab/Slider/Slider Orange.prefab using Guid(a0bca8fd3c9bb4c408992de10444b701) Importer(815301076,1909f56bfc062723c751e8b465ee728b) [PhysX] Initialized MultithreadedTaskDispatcher with 20 workers.
 -> (artifact id: '1a13f6e15be7d3f7a99066093264a833') in 0.000370 seconds
Number of updated asset objects reloaded before import = 0
Number of asset objects unloaded after import = 0
========================================================================
Received Import Request.
  Time since last request: 0.000976 seconds.
  path: Assets/Violet Theme Ui/Prefab/Slider/Slider Red.prefab
  artifactKey: Guid(5f3839588e246c24496f3c58d09695d2) Importer(815301076,1909f56bfc062723c751e8b465ee728b)
Start importing Assets/Violet Theme Ui/Prefab/Slider/Slider Red.prefab using Guid(5f3839588e246c24496f3c58d09695d2) Importer(815301076,1909f56bfc062723c751e8b465ee728b) [PhysX] Initialized MultithreadedTaskDispatcher with 20 workers.
 -> (artifact id: '1db01a3e631bf05378808c5074390cbb') in 0.000440 seconds
Number of updated asset objects reloaded before import = 0
Number of asset objects unloaded after import = 0
========================================================================
Received Import Request.
  Time since last request: 0.000763 seconds.
  path: Assets/Violet Theme Ui/Prefab/Slider/Slider Yellow.prefab
  artifactKey: Guid(267d0f0f1215e9b4585dbf0e33830747) Importer(815301076,1909f56bfc062723c751e8b465ee728b)
Start importing Assets/Violet Theme Ui/Prefab/Slider/Slider Yellow.prefab using Guid(267d0f0f1215e9b4585dbf0e33830747) Importer(815301076,1909f56bfc062723c751e8b465ee728b) [PhysX] Initialized MultithreadedTaskDispatcher with 20 workers.
 -> (artifact id: '45ff0d7e3334cd7c02401d278c85c7fe') in 0.000359 seconds
Number of updated asset objects reloaded before import = 0
Number of asset objects unloaded after import = 0
========================================================================
Received Import Request.
  Time since last request: 0.000887 seconds.
  path: Assets/Violet Theme Ui/Prefab/Store.prefab
  artifactKey: Guid(ef94f707182732b4fb45389fc2da750f) Importer(815301076,1909f56bfc062723c751e8b465ee728b)
Start importing Assets/Violet Theme Ui/Prefab/Store.prefab using Guid(ef94f707182732b4fb45389fc2da750f) Importer(815301076,1909f56bfc062723c751e8b465ee728b) [PhysX] Initialized MultithreadedTaskDispatcher with 20 workers.
 -> (artifact id: '1d01db41576664d1f591013f61f59db8') in 0.000392 seconds
Number of updated asset objects reloaded before import = 0
Number of asset objects unloaded after import = 0
========================================================================
Received Import Request.
  Time since last request: 0.000856 seconds.
  path: Assets/TextMesh Pro/Examples & Extras/Prefabs/TextMeshPro - Prefab 1.prefab
  artifactKey: Guid(a6e39ced0ea046bcb636c3f0b2e2a745) Importer(815301076,1909f56bfc062723c751e8b465ee728b)
Start importing Assets/TextMesh Pro/Examples & Extras/Prefabs/TextMeshPro - Prefab 1.prefab using Guid(a6e39ced0ea046bcb636c3f0b2e2a745) Importer(815301076,1909f56bfc062723c751e8b465ee728b) [PhysX] Initialized MultithreadedTaskDispatcher with 20 workers.
 -> (artifact id: '235a0a2799196a7080dc7f6388eecbb5') in 0.000368 seconds
Number of updated asset objects reloaded before import = 0
Number of asset objects unloaded after import = 0
========================================================================
Received Import Request.
  Time since last request: 0.000048 seconds.
  path: Assets/TextMesh Pro/Examples & Extras/Prefabs/TextMeshPro - Prefab 2.prefab
  artifactKey: Guid(fdad9d952ae84cafb74c63f2e694d042) Importer(815301076,1909f56bfc062723c751e8b465ee728b)
Start importing Assets/TextMesh Pro/Examples & Extras/Prefabs/TextMeshPro - Prefab 2.prefab using Guid(fdad9d952ae84cafb74c63f2e694d042) Importer(815301076,1909f56bfc062723c751e8b465ee728b) [PhysX] Initialized MultithreadedTaskDispatcher with 20 workers.
 -> (artifact id: '096d540a279474e42569923c0473f55f') in 0.000337 seconds
Number of updated asset objects reloaded before import = 0
Number of asset objects unloaded after import = 0
========================================================================
Received Import Request.
  Time since last request: 0.000409 seconds.
  path: Assets/Violet Theme Ui/Prefab/Toggles/Toggle Blue.prefab
  artifactKey: Guid(8ce41f8e8c258734c8e6870e28e62127) Importer(815301076,1909f56bfc062723c751e8b465ee728b)
Start importing Assets/Violet Theme Ui/Prefab/Toggles/Toggle Blue.prefab using Guid(8ce41f8e8c258734c8e6870e28e62127) Importer(815301076,1909f56bfc062723c751e8b465ee728b) [PhysX] Initialized MultithreadedTaskDispatcher with 20 workers.
 -> (artifact id: '0b388512eb02406e414dd703acadd76c') in 0.000344 seconds
Number of updated asset objects reloaded before import = 0
Number of asset objects unloaded after import = 0
========================================================================
Received Import Request.
  Time since last request: 0.001267 seconds.
  path: Assets/Violet Theme Ui/Prefab/Toggles/Toggle Lavender.prefab
  artifactKey: Guid(8bdc035c46ce8774da19c69676eb279c) Importer(815301076,1909f56bfc062723c751e8b465ee728b)
Start importing Assets/Violet Theme Ui/Prefab/Toggles/Toggle Lavender.prefab using Guid(8bdc035c46ce8774da19c69676eb279c) Importer(815301076,1909f56bfc062723c751e8b465ee728b) [PhysX] Initialized MultithreadedTaskDispatcher with 20 workers.
 -> (artifact id: '8d5030188029055ef0919dcb4c03e2b5') in 0.000436 seconds
Number of updated asset objects reloaded before import = 0
Number of asset objects unloaded after import = 0
========================================================================
Received Import Request.
  Time since last request: 0.000783 seconds.
  path: Assets/Violet Theme Ui/Prefab/Toggles/Toggle Pink.prefab
  artifactKey: Guid(ec429b3b68bd482408c90230ff3d5b2f) Importer(815301076,1909f56bfc062723c751e8b465ee728b)
Start importing Assets/Violet Theme Ui/Prefab/Toggles/Toggle Pink.prefab using Guid(ec429b3b68bd482408c90230ff3d5b2f) Importer(815301076,1909f56bfc062723c751e8b465ee728b) [PhysX] Initialized MultithreadedTaskDispatcher with 20 workers.
 -> (artifact id: '936d5aaf61a8a79f8449a6848573eefc') in 0.000759 seconds
Number of updated asset objects reloaded before import = 0
Number of asset objects unloaded after import = 0
========================================================================
Received Import Request.
  Time since last request: 0.001078 seconds.
  path: Assets/Violet Theme Ui/Prefab/Toggles/Toggle Violet.prefab
  artifactKey: Guid(972d689e99b62f740a9658599a29f462) Importer(815301076,1909f56bfc062723c751e8b465ee728b)
Start importing Assets/Violet Theme Ui/Prefab/Toggles/Toggle Violet.prefab using Guid(972d689e99b62f740a9658599a29f462) Importer(815301076,1909f56bfc062723c751e8b465ee728b) [PhysX] Initialized MultithreadedTaskDispatcher with 20 workers.
 -> (artifact id: 'c1326b8506a696f8a8222efa74173495') in 0.000475 seconds
Number of updated asset objects reloaded before import = 0
Number of asset objects unloaded after import = 0
========================================================================
Received Import Request.
  Time since last request: 0.000076 seconds.
  path: Assets/Violet Theme Ui/Prefab/Toggles/Toggle Yellow.prefab
  artifactKey: Guid(eb41aeb313d012844bc759f47dbd4e6f) Importer(815301076,1909f56bfc062723c751e8b465ee728b)
Start importing Assets/Violet Theme Ui/Prefab/Toggles/Toggle Yellow.prefab using Guid(eb41aeb313d012844bc759f47dbd4e6f) Importer(815301076,1909f56bfc062723c751e8b465ee728b) [PhysX] Initialized MultithreadedTaskDispatcher with 20 workers.
 -> (artifact id: '22a06f8d7d9a11e9f6de2ec76cc700db') in 0.000444 seconds
Number of updated asset objects reloaded before import = 0
Number of asset objects unloaded after import = 0
========================================================================
Received Import Request.
  Time since last request: 15.560383 seconds.
  path: Assets/Violet Theme Ui/Switch/Switch Off Background.png
  artifactKey: Guid(2497ab3b270125b4f9436d5227725998) Importer(815301076,1909f56bfc062723c751e8b465ee728b)
Start importing Assets/Violet Theme Ui/Switch/Switch Off Background.png using Guid(2497ab3b270125b4f9436d5227725998) Importer(815301076,1909f56bfc062723c751e8b465ee728b) [PhysX] Initialized MultithreadedTaskDispatcher with 20 workers.
[PhysX] Initialized MultithreadedTaskDispatcher with 20 workers.
 -> (artifact id: '444697620032768470e77fa4b890da2e') in 0.008231 seconds
Number of updated asset objects reloaded before import = 0
Number of asset objects unloaded after import = 3
========================================================================
Received Import Request.
  Time since last request: 0.000015 seconds.
  path: Assets/Violet Theme Ui/Switch/Switch On Violet.png
  artifactKey: Guid(f8d9fa4aa387eed45849d848b837bc61) Importer(815301076,1909f56bfc062723c751e8b465ee728b)
Start importing Assets/Violet Theme Ui/Switch/Switch On Violet.png using Guid(f8d9fa4aa387eed45849d848b837bc61) Importer(815301076,1909f56bfc062723c751e8b465ee728b) [PhysX] Initialized MultithreadedTaskDispatcher with 20 workers.
[PhysX] Initialized MultithreadedTaskDispatcher with 20 workers.
 -> (artifact id: 'b118b5bd06d27463e574e97637ffeec5') in 0.006854 seconds
Number of updated asset objects reloaded before import = 0
Number of asset objects unloaded after import = 3
========================================================================
Received Import Request.
  Time since last request: 0.000017 seconds.
  path: Assets/Violet Theme Ui/Switch/Switch On Red.png
  artifactKey: Guid(57bb1f0c009ff8a41a3bb184e99fd58d) Importer(815301076,1909f56bfc062723c751e8b465ee728b)
Start importing Assets/Violet Theme Ui/Switch/Switch On Red.png using Guid(57bb1f0c009ff8a41a3bb184e99fd58d) Importer(815301076,1909f56bfc062723c751e8b465ee728b) [PhysX] Initialized MultithreadedTaskDispatcher with 20 workers.
[PhysX] Initialized MultithreadedTaskDispatcher with 20 workers.
 -> (artifact id: 'bfebe14a7e2a9a0e26a036cea2e8b974') in 0.007565 seconds
Number of updated asset objects reloaded before import = 0
Number of asset objects unloaded after import = 3
========================================================================
Received Import Request.
  Time since last request: 0.615273 seconds.
  path: Assets/Violet Theme Ui/White Icons/PowerUp1.png
  artifactKey: Guid(12c7ee7a153b80e459933263e2a26be6) Importer(815301076,1909f56bfc062723c751e8b465ee728b)
Start importing Assets/Violet Theme Ui/White Icons/PowerUp1.png using Guid(12c7ee7a153b80e459933263e2a26be6) Importer(815301076,1909f56bfc062723c751e8b465ee728b) [PhysX] Initialized MultithreadedTaskDispatcher with 20 workers.
[PhysX] Initialized MultithreadedTaskDispatcher with 20 workers.
 -> (artifact id: '394385cd87d57924a9c5b0a95ac1a764') in 0.008494 seconds
Number of updated asset objects reloaded before import = 0
Number of asset objects unloaded after import = 3
========================================================================
Received Import Request.
  Time since last request: 0.000015 seconds.
  path: Assets/Violet Theme Ui/White Icons/White Alarm 2.png
  artifactKey: Guid(e3937cebe64821a4f82f9d49c3c175db) Importer(815301076,1909f56bfc062723c751e8b465ee728b)
Start importing Assets/Violet Theme Ui/White Icons/White Alarm 2.png using Guid(e3937cebe64821a4f82f9d49c3c175db) Importer(815301076,1909f56bfc062723c751e8b465ee728b) [PhysX] Initialized MultithreadedTaskDispatcher with 20 workers.
[PhysX] Initialized MultithreadedTaskDispatcher with 20 workers.
 -> (artifact id: 'b19325f8f6382e46d8dd3da267072b4f') in 0.008862 seconds
Number of updated asset objects reloaded before import = 0
Number of asset objects unloaded after import = 3
========================================================================
Received Import Request.
  Time since last request: 0.000016 seconds.
  path: Assets/Violet Theme Ui/White Icons/White Axe 3.png
  artifactKey: Guid(7173802728af7ad41b6e28336f8dd622) Importer(815301076,1909f56bfc062723c751e8b465ee728b)
Start importing Assets/Violet Theme Ui/White Icons/White Axe 3.png using Guid(7173802728af7ad41b6e28336f8dd622) Importer(815301076,1909f56bfc062723c751e8b465ee728b) [PhysX] Initialized MultithreadedTaskDispatcher with 20 workers.
[PhysX] Initialized MultithreadedTaskDispatcher with 20 workers.
 -> (artifact id: '4b8e63bd92a805435f1d7677dcda66d2') in 0.009865 seconds
Number of updated asset objects reloaded before import = 0
Number of asset objects unloaded after import = 4
========================================================================
Received Import Request.
  Time since last request: 0.000026 seconds.
  path: Assets/Violet Theme Ui/White Icons/White Battery Half.png
  artifactKey: Guid(b8c37e2574275e84aa76ff34202f1b2c) Importer(815301076,1909f56bfc062723c751e8b465ee728b)
Start importing Assets/Violet Theme Ui/White Icons/White Battery Half.png using Guid(b8c37e2574275e84aa76ff34202f1b2c) Importer(815301076,1909f56bfc062723c751e8b465ee728b) [PhysX] Initialized MultithreadedTaskDispatcher with 20 workers.
[PhysX] Initialized MultithreadedTaskDispatcher with 20 workers.
 -> (artifact id: 'a680fd5540ea7de8998d45f53088b300') in 0.011801 seconds
Number of updated asset objects reloaded before import = 0
Number of asset objects unloaded after import = 4
========================================================================
Received Import Request.
  Time since last request: 0.000014 seconds.
  path: Assets/Violet Theme Ui/White Icons/White Book 2.png
  artifactKey: Guid(c481e9467be21884f91a1ee7aa1cf73b) Importer(815301076,1909f56bfc062723c751e8b465ee728b)
Start importing Assets/Violet Theme Ui/White Icons/White Book 2.png using Guid(c481e9467be21884f91a1ee7aa1cf73b) Importer(815301076,1909f56bfc062723c751e8b465ee728b) [PhysX] Initialized MultithreadedTaskDispatcher with 20 workers.
[PhysX] Initialized MultithreadedTaskDispatcher with 20 workers.
 -> (artifact id: 'fab2d2a0fe773565c2ece365d186c56a') in 0.009726 seconds
Number of updated asset objects reloaded before import = 0
Number of asset objects unloaded after import = 4
========================================================================
Received Import Request.
  Time since last request: 0.000013 seconds.
  path: Assets/Violet Theme Ui/White Icons/White Building.png
  artifactKey: Guid(3580e3b3da4859240ac7a3e3c6cedc81) Importer(815301076,1909f56bfc062723c751e8b465ee728b)
Start importing Assets/Violet Theme Ui/White Icons/White Building.png using Guid(3580e3b3da4859240ac7a3e3c6cedc81) Importer(815301076,1909f56bfc062723c751e8b465ee728b) [PhysX] Initialized MultithreadedTaskDispatcher with 20 workers.
[PhysX] Initialized MultithreadedTaskDispatcher with 20 workers.
 -> (artifact id: '9836538239daadf928fe9ed362d4547b') in 0.008387 seconds
Number of updated asset objects reloaded before import = 0
Number of asset objects unloaded after import = 3
========================================================================
Received Import Request.
  Time since last request: 0.000015 seconds.
  path: Assets/Violet Theme Ui/White Icons/White Castle 1.png
  artifactKey: Guid(7750fcabc27e4464c94dd37eabcdb89d) Importer(815301076,1909f56bfc062723c751e8b465ee728b)
Start importing Assets/Violet Theme Ui/White Icons/White Castle 1.png using Guid(7750fcabc27e4464c94dd37eabcdb89d) Importer(815301076,1909f56bfc062723c751e8b465ee728b) [PhysX] Initialized MultithreadedTaskDispatcher with 20 workers.
[PhysX] Initialized MultithreadedTaskDispatcher with 20 workers.
 -> (artifact id: 'bb42390b540e9e65cf8c50c650c22a36') in 0.019261 seconds
Number of updated asset objects reloaded before import = 0
Number of asset objects unloaded after import = 7
========================================================================
Received Import Request.
  Time since last request: 0.000016 seconds.
  path: Assets/Violet Theme Ui/White Icons/White Connected Symbol.png
  artifactKey: Guid(2495dc67178999446959d40ba8991cfe) Importer(815301076,1909f56bfc062723c751e8b465ee728b)
Start importing Assets/Violet Theme Ui/White Icons/White Connected Symbol.png using Guid(2495dc67178999446959d40ba8991cfe) Importer(815301076,1909f56bfc062723c751e8b465ee728b) [PhysX] Initialized MultithreadedTaskDispatcher with 20 workers.
[PhysX] Initialized MultithreadedTaskDispatcher with 20 workers.
 -> (artifact id: '44207719a34ba093bfa746c8afdb6c96') in 0.011530 seconds
Number of updated asset objects reloaded before import = 0
Number of asset objects unloaded after import = 4
========================================================================
Received Import Request.
  Time since last request: 0.000014 seconds.
  path: Assets/Violet Theme Ui/White Icons/White Dice.png
  artifactKey: Guid(4df7d6be0df6c3c4eb6602808ef5144e) Importer(815301076,1909f56bfc062723c751e8b465ee728b)
Start importing Assets/Violet Theme Ui/White Icons/White Dice.png using Guid(4df7d6be0df6c3c4eb6602808ef5144e) Importer(815301076,1909f56bfc062723c751e8b465ee728b) [PhysX] Initialized MultithreadedTaskDispatcher with 20 workers.
[PhysX] Initialized MultithreadedTaskDispatcher with 20 workers.
 -> (artifact id: 'f794250e14827d83f9a5a1a800985809') in 0.012302 seconds
Number of updated asset objects reloaded before import = 0
Number of asset objects unloaded after import = 5
========================================================================
Received Import Request.
  Time since last request: 0.000013 seconds.
  path: Assets/Violet Theme Ui/White Icons/White Energy.png
  artifactKey: Guid(11627667c4ccf3f499c7661a8781abba) Importer(815301076,1909f56bfc062723c751e8b465ee728b)
Start importing Assets/Violet Theme Ui/White Icons/White Energy.png using Guid(11627667c4ccf3f499c7661a8781abba) Importer(815301076,1909f56bfc062723c751e8b465ee728b) [PhysX] Initialized MultithreadedTaskDispatcher with 20 workers.
[PhysX] Initialized MultithreadedTaskDispatcher with 20 workers.
 -> (artifact id: '95fec65e2375acb941fee358d94f0336') in 0.009357 seconds
Number of updated asset objects reloaded before import = 0
Number of asset objects unloaded after import = 3
========================================================================
Received Import Request.
  Time since last request: 0.000015 seconds.
  path: Assets/Violet Theme Ui/White Icons/White Fire.png
  artifactKey: Guid(8b75ff1a4e6dd3b4d97bd28dc17ff4b9) Importer(815301076,1909f56bfc062723c751e8b465ee728b)
Start importing Assets/Violet Theme Ui/White Icons/White Fire.png using Guid(8b75ff1a4e6dd3b4d97bd28dc17ff4b9) Importer(815301076,1909f56bfc062723c751e8b465ee728b) [PhysX] Initialized MultithreadedTaskDispatcher with 20 workers.
[PhysX] Initialized MultithreadedTaskDispatcher with 20 workers.
 -> (artifact id: '22ebb47a0e0027e2bafe66f4f0d86873') in 0.009022 seconds
Number of updated asset objects reloaded before import = 0
Number of asset objects unloaded after import = 3
========================================================================
Received Import Request.
  Time since last request: 0.000017 seconds.
  path: Assets/Violet Theme Ui/White Icons/White Forward.png
  artifactKey: Guid(52901ca2290ff9a4f8fe6db407064ab0) Importer(815301076,1909f56bfc062723c751e8b465ee728b)
Start importing Assets/Violet Theme Ui/White Icons/White Forward.png using Guid(52901ca2290ff9a4f8fe6db407064ab0) Importer(815301076,1909f56bfc062723c751e8b465ee728b) [PhysX] Initialized MultithreadedTaskDispatcher with 20 workers.
[PhysX] Initialized MultithreadedTaskDispatcher with 20 workers.
 -> (artifact id: '1b9991733eb5308ea246cb675b5f900d') in 0.008124 seconds
Number of updated asset objects reloaded before import = 0
Number of asset objects unloaded after import = 3
========================================================================
Received Import Request.
  Time since last request: 0.000013 seconds.
  path: Assets/Violet Theme Ui/White Icons/White Gift.png
  artifactKey: Guid(828cca5c37b17bf4fb0115a66ea7ffb6) Importer(815301076,1909f56bfc062723c751e8b465ee728b)
Start importing Assets/Violet Theme Ui/White Icons/White Gift.png using Guid(828cca5c37b17bf4fb0115a66ea7ffb6) Importer(815301076,1909f56bfc062723c751e8b465ee728b) [PhysX] Initialized MultithreadedTaskDispatcher with 20 workers.
[PhysX] Initialized MultithreadedTaskDispatcher with 20 workers.
 -> (artifact id: '9aabb1a579e9758d9aba9c83b06b5dbb') in 0.020217 seconds
Number of updated asset objects reloaded before import = 0
Number of asset objects unloaded after import = 7
========================================================================
Received Import Request.
  Time since last request: 0.000015 seconds.
  path: Assets/Violet Theme Ui/White Icons/White Infinite Symbol.png
  artifactKey: Guid(0e70e078c52c4a34394c154f5f18c19b) Importer(815301076,1909f56bfc062723c751e8b465ee728b)
Start importing Assets/Violet Theme Ui/White Icons/White Infinite Symbol.png using Guid(0e70e078c52c4a34394c154f5f18c19b) Importer(815301076,1909f56bfc062723c751e8b465ee728b) [PhysX] Initialized MultithreadedTaskDispatcher with 20 workers.
[PhysX] Initialized MultithreadedTaskDispatcher with 20 workers.
 -> (artifact id: '65287dce806a54f02d139f2286d60ee8') in 0.008015 seconds
Number of updated asset objects reloaded before import = 0
Number of asset objects unloaded after import = 3
========================================================================
Received Import Request.
  Time since last request: 0.000017 seconds.
  path: Assets/Violet Theme Ui/White Icons/White Knight.png
  artifactKey: Guid(af110be8027e357439d474cf14816c44) Importer(815301076,1909f56bfc062723c751e8b465ee728b)
Start importing Assets/Violet Theme Ui/White Icons/White Knight.png using Guid(af110be8027e357439d474cf14816c44) Importer(815301076,1909f56bfc062723c751e8b465ee728b) [PhysX] Initialized MultithreadedTaskDispatcher with 20 workers.
[PhysX] Initialized MultithreadedTaskDispatcher with 20 workers.
 -> (artifact id: 'd8b919304c6d28266ff2b1e03a8963bd') in 0.011563 seconds
Number of updated asset objects reloaded before import = 0
Number of asset objects unloaded after import = 4
========================================================================
Received Import Request.
  Time since last request: 0.000014 seconds.
  path: Assets/Violet Theme Ui/White Icons/White Lock.png
  artifactKey: Guid(8475a027dba8b0f4aabc4ddb1462b53c) Importer(815301076,1909f56bfc062723c751e8b465ee728b)
Start importing Assets/Violet Theme Ui/White Icons/White Lock.png using Guid(8475a027dba8b0f4aabc4ddb1462b53c) Importer(815301076,1909f56bfc062723c751e8b465ee728b) [PhysX] Initialized MultithreadedTaskDispatcher with 20 workers.
[PhysX] Initialized MultithreadedTaskDispatcher with 20 workers.
 -> (artifact id: 'ba5057b7082f3ead2a50aa98ea50888f') in 0.008911 seconds
Number of updated asset objects reloaded before import = 0
Number of asset objects unloaded after import = 3
========================================================================
Received Import Request.
  Time since last request: 0.000018 seconds.
  path: Assets/Violet Theme Ui/White Icons/White Menu 2.png
  artifactKey: Guid(2c1995397cae9e54d8b0ea22c4adfbd1) Importer(815301076,1909f56bfc062723c751e8b465ee728b)
Start importing Assets/Violet Theme Ui/White Icons/White Menu 2.png using Guid(2c1995397cae9e54d8b0ea22c4adfbd1) Importer(815301076,1909f56bfc062723c751e8b465ee728b) [PhysX] Initialized MultithreadedTaskDispatcher with 20 workers.
[PhysX] Initialized MultithreadedTaskDispatcher with 20 workers.
 -> (artifact id: 'b1d7f3a5b1ec7735d72d00f606135c91') in 0.013817 seconds
Number of updated asset objects reloaded before import = 0
Number of asset objects unloaded after import = 6
========================================================================
Received Import Request.
  Time since last request: 0.000017 seconds.
  path: Assets/Violet Theme Ui/White Icons/White Monitor.png
  artifactKey: Guid(e160623cf5e16be45bf70ca4a5296f90) Importer(815301076,1909f56bfc062723c751e8b465ee728b)
Start importing Assets/Violet Theme Ui/White Icons/White Monitor.png using Guid(e160623cf5e16be45bf70ca4a5296f90) Importer(815301076,1909f56bfc062723c751e8b465ee728b) [PhysX] Initialized MultithreadedTaskDispatcher with 20 workers.
[PhysX] Initialized MultithreadedTaskDispatcher with 20 workers.
 -> (artifact id: '2c47a7c521f7bff47db3ad67d78cd765') in 0.010276 seconds
Number of updated asset objects reloaded before import = 0
Number of asset objects unloaded after import = 4
========================================================================
Received Import Request.
  Time since last request: 0.000015 seconds.
  path: Assets/Violet Theme Ui/White Icons/White Home 3.png
  artifactKey: Guid(14b98b7c72e2b9c45bdedc8ad103da84) Importer(815301076,1909f56bfc062723c751e8b465ee728b)
Start importing Assets/Violet Theme Ui/White Icons/White Home 3.png using Guid(14b98b7c72e2b9c45bdedc8ad103da84) Importer(815301076,1909f56bfc062723c751e8b465ee728b) [PhysX] Initialized MultithreadedTaskDispatcher with 20 workers.
[PhysX] Initialized MultithreadedTaskDispatcher with 20 workers.
 -> (artifact id: '4950311f993b30c848bff0f25e30088c') in 0.007695 seconds
Number of updated asset objects reloaded before import = 0
Number of asset objects unloaded after import = 3
========================================================================
Received Import Request.
  Time since last request: 0.000015 seconds.
  path: Assets/Violet Theme Ui/White Icons/White Headphones.png
  artifactKey: Guid(9113aaade7275c84e8db8940dba1186a) Importer(815301076,1909f56bfc062723c751e8b465ee728b)
Start importing Assets/Violet Theme Ui/White Icons/White Headphones.png using Guid(9113aaade7275c84e8db8940dba1186a) Importer(815301076,1909f56bfc062723c751e8b465ee728b) [PhysX] Initialized MultithreadedTaskDispatcher with 20 workers.
[PhysX] Initialized MultithreadedTaskDispatcher with 20 workers.
 -> (artifact id: 'c99a6b668e99dcdae2a0c344635f2f0e') in 0.011028 seconds
Number of updated asset objects reloaded before import = 0
Number of asset objects unloaded after import = 5
========================================================================
Received Import Request.
  Time since last request: 0.000013 seconds.
  path: Assets/Violet Theme Ui/White Icons/White Arrow.png
  artifactKey: Guid(c50ddbba5ed77344c947c12c3e69d01d) Importer(815301076,1909f56bfc062723c751e8b465ee728b)
Start importing Assets/Violet Theme Ui/White Icons/White Arrow.png using Guid(c50ddbba5ed77344c947c12c3e69d01d) Importer(815301076,1909f56bfc062723c751e8b465ee728b) [PhysX] Initialized MultithreadedTaskDispatcher with 20 workers.
[PhysX] Initialized MultithreadedTaskDispatcher with 20 workers.
 -> (artifact id: '1e9ffe98db84d89d6b11a9bd4f1ad4e1') in 0.009745 seconds
Number of updated asset objects reloaded before import = 0
Number of asset objects unloaded after import = 4
========================================================================
Received Import Request.
  Time since last request: 0.000016 seconds.
  path: Assets/Violet Theme Ui/White Icons/White Calculator.png
  artifactKey: Guid(5fd6ea44dbbd9d046872ded11c5decf5) Importer(815301076,1909f56bfc062723c751e8b465ee728b)
Start importing Assets/Violet Theme Ui/White Icons/White Calculator.png using Guid(5fd6ea44dbbd9d046872ded11c5decf5) Importer(815301076,1909f56bfc062723c751e8b465ee728b) [PhysX] Initialized MultithreadedTaskDispatcher with 20 workers.
[PhysX] Initialized MultithreadedTaskDispatcher with 20 workers.
 -> (artifact id: '51c28d62cda5e9b50bdd52a3edc76d2d') in 0.007729 seconds
Number of updated asset objects reloaded before import = 0
Number of asset objects unloaded after import = 3
========================================================================
Received Import Request.
  Time since last request: 0.000022 seconds.
  path: Assets/Violet Theme Ui/White Icons/White Choices.png
  artifactKey: Guid(7019cc732dcbc284cafdcb1d32018068) Importer(815301076,1909f56bfc062723c751e8b465ee728b)
Start importing Assets/Violet Theme Ui/White Icons/White Choices.png using Guid(7019cc732dcbc284cafdcb1d32018068) Importer(815301076,1909f56bfc062723c751e8b465ee728b) [PhysX] Initialized MultithreadedTaskDispatcher with 20 workers.
[PhysX] Initialized MultithreadedTaskDispatcher with 20 workers.
 -> (artifact id: '04063dfe277054206b053ef182aa7a16') in 0.013074 seconds
Number of updated asset objects reloaded before import = 0
Number of asset objects unloaded after import = 6
========================================================================
Received Import Request.
  Time since last request: 0.000022 seconds.
  path: Assets/Violet Theme Ui/White Icons/White Horse Shoe.png
  artifactKey: Guid(4ce3c6c92d7198f4daa79a3746d45f00) Importer(815301076,1909f56bfc062723c751e8b465ee728b)
Start importing Assets/Violet Theme Ui/White Icons/White Horse Shoe.png using Guid(4ce3c6c92d7198f4daa79a3746d45f00) Importer(815301076,1909f56bfc062723c751e8b465ee728b) [PhysX] Initialized MultithreadedTaskDispatcher with 20 workers.
[PhysX] Initialized MultithreadedTaskDispatcher with 20 workers.
 -> (artifact id: '8043ad778630ba910ad1c11c7f6dcefe') in 0.007565 seconds
Number of updated asset objects reloaded before import = 0
Number of asset objects unloaded after import = 3
========================================================================
Received Import Request.
  Time since last request: 0.000014 seconds.
  path: Assets/Violet Theme Ui/White Icons/White Chat 3.png
  artifactKey: Guid(056d8d42805743b459320a96aeacbe06) Importer(815301076,1909f56bfc062723c751e8b465ee728b)
Start importing Assets/Violet Theme Ui/White Icons/White Chat 3.png using Guid(056d8d42805743b459320a96aeacbe06) Importer(815301076,1909f56bfc062723c751e8b465ee728b) [PhysX] Initialized MultithreadedTaskDispatcher with 20 workers.
[PhysX] Initialized MultithreadedTaskDispatcher with 20 workers.
 -> (artifact id: 'bbb1746620db847eec4fa44c48d78bd3') in 0.008472 seconds
Number of updated asset objects reloaded before import = 0
Number of asset objects unloaded after import = 3
========================================================================
Received Import Request.
  Time since last request: 0.000014 seconds.
  path: Assets/Violet Theme Ui/White Icons/White Chest.png
  artifactKey: Guid(062478d802b535644af9b437b81a8bec) Importer(815301076,1909f56bfc062723c751e8b465ee728b)
Start importing Assets/Violet Theme Ui/White Icons/White Chest.png using Guid(062478d802b535644af9b437b81a8bec) Importer(815301076,1909f56bfc062723c751e8b465ee728b) [PhysX] Initialized MultithreadedTaskDispatcher with 20 workers.
[PhysX] Initialized MultithreadedTaskDispatcher with 20 workers.
 -> (artifact id: '990119360dc11d7405b110def6a4a337') in 0.012893 seconds
Number of updated asset objects reloaded before import = 0
Number of asset objects unloaded after import = 6
========================================================================
Received Import Request.
  Time since last request: 0.000015 seconds.
  path: Assets/Violet Theme Ui/White Icons/White Compass.png
  artifactKey: Guid(12e105ba6efad2142bbc212df2701300) Importer(815301076,1909f56bfc062723c751e8b465ee728b)
Start importing Assets/Violet Theme Ui/White Icons/White Compass.png using Guid(12e105ba6efad2142bbc212df2701300) Importer(815301076,1909f56bfc062723c751e8b465ee728b) [PhysX] Initialized MultithreadedTaskDispatcher with 20 workers.
[PhysX] Initialized MultithreadedTaskDispatcher with 20 workers.
 -> (artifact id: '07a654c816e614ba40730c96f8f64104') in 0.008011 seconds
Number of updated asset objects reloaded before import = 0
Number of asset objects unloaded after import = 3
========================================================================
Received Import Request.
  Time since last request: 0.000015 seconds.
  path: Assets/Violet Theme Ui/White Icons/White Bluetooth Off.png
  artifactKey: Guid(f791f4cb3fbccc1419eaca61ce79eae5) Importer(815301076,1909f56bfc062723c751e8b465ee728b)
Start importing Assets/Violet Theme Ui/White Icons/White Bluetooth Off.png using Guid(f791f4cb3fbccc1419eaca61ce79eae5) Importer(815301076,1909f56bfc062723c751e8b465ee728b) [PhysX] Initialized MultithreadedTaskDispatcher with 20 workers.
[PhysX] Initialized MultithreadedTaskDispatcher with 20 workers.
 -> (artifact id: '170ce200676906a3de37f24fd488451b') in 0.011637 seconds
Number of updated asset objects reloaded before import = 0
Number of asset objects unloaded after import = 5
========================================================================
Received Import Request.
  Time since last request: 0.000012 seconds.
  path: Assets/Violet Theme Ui/White Icons/White Heart 2.png
  artifactKey: Guid(b5e34f6268db04041b08aa1fbb9b4e4f) Importer(815301076,1909f56bfc062723c751e8b465ee728b)
Start importing Assets/Violet Theme Ui/White Icons/White Heart 2.png using Guid(b5e34f6268db04041b08aa1fbb9b4e4f) Importer(815301076,1909f56bfc062723c751e8b465ee728b) [PhysX] Initialized MultithreadedTaskDispatcher with 20 workers.
[PhysX] Initialized MultithreadedTaskDispatcher with 20 workers.
 -> (artifact id: 'eb409c3d9b8a0b828dc80e5ea5302826') in 0.009819 seconds
Number of updated asset objects reloaded before import = 0
Number of asset objects unloaded after import = 4
========================================================================
Received Import Request.
  Time since last request: 0.000017 seconds.
  path: Assets/Violet Theme Ui/White Icons/White Blade 2.png
  artifactKey: Guid(645d5009f90f1804ab28fa2119bc9f9d) Importer(815301076,1909f56bfc062723c751e8b465ee728b)
Start importing Assets/Violet Theme Ui/White Icons/White Blade 2.png using Guid(645d5009f90f1804ab28fa2119bc9f9d) Importer(815301076,1909f56bfc062723c751e8b465ee728b) [PhysX] Initialized MultithreadedTaskDispatcher with 20 workers.
[PhysX] Initialized MultithreadedTaskDispatcher with 20 workers.
 -> (artifact id: '5de90768f72b688cc393dd494c601106') in 0.010809 seconds
Number of updated asset objects reloaded before import = 0
Number of asset objects unloaded after import = 4
========================================================================
Received Import Request.
  Time since last request: 0.000015 seconds.
  path: Assets/Violet Theme Ui/White Icons/White Cauldron.png
  artifactKey: Guid(62438af6038e9c94abedcde3d87bb764) Importer(815301076,1909f56bfc062723c751e8b465ee728b)
Start importing Assets/Violet Theme Ui/White Icons/White Cauldron.png using Guid(62438af6038e9c94abedcde3d87bb764) Importer(815301076,1909f56bfc062723c751e8b465ee728b) [PhysX] Initialized MultithreadedTaskDispatcher with 20 workers.
[PhysX] Initialized MultithreadedTaskDispatcher with 20 workers.
 -> (artifact id: '4af516b5660cade95c6817a0b0002280') in 0.010785 seconds
Number of updated asset objects reloaded before import = 0
Number of asset objects unloaded after import = 4
========================================================================
Received Import Request.
  Time since last request: 0.000016 seconds.
  path: Assets/Violet Theme Ui/White Icons/White Clip.png
  artifactKey: Guid(3137341deac2841429264dea35abb59d) Importer(815301076,1909f56bfc062723c751e8b465ee728b)
Start importing Assets/Violet Theme Ui/White Icons/White Clip.png using Guid(3137341deac2841429264dea35abb59d) Importer(815301076,1909f56bfc062723c751e8b465ee728b) [PhysX] Initialized MultithreadedTaskDispatcher with 20 workers.
[PhysX] Initialized MultithreadedTaskDispatcher with 20 workers.
 -> (artifact id: 'a14dff1d60e2c870ee4f0d246364c9f8') in 0.007956 seconds
Number of updated asset objects reloaded before import = 0
Number of asset objects unloaded after import = 3
========================================================================
Received Import Request.
  Time since last request: 0.000018 seconds.
  path: Assets/Violet Theme Ui/White Icons/White Graduation Cap.png
  artifactKey: Guid(7ed692b56605d6a4489fb866afa88c2c) Importer(815301076,1909f56bfc062723c751e8b465ee728b)
Start importing Assets/Violet Theme Ui/White Icons/White Graduation Cap.png using Guid(7ed692b56605d6a4489fb866afa88c2c) Importer(815301076,1909f56bfc062723c751e8b465ee728b) [PhysX] Initialized MultithreadedTaskDispatcher with 20 workers.
[PhysX] Initialized MultithreadedTaskDispatcher with 20 workers.
 -> (artifact id: '8e354822cffedfc4389b7c9e23221af3') in 0.011240 seconds
Number of updated asset objects reloaded before import = 0
Number of asset objects unloaded after import = 4
========================================================================
Received Import Request.
  Time since last request: 0.000013 seconds.
  path: Assets/Violet Theme Ui/White Icons/White Cash Bag.png
  artifactKey: Guid(a5ee1230bb9a4e14e8d88c065ebf0dbc) Importer(815301076,1909f56bfc062723c751e8b465ee728b)
Start importing Assets/Violet Theme Ui/White Icons/White Cash Bag.png using Guid(a5ee1230bb9a4e14e8d88c065ebf0dbc) Importer(815301076,1909f56bfc062723c751e8b465ee728b) [PhysX] Initialized MultithreadedTaskDispatcher with 20 workers.
[PhysX] Initialized MultithreadedTaskDispatcher with 20 workers.
 -> (artifact id: 'a6ddcb3a9659e3b79f9c28fe9dbf03f4') in 0.011466 seconds
Number of updated asset objects reloaded before import = 0
Number of asset objects unloaded after import = 4
========================================================================
Received Import Request.
  Time since last request: 0.000015 seconds.
  path: Assets/Violet Theme Ui/White Icons/White Battery Full.png
  artifactKey: Guid(abdf66134bde9074dbbdb17b30d8d5a2) Importer(815301076,1909f56bfc062723c751e8b465ee728b)
Start importing Assets/Violet Theme Ui/White Icons/White Battery Full.png using Guid(abdf66134bde9074dbbdb17b30d8d5a2) Importer(815301076,1909f56bfc062723c751e8b465ee728b) [PhysX] Initialized MultithreadedTaskDispatcher with 20 workers.
[PhysX] Initialized MultithreadedTaskDispatcher with 20 workers.
 -> (artifact id: 'f816184443b972c29196ca6bb4b9d98c') in 0.009479 seconds
Number of updated asset objects reloaded before import = 0
Number of asset objects unloaded after import = 4
========================================================================
Received Import Request.
  Time since last request: 0.000017 seconds.
  path: Assets/Violet Theme Ui/White Icons/White Gasoline.png
  artifactKey: Guid(fa98f68033093494b860119b50d067b4) Importer(815301076,1909f56bfc062723c751e8b465ee728b)
Start importing Assets/Violet Theme Ui/White Icons/White Gasoline.png using Guid(fa98f68033093494b860119b50d067b4) Importer(815301076,1909f56bfc062723c751e8b465ee728b) [PhysX] Initialized MultithreadedTaskDispatcher with 20 workers.
[PhysX] Initialized MultithreadedTaskDispatcher with 20 workers.
 -> (artifact id: '2a987dfc63ce6c907146bdcd208d6aed') in 0.008120 seconds
Number of updated asset objects reloaded before import = 0
Number of asset objects unloaded after import = 3
========================================================================
Received Import Request.
  Time since last request: 4.694385 seconds.
  path: Packages/com.unity.2d.aseprite/package.json
  artifactKey: Guid(fcf2f4964f64c4a0fa8c994d677d8bd9) Importer(815301076,1909f56bfc062723c751e8b465ee728b)
Start importing Packages/com.unity.2d.aseprite/package.json using Guid(fcf2f4964f64c4a0fa8c994d677d8bd9) Importer(815301076,1909f56bfc062723c751e8b465ee728b) [PhysX] Initialized MultithreadedTaskDispatcher with 20 workers.
 -> (artifact id: '15efeef59700b055cacb3f0a9a581522') in 0.001467 seconds
Number of updated asset objects reloaded before import = 0
Number of asset objects unloaded after import = 1
========================================================================
Received Import Request.
  Time since last request: 0.879049 seconds.
  path: Packages/com.unity.2d.common/package.json
  artifactKey: Guid(68f1917ec3cac45b080c26153375c2bb) Importer(815301076,1909f56bfc062723c751e8b465ee728b)
Start importing Packages/com.unity.2d.common/package.json using Guid(68f1917ec3cac45b080c26153375c2bb) Importer(815301076,1909f56bfc062723c751e8b465ee728b) [PhysX] Initialized MultithreadedTaskDispatcher with 20 workers.
 -> (artifact id: 'cf8b07c3ada7357f840742bef415317e') in 0.001342 seconds
Number of updated asset objects reloaded before import = 0
Number of asset objects unloaded after import = 1
========================================================================
Received Import Request.
  Time since last request: 0.503689 seconds.
  path: Packages/com.unity.2d.pixel-perfect/package.json
  artifactKey: Guid(b1c570008ebc15d4183516ca5722a39e) Importer(815301076,1909f56bfc062723c751e8b465ee728b)
Start importing Packages/com.unity.2d.pixel-perfect/package.json using Guid(b1c570008ebc15d4183516ca5722a39e) Importer(815301076,1909f56bfc062723c751e8b465ee728b) [PhysX] Initialized MultithreadedTaskDispatcher with 20 workers.
 -> (artifact id: '47ca007e0204910627a83b1af0b6c723') in 0.001273 seconds
Number of updated asset objects reloaded before import = 0
Number of asset objects unloaded after import = 1
========================================================================
Received Import Request.
  Time since last request: 4.426043 seconds.
  path: Packages/com.unity.2d.sprite/Editor/Assets/d_SpriteEditor.png
  artifactKey: Guid(b7784190913354d4fb9b7f77888f915f) Importer(815301076,1909f56bfc062723c751e8b465ee728b)
Start importing Packages/com.unity.2d.sprite/Editor/Assets/d_SpriteEditor.png using Guid(b7784190913354d4fb9b7f77888f915f) Importer(815301076,1909f56bfc062723c751e8b465ee728b) [PhysX] Initialized MultithreadedTaskDispatcher with 20 workers.
[PhysX] Initialized MultithreadedTaskDispatcher with 20 workers.
 -> (artifact id: '5aaed9e8e50deb5c72939674afd1ef96') in 0.005518 seconds
Number of updated asset objects reloaded before import = 0
Number of asset objects unloaded after import = 2
========================================================================
Received Import Request.
  Time since last request: 0.000015 seconds.
  path: Packages/com.unity.2d.sprite/Editor/Assets/SpriteEditorOn@2x.png
  artifactKey: Guid(1fb0e05a5ca5a42ba8ffafe439520b8e) Importer(815301076,1909f56bfc062723c751e8b465ee728b)
Start importing Packages/com.unity.2d.sprite/Editor/Assets/SpriteEditorOn@2x.png using Guid(1fb0e05a5ca5a42ba8ffafe439520b8e) Importer(815301076,1909f56bfc062723c751e8b465ee728b) [PhysX] Initialized MultithreadedTaskDispatcher with 20 workers.
[PhysX] Initialized MultithreadedTaskDispatcher with 20 workers.
 -> (artifact id: '15317f4d7416c895ac3fab60f2cd84be') in 0.005972 seconds
Number of updated asset objects reloaded before import = 0
Number of asset objects unloaded after import = 2
========================================================================
Received Import Request.
  Time since last request: 2.483199 seconds.
  path: Packages/com.unity.2d.sprite/Editor/Unity.2D.Sprite.Editor.asmdef
  artifactKey: Guid(2c573e6b271651846a79655161004c5b) Importer(815301076,1909f56bfc062723c751e8b465ee728b)
Start importing Packages/com.unity.2d.sprite/Editor/Unity.2D.Sprite.Editor.asmdef using Guid(2c573e6b271651846a79655161004c5b) Importer(815301076,1909f56bfc062723c751e8b465ee728b) [PhysX] Initialized MultithreadedTaskDispatcher with 20 workers.
 -> (artifact id: '775018b0adc3eef01083f854da9649f1') in 0.001168 seconds
Number of updated asset objects reloaded before import = 0
Number of asset objects unloaded after import = 0
========================================================================
Received Import Request.
  Time since last request: 0.855981 seconds.
  path: Packages/com.unity.2d.sprite/package.json
  artifactKey: Guid(7dc5f1e5d04ac8549ac21802071e983b) Importer(815301076,1909f56bfc062723c751e8b465ee728b)
Start importing Packages/com.unity.2d.sprite/package.json using Guid(7dc5f1e5d04ac8549ac21802071e983b) Importer(815301076,1909f56bfc062723c751e8b465ee728b) [PhysX] Initialized MultithreadedTaskDispatcher with 20 workers.
 -> (artifact id: 'fb8f7fb22493ec02bbf192b5d45d2a52') in 0.001285 seconds
Number of updated asset objects reloaded before import = 0
Number of asset objects unloaded after import = 1
========================================================================
Received Import Request.
  Time since last request: 1.235789 seconds.
  path: Packages/com.unity.2d.psdimporter/package.json
  artifactKey: Guid(2f948ecb81c850949a2725b1ba265844) Importer(815301076,1909f56bfc062723c751e8b465ee728b)
Start importing Packages/com.unity.2d.psdimporter/package.json using Guid(2f948ecb81c850949a2725b1ba265844) Importer(815301076,1909f56bfc062723c751e8b465ee728b) [PhysX] Initialized MultithreadedTaskDispatcher with 20 workers.
 -> (artifact id: '761d4dbea63acf7bfb63a86c9195dad0') in 0.001327 seconds
Number of updated asset objects reloaded before import = 0
Number of asset objects unloaded after import = 1
========================================================================
Received Import Request.
  Time since last request: 4.677085 seconds.
  path: Packages/com.unity.2d.tilemap/package.json
  artifactKey: Guid(51797d68d3132bb419217a229e09fc47) Importer(815301076,1909f56bfc062723c751e8b465ee728b)
Start importing Packages/com.unity.2d.tilemap/package.json using Guid(51797d68d3132bb419217a229e09fc47) Importer(815301076,1909f56bfc062723c751e8b465ee728b) [PhysX] Initialized MultithreadedTaskDispatcher with 20 workers.
 -> (artifact id: 'c2a440708a656cb09e48b04397500d34') in 0.001302 seconds
Number of updated asset objects reloaded before import = 0
Number of asset objects unloaded after import = 1
========================================================================
Received Import Request.
  Time since last request: 0.462789 seconds.
  path: Packages/com.unity.2d.tilemap.extras/package.json
  artifactKey: Guid(a9f15b7c9363d9944a7d69248fd279ec) Importer(815301076,1909f56bfc062723c751e8b465ee728b)
Start importing Packages/com.unity.2d.tilemap.extras/package.json using Guid(a9f15b7c9363d9944a7d69248fd279ec) Importer(815301076,1909f56bfc062723c751e8b465ee728b) [PhysX] Initialized MultithreadedTaskDispatcher with 20 workers.
 -> (artifact id: 'd1e2f00302d251b0b187af6ac9d5ef0f') in 0.001303 seconds
Number of updated asset objects reloaded before import = 0
Number of asset objects unloaded after import = 1
========================================================================
Received Import Request.
  Time since last request: 0.546730 seconds.
  path: Packages/com.unity.burst/package.json
  artifactKey: Guid(60714b3a36613ab2918a1439869a826f) Importer(815301076,1909f56bfc062723c751e8b465ee728b)
Start importing Packages/com.unity.burst/package.json using Guid(60714b3a36613ab2918a1439869a826f) Importer(815301076,1909f56bfc062723c751e8b465ee728b) [PhysX] Initialized MultithreadedTaskDispatcher with 20 workers.
 -> (artifact id: 'e166760cd189ea7db8604669e1113b94') in 0.001466 seconds
Number of updated asset objects reloaded before import = 0
Number of asset objects unloaded after import = 1
========================================================================
Received Import Request.
  Time since last request: 0.416330 seconds.
  path: Packages/com.unity.ext.nunit/package.json
  artifactKey: Guid(8143d3a8390f2c64685e3bc272bd9e90) Importer(815301076,1909f56bfc062723c751e8b465ee728b)
Start importing Packages/com.unity.ext.nunit/package.json using Guid(8143d3a8390f2c64685e3bc272bd9e90) Importer(815301076,1909f56bfc062723c751e8b465ee728b) [PhysX] Initialized MultithreadedTaskDispatcher with 20 workers.
 -> (artifact id: '29b7d5a39ead5b5ed3c286620b391499') in 0.001314 seconds
Number of updated asset objects reloaded before import = 0
Number of asset objects unloaded after import = 1
========================================================================
Received Import Request.
  Time since last request: 1.430666 seconds.
  path: Packages/com.unity.collab-proxy/package.json
  artifactKey: Guid(743fda8c4b219c8429fb5a77ede1c879) Importer(815301076,1909f56bfc062723c751e8b465ee728b)
Start importing Packages/com.unity.collab-proxy/package.json using Guid(743fda8c4b219c8429fb5a77ede1c879) Importer(815301076,1909f56bfc062723c751e8b465ee728b) [PhysX] Initialized MultithreadedTaskDispatcher with 20 workers.
 -> (artifact id: 'e1071c561a514f914d1260d58bfa4ff1') in 0.001181 seconds
Number of updated asset objects reloaded before import = 0
Number of asset objects unloaded after import = 1
========================================================================
Received Import Request.
  Time since last request: 0.732640 seconds.
  path: Packages/com.unity.visualscripting/package.json
  artifactKey: Guid(545a9d2bc7370224f8d14c22f2f580e0) Importer(815301076,1909f56bfc062723c751e8b465ee728b)
Start importing Packages/com.unity.visualscripting/package.json using Guid(545a9d2bc7370224f8d14c22f2f580e0) Importer(815301076,1909f56bfc062723c751e8b465ee728b) [PhysX] Initialized MultithreadedTaskDispatcher with 20 workers.
 -> (artifact id: '2fe7ff1463a0bf9837b1f7f41a6cf4c2') in 0.001278 seconds
Number of updated asset objects reloaded before import = 0
Number of asset objects unloaded after import = 1
========================================================================
Received Import Request.
  Time since last request: 206.263932 seconds.
  path: Assets/Canvas.prefab
  artifactKey: Guid(c75dd81818cb6e345b77220268a12d12) Importer(815301076,1909f56bfc062723c751e8b465ee728b)
Start importing Assets/Canvas.prefab using Guid(c75dd81818cb6e345b77220268a12d12) Importer(815301076,1909f56bfc062723c751e8b465ee728b) [PhysX] Initialized MultithreadedTaskDispatcher with 20 workers.
 -> (artifact id: '7c73e364a178e172800b36445a5e1d81') in 0.000780 seconds
Number of updated asset objects reloaded before import = 0
Number of asset objects unloaded after import = 0
========================================================================
Received Import Request.
  Time since last request: 204.750935 seconds.
  path: Assets/Canvas 1.prefab
  artifactKey: Guid(d79053b9fbd64f640b650318d34a15a7) Importer(815301076,1909f56bfc062723c751e8b465ee728b)
Start importing Assets/Canvas 1.prefab using Guid(d79053b9fbd64f640b650318d34a15a7) Importer(815301076,1909f56bfc062723c751e8b465ee728b) [PhysX] Initialized MultithreadedTaskDispatcher with 20 workers.
 -> (artifact id: 'ca540b187649443e36754a760b0a7883') in 0.001203 seconds
Number of updated asset objects reloaded before import = 0
Number of asset objects unloaded after import = 0
========================================================================
Received Import Request.
  Time since last request: 0.012364 seconds.
  path: Assets/Canvas.prefab
  artifactKey: Guid(c75dd81818cb6e345b77220268a12d12) Importer(815301076,1909f56bfc062723c751e8b465ee728b)
Start importing Assets/Canvas.prefab using Guid(c75dd81818cb6e345b77220268a12d12) Importer(815301076,1909f56bfc062723c751e8b465ee728b) [PhysX] Initialized MultithreadedTaskDispatcher with 20 workers.
 -> (artifact id: '7c73e364a178e172800b36445a5e1d81') in 0.000481 seconds
Number of updated asset objects reloaded before import = 0
Number of asset objects unloaded after import = 0
========================================================================
Received Import Request.
  Time since last request: 65.599585 seconds.
  path: Assets/Canvas.prefab
  artifactKey: Guid(c75dd81818cb6e345b77220268a12d12) Importer(815301076,1909f56bfc062723c751e8b465ee728b)
Start importing Assets/Canvas.prefab using Guid(c75dd81818cb6e345b77220268a12d12) Importer(815301076,1909f56bfc062723c751e8b465ee728b) [PhysX] Initialized MultithreadedTaskDispatcher with 20 workers.
 -> (artifact id: '7c73e364a178e172800b36445a5e1d81') in 0.000504 seconds
Number of updated asset objects reloaded before import = 0
Number of asset objects unloaded after import = 0
========================================================================
Received Import Request.
  Time since last request: 0.002601 seconds.
  path: Assets/text hitpoints.cs
  artifactKey: Guid(a8049e1aad2e6dd41bde5e3aca5f54eb) Importer(815301076,1909f56bfc062723c751e8b465ee728b)
Start importing Assets/text hitpoints.cs using Guid(a8049e1aad2e6dd41bde5e3aca5f54eb) Importer(815301076,1909f56bfc062723c751e8b465ee728b) [PhysX] Initialized MultithreadedTaskDispatcher with 20 workers.
 -> (artifact id: '449d73e912598561173abfb4c63b73a4') in 0.000716 seconds
Number of updated asset objects reloaded before import = 0
Number of asset objects unloaded after import = 0
========================================================================
Received Import Request.
  Time since last request: 0.532962 seconds.
  path: Assets/Canvas.prefab
  artifactKey: Guid(c75dd81818cb6e345b77220268a12d12) Importer(815301076,1909f56bfc062723c751e8b465ee728b)
Start importing Assets/Canvas.prefab using Guid(c75dd81818cb6e345b77220268a12d12) Importer(815301076,1909f56bfc062723c751e8b465ee728b) [PhysX] Initialized MultithreadedTaskDispatcher with 20 workers.
 -> (artifact id: '7c73e364a178e172800b36445a5e1d81') in 0.000469 seconds
Number of updated asset objects reloaded before import = 0
Number of asset objects unloaded after import = 0
========================================================================
Received Prepare
Caller must complete domain reload
Begin MonoManager ReloadAssembly
- Loaded All Assemblies, in  0.638 seconds
Native extension for WindowsStandalone target not found
Native extension for WebGL target not found
System.Exception: Error! Visual Scripting: couldn't find visual scripting package
  at Unity.VisualScripting.PackageVersionUtility.get_version () [0x00043] in .\Library\PackageCache\com.unity.visualscripting@1.9.4\Editor\VisualScripting.Core\Utilities\PackageVersionUtility.cs:31 
  at Unity.VisualScripting.BoltCoreManifest.get_version () [0x00000] in .\Library\PackageCache\com.unity.visualscripting@1.9.4\Editor\VisualScripting.Core\Plugin\BoltCoreManifest.cs:11 
  at Unity.VisualScripting.PluginManifest.get_currentVersion () [0x00000] in .\Library\PackageCache\com.unity.visualscripting@1.9.4\Editor\VisualScripting.Core\Plugins\PluginManifest.cs:33 
  at Unity.VisualScripting.PluginManifest.get_versionMismatch () [0x00000] in .\Library\PackageCache\com.unity.visualscripting@1.9.4\Editor\VisualScripting.Core\Plugins\PluginManifest.cs:48 
  at Unity.VisualScripting.PluginContainer.Initialize () [0x00525] in .\Library\PackageCache\com.unity.visualscripting@1.9.4\Editor\VisualScripting.Core\Plugins\PluginContainer.cs:208 
  at Unity.VisualScripting.PluginContainer.InitializeOnLoad () [0x00009] in .\Library\PackageCache\com.unity.visualscripting@1.9.4\Editor\VisualScripting.Core\Plugins\PluginContainer.cs:32 
  at Unity.VisualScripting.VSUsageUtility.DoInitializeOnLoadCalls () [0x00034] in .\Library\PackageCache\com.unity.visualscripting@1.9.4\Editor\VisualScripting.Core\Utilities\VSUsageUtility.cs:76 
  at Unity.VisualScripting.VSUsageUtility.set_isVisualScriptingUsed (System.Boolean value) [0x0002c] in .\Library\PackageCache\com.unity.visualscripting@1.9.4\Editor\VisualScripting.Core\Utilities\VSUsageUtility.cs:114 
  at Unity.VisualScripting.VSUsageUtility.CheckAndSetIsVisualScriptingUsed () [0x0000d] in .\Library\PackageCache\com.unity.visualscripting@1.9.4\Editor\VisualScripting.Core\Utilities\VSUsageUtility.cs:33 
  at Unity.VisualScripting.VSUsageUtility..cctor () [0x00000] in .\Library\PackageCache\com.unity.visualscripting@1.9.4\Editor\VisualScripting.Core\Utilities\VSUsageUtility.cs:22 
UnityEngine.StackTraceUtility:ExtractStackTrace ()
UnityEngine.DebugLogHandler:LogFormat (UnityEngine.LogType,UnityEngine.Object,string,object[])
UnityEngine.Logger:Log (UnityEngine.LogType,object)
UnityEngine.Debug:LogError (object)
UnityEditor.EditorAssemblies:ProcessInitializeOnLoadAttributes (System.Type[])

[Package Manager] Server::EnsureServerProcessIsRunning -- launch failed, reason: Unity was launched with the -noUpm command-line argument
[Package Manager] UpmClient::Send -- Unable to send message (not connected to UPM process).
[Package Manager] Cannot connect to Unity Package Manager local server
Mono: successfully reloaded assembly
- Finished resetting the current domain, in  1.430 seconds
Domain Reload Profiling: 2063ms
	BeginReloadAssembly (221ms)
		ExecutionOrderSort (0ms)
		DisableScriptedObjects (14ms)
		BackupInstance (0ms)
		ReleaseScriptingObjects (0ms)
		CreateAndSetChildDomain (70ms)
	RebuildCommonClasses (24ms)
	RebuildNativeTypeToScriptingClass (8ms)
	initialDomainReloadingComplete (41ms)
	LoadAllAssembliesAndSetupDomain (340ms)
		LoadAssemblies (396ms)
		RebuildTransferFunctionScriptingTraits (0ms)
		AnalyzeDomain (26ms)
			TypeCache.Refresh (11ms)
				TypeCache.ScanAssembly (2ms)
			ScanForSourceGeneratedMonoScriptInfo (10ms)
			ResolveRequiredComponents (5ms)
	FinalizeReload (1430ms)
		ReleaseScriptCaches (0ms)
		RebuildScriptCaches (0ms)
		SetupLoadedEditorAssemblies (484ms)
			LogAssemblyErrors (0ms)
			InitializePlatformSupportModulesInManaged (7ms)
			SetLoadedEditorAssemblies (4ms)
			RefreshPlugins (0ms)
			BeforeProcessingInitializeOnLoad (63ms)
			ProcessInitializeOnLoadAttributes (380ms)
			ProcessInitializeOnLoadMethodAttributes (23ms)
			AfterProcessingInitializeOnLoad (6ms)
			EditorAssembliesLoaded (0ms)
		ExecutionOrderSort2 (0ms)
		AwakeInstancesAfterBackupRestoration (9ms)
Refreshing native plugins compatible for Editor in 5.69 ms, found 4 plugins.
Preloading 0 native plugins for Editor in 0.00 ms.
Unloading 4062 Unused Serialized files (Serialized files now loaded: 0)
Unloading 25 unused Assets / (213.7 KB). Loaded Objects now: 4810.
Memory consumption went from 147.5 MB to 147.3 MB.
Total: 8.575100 ms (FindLiveObjects: 0.196600 ms CreateObjectMapping: 0.088100 ms MarkObjects: 8.147900 ms  DeleteObjects: 0.141500 ms)

Prepare: number of updated asset objects reloaded= 0
AssetImportParameters requested are different than current active one (requested -> active):
  custom:container-demuxer-ogg: 62fdf1f143b41e24485cea50d1cbac27 -> 
  custom:scripting/monoscript/fileName/text hitpoints.cs: d36093d1da3b739b778440323f6d28ae -> 
  custom:scripting/monoscript/fileName/enemyvalues.cs: 6d3759815fd7be00f9546723da6f552c -> b2871cba44f342a4684feb21ced01089
  custom:scripting/monoscript/fileName/playerhealth.cs: 627fa3622fd9609fbcb99df0f0e3ffd2 -> 
  custom:video-decoder-ogg-theora: a1e56fd34408186e4bbccfd4996cb3dc -> 
  custom:framework-win-MediaFoundation: 216162199b28c13a410421893ffa2e32 -> 
  custom:scripting/monoscript/fileName/health.cs: b1303998ffee75aadca64949bf0a2211 -> 
  custom:CustomObjectIndexerAttribute: 9a22284fe3817be447336de3de66b15e -> 
  custom:scripting/monoscript/fileName/playervalues.cs: b765fddbee80866c9f4d7e2bde69eaa4 -> fefad19e05659674120111df3ff930d2
  custom:container-demuxer-webm: 4f35f7cbe854078d1ac9338744f61a02 -> 
  custom:scripting/monoscript/fileName/Health.cs: 0e01c5d611b7e6f68d551fd8377c081b -> 
  custom:container-muxer-webm: aa71ff27fc2769a1b78a27578f13a17b -> 
  custom:video-decoder-webm-vp8: 9c59270c3fd7afecdb556c50c9e8de78 -> 
  custom:SearchIndexIgnoredProperties: e643bd26f0fe6173181afceb89e7c659 -> 
  custom:AudioImporter_EditorPlatform: d09bf68614088b80899f8185d706f6e7 -> 
  custom:video-encoder-webm-vp8: eb34c28f22e8b96e1ab97ce403110664 -> 
  custom:scripting/monoscript/fileName/player.cs: b1b0b99e0fbd8450a8ac2481988cbaeb -> 
  custom:scripting/monoscript/fileName/combatsystem.cs: 6cab728e1d8cac4dad7bf9e415b8112a -> 8872a57b1c80ec4a65fcbcdad3cdf073
  custom:audio-decoder-ogg-vorbis: bf7c407c2cedff20999df2af8eb42d56 -> 
  custom:scripting/monoscript/fileName/fill.cs: 8a130407ab27c51b3a1b3dbce120d7b8 -> 
  custom:scripting/monoscript/fileName/health system.cs: e0852ac835be5566af11b3affa17d44c -> 
  custom:audio-encoder-webm-vorbis: bf7c407c2cedff20999df2af8eb42d56 -> 
  custom:scripting/precompiled-assembly-types:Assembly-CSharp: fc6c06edcaf9647d67ea1d2a4938dcd4 -> db58d614c6af3664d2fa6bb6dd40fe47
========================================================================
Received Import Request.
  Time since last request: 9.305975 seconds.
  path: Assets/text hitpoints.cs
  artifactKey: Guid(a8049e1aad2e6dd41bde5e3aca5f54eb) Importer(815301076,1909f56bfc062723c751e8b465ee728b)
Start importing Assets/text hitpoints.cs using Guid(a8049e1aad2e6dd41bde5e3aca5f54eb) Importer(815301076,1909f56bfc062723c751e8b465ee728b) [PhysX] Initialized MultithreadedTaskDispatcher with 20 workers.
 -> (artifact id: '1d7d401f8870d481911b04f093a4a5b7') in 0.004098 seconds
Number of updated asset objects reloaded before import = 0
Number of asset objects unloaded after import = 0
========================================================================
Received Import Request.
  Time since last request: 5.823891 seconds.
  path: Assets/playerhealth.cs
  artifactKey: Guid(5702c9373d540324ca6de56a9ac71343) Importer(815301076,1909f56bfc062723c751e8b465ee728b)
Start importing Assets/playerhealth.cs using Guid(5702c9373d540324ca6de56a9ac71343) Importer(815301076,1909f56bfc062723c751e8b465ee728b) [PhysX] Initialized MultithreadedTaskDispatcher with 20 workers.
 -> (artifact id: 'f24ac19a7df0b6ce845722c230ce07dc') in 0.000462 seconds
Number of updated asset objects reloaded before import = 0
Number of asset objects unloaded after import = 0
========================================================================
Received Import Request.
  Time since last request: 629.051943 seconds.
  path: Assets/Canvas.prefab
  artifactKey: Guid(c75dd81818cb6e345b77220268a12d12) Importer(815301076,1909f56bfc062723c751e8b465ee728b)
Start importing Assets/Canvas.prefab using Guid(c75dd81818cb6e345b77220268a12d12) Importer(815301076,1909f56bfc062723c751e8b465ee728b) [PhysX] Initialized MultithreadedTaskDispatcher with 20 workers.
 -> (artifact id: '7c73e364a178e172800b36445a5e1d81') in 0.000933 seconds
Number of updated asset objects reloaded before import = 0
Number of asset objects unloaded after import = 0
========================================================================
Received Import Request.
  Time since last request: 0.001754 seconds.
  path: Assets/text hitpoints.cs
  artifactKey: Guid(a8049e1aad2e6dd41bde5e3aca5f54eb) Importer(815301076,1909f56bfc062723c751e8b465ee728b)
Start importing Assets/text hitpoints.cs using Guid(a8049e1aad2e6dd41bde5e3aca5f54eb) Importer(815301076,1909f56bfc062723c751e8b465ee728b) [PhysX] Initialized MultithreadedTaskDispatcher with 20 workers.
 -> (artifact id: '8e1f88e4d88be94797656e1699aad82b') in 0.000589 seconds
Number of updated asset objects reloaded before import = 0
Number of asset objects unloaded after import = 0
========================================================================
Received Prepare
Caller must complete domain reload
Begin MonoManager ReloadAssembly
- Loaded All Assemblies, in  0.531 seconds
Native extension for WindowsStandalone target not found
Native extension for WebGL target not found
System.Exception: Error! Visual Scripting: couldn't find visual scripting package
  at Unity.VisualScripting.PackageVersionUtility.get_version () [0x00043] in .\Library\PackageCache\com.unity.visualscripting@1.9.4\Editor\VisualScripting.Core\Utilities\PackageVersionUtility.cs:31 
  at Unity.VisualScripting.BoltCoreManifest.get_version () [0x00000] in .\Library\PackageCache\com.unity.visualscripting@1.9.4\Editor\VisualScripting.Core\Plugin\BoltCoreManifest.cs:11 
  at Unity.VisualScripting.PluginManifest.get_currentVersion () [0x00000] in .\Library\PackageCache\com.unity.visualscripting@1.9.4\Editor\VisualScripting.Core\Plugins\PluginManifest.cs:33 
  at Unity.VisualScripting.PluginManifest.get_versionMismatch () [0x00000] in .\Library\PackageCache\com.unity.visualscripting@1.9.4\Editor\VisualScripting.Core\Plugins\PluginManifest.cs:48 
  at Unity.VisualScripting.PluginContainer.Initialize () [0x00525] in .\Library\PackageCache\com.unity.visualscripting@1.9.4\Editor\VisualScripting.Core\Plugins\PluginContainer.cs:208 
  at Unity.VisualScripting.PluginContainer.InitializeOnLoad () [0x00009] in .\Library\PackageCache\com.unity.visualscripting@1.9.4\Editor\VisualScripting.Core\Plugins\PluginContainer.cs:32 
  at Unity.VisualScripting.VSUsageUtility.DoInitializeOnLoadCalls () [0x00034] in .\Library\PackageCache\com.unity.visualscripting@1.9.4\Editor\VisualScripting.Core\Utilities\VSUsageUtility.cs:76 
  at Unity.VisualScripting.VSUsageUtility.set_isVisualScriptingUsed (System.Boolean value) [0x0002c] in .\Library\PackageCache\com.unity.visualscripting@1.9.4\Editor\VisualScripting.Core\Utilities\VSUsageUtility.cs:114 
  at Unity.VisualScripting.VSUsageUtility.CheckAndSetIsVisualScriptingUsed () [0x0000d] in .\Library\PackageCache\com.unity.visualscripting@1.9.4\Editor\VisualScripting.Core\Utilities\VSUsageUtility.cs:33 
  at Unity.VisualScripting.VSUsageUtility..cctor () [0x00000] in .\Library\PackageCache\com.unity.visualscripting@1.9.4\Editor\VisualScripting.Core\Utilities\VSUsageUtility.cs:22 
UnityEngine.StackTraceUtility:ExtractStackTrace ()
UnityEngine.DebugLogHandler:LogFormat (UnityEngine.LogType,UnityEngine.Object,string,object[])
UnityEngine.Logger:Log (UnityEngine.LogType,object)
UnityEngine.Debug:LogError (object)
UnityEditor.EditorAssemblies:ProcessInitializeOnLoadAttributes (System.Type[])

[Package Manager] Server::EnsureServerProcessIsRunning -- launch failed, reason: Unity was launched with the -noUpm command-line argument
[Package Manager] UpmClient::Send -- Unable to send message (not connected to UPM process).
[Package Manager] Cannot connect to Unity Package Manager local server
Mono: successfully reloaded assembly
- Finished resetting the current domain, in  1.146 seconds
Domain Reload Profiling: 1668ms
	BeginReloadAssembly (221ms)
		ExecutionOrderSort (0ms)
		DisableScriptedObjects (13ms)
		BackupInstance (0ms)
		ReleaseScriptingObjects (0ms)
		CreateAndSetChildDomain (43ms)
	RebuildCommonClasses (38ms)
	RebuildNativeTypeToScriptingClass (13ms)
	initialDomainReloadingComplete (44ms)
	LoadAllAssembliesAndSetupDomain (206ms)
		LoadAssemblies (296ms)
		RebuildTransferFunctionScriptingTraits (0ms)
		AnalyzeDomain (19ms)
			TypeCache.Refresh (7ms)
				TypeCache.ScanAssembly (0ms)
			ScanForSourceGeneratedMonoScriptInfo (7ms)
			ResolveRequiredComponents (4ms)
	FinalizeReload (1146ms)
		ReleaseScriptCaches (0ms)
		RebuildScriptCaches (0ms)
		SetupLoadedEditorAssemblies (445ms)
			LogAssemblyErrors (0ms)
			InitializePlatformSupportModulesInManaged (5ms)
			SetLoadedEditorAssemblies (3ms)
			RefreshPlugins (0ms)
			BeforeProcessingInitializeOnLoad (56ms)
			ProcessInitializeOnLoadAttributes (353ms)
			ProcessInitializeOnLoadMethodAttributes (21ms)
			AfterProcessingInitializeOnLoad (7ms)
			EditorAssembliesLoaded (0ms)
		ExecutionOrderSort2 (0ms)
		AwakeInstancesAfterBackupRestoration (9ms)
Refreshing native plugins compatible for Editor in 4.45 ms, found 4 plugins.
Preloading 0 native plugins for Editor in 0.00 ms.
Unloading 4062 Unused Serialized files (Serialized files now loaded: 0)
Unloading 25 unused Assets / (213.7 KB). Loaded Objects now: 4815.
Memory consumption went from 147.5 MB to 147.3 MB.
Total: 8.737800 ms (FindLiveObjects: 0.263600 ms CreateObjectMapping: 0.122600 ms MarkObjects: 8.204900 ms  DeleteObjects: 0.145800 ms)

Prepare: number of updated asset objects reloaded= 0
AssetImportParameters requested are different than current active one (requested -> active):
  custom:container-demuxer-ogg: 62fdf1f143b41e24485cea50d1cbac27 -> 
  custom:scripting/monoscript/fileName/text hitpoints.cs: d36093d1da3b739b778440323f6d28ae -> 
  custom:scripting/monoscript/fileName/enemyvalues.cs: 6d3759815fd7be00f9546723da6f552c -> b2871cba44f342a4684feb21ced01089
  custom:scripting/monoscript/fileName/playerhealth.cs: 627fa3622fd9609fbcb99df0f0e3ffd2 -> 
  custom:video-decoder-ogg-theora: a1e56fd34408186e4bbccfd4996cb3dc -> 
  custom:framework-win-MediaFoundation: 216162199b28c13a410421893ffa2e32 -> 
  custom:scripting/monoscript/fileName/health.cs: b1303998ffee75aadca64949bf0a2211 -> 
  custom:CustomObjectIndexerAttribute: 9a22284fe3817be447336de3de66b15e -> 
  custom:scripting/monoscript/fileName/playervalues.cs: b765fddbee80866c9f4d7e2bde69eaa4 -> fefad19e05659674120111df3ff930d2
  custom:container-demuxer-webm: 4f35f7cbe854078d1ac9338744f61a02 -> 
  custom:scripting/monoscript/fileName/Health.cs: 0e01c5d611b7e6f68d551fd8377c081b -> 
  custom:container-muxer-webm: aa71ff27fc2769a1b78a27578f13a17b -> 
  custom:video-decoder-webm-vp8: 9c59270c3fd7afecdb556c50c9e8de78 -> 
  custom:SearchIndexIgnoredProperties: e643bd26f0fe6173181afceb89e7c659 -> 
  custom:AudioImporter_EditorPlatform: d09bf68614088b80899f8185d706f6e7 -> 
  custom:video-encoder-webm-vp8: eb34c28f22e8b96e1ab97ce403110664 -> 
  custom:scripting/monoscript/fileName/player.cs: b1b0b99e0fbd8450a8ac2481988cbaeb -> 
  custom:scripting/monoscript/fileName/combatsystem.cs: 6cab728e1d8cac4dad7bf9e415b8112a -> 8872a57b1c80ec4a65fcbcdad3cdf073
  custom:audio-decoder-ogg-vorbis: bf7c407c2cedff20999df2af8eb42d56 -> 
  custom:scripting/monoscript/fileName/fill.cs: 8a130407ab27c51b3a1b3dbce120d7b8 -> 
  custom:scripting/monoscript/fileName/health system.cs: e0852ac835be5566af11b3affa17d44c -> 
  custom:audio-encoder-webm-vorbis: bf7c407c2cedff20999df2af8eb42d56 -> 
  custom:scripting/precompiled-assembly-types:Assembly-CSharp: fc6c06edcaf9647d67ea1d2a4938dcd4 -> db58d614c6af3664d2fa6bb6dd40fe47
========================================================================
Received Import Request.
  Time since last request: 503.161507 seconds.
  path: Assets/Canvas.prefab
  artifactKey: Guid(c75dd81818cb6e345b77220268a12d12) Importer(815301076,1909f56bfc062723c751e8b465ee728b)
Start importing Assets/Canvas.prefab using Guid(c75dd81818cb6e345b77220268a12d12) Importer(815301076,1909f56bfc062723c751e8b465ee728b) [PhysX] Initialized MultithreadedTaskDispatcher with 20 workers.
 -> (artifact id: '7c73e364a178e172800b36445a5e1d81') in 0.002866 seconds
Number of updated asset objects reloaded before import = 0
Number of asset objects unloaded after import = 0
========================================================================
Received Prepare
Caller must complete domain reload
Begin MonoManager ReloadAssembly
- Loaded All Assemblies, in  0.376 seconds
Native extension for WindowsStandalone target not found
Native extension for WebGL target not found
System.Exception: Error! Visual Scripting: couldn't find visual scripting package
  at Unity.VisualScripting.PackageVersionUtility.get_version () [0x00043] in .\Library\PackageCache\com.unity.visualscripting@1.9.4\Editor\VisualScripting.Core\Utilities\PackageVersionUtility.cs:31 
  at Unity.VisualScripting.BoltCoreManifest.get_version () [0x00000] in .\Library\PackageCache\com.unity.visualscripting@1.9.4\Editor\VisualScripting.Core\Plugin\BoltCoreManifest.cs:11 
  at Unity.VisualScripting.PluginManifest.get_currentVersion () [0x00000] in .\Library\PackageCache\com.unity.visualscripting@1.9.4\Editor\VisualScripting.Core\Plugins\PluginManifest.cs:33 
  at Unity.VisualScripting.PluginManifest.get_versionMismatch () [0x00000] in .\Library\PackageCache\com.unity.visualscripting@1.9.4\Editor\VisualScripting.Core\Plugins\PluginManifest.cs:48 
  at Unity.VisualScripting.PluginContainer.Initialize () [0x00525] in .\Library\PackageCache\com.unity.visualscripting@1.9.4\Editor\VisualScripting.Core\Plugins\PluginContainer.cs:208 
  at Unity.VisualScripting.PluginContainer.InitializeOnLoad () [0x00009] in .\Library\PackageCache\com.unity.visualscripting@1.9.4\Editor\VisualScripting.Core\Plugins\PluginContainer.cs:32 
  at Unity.VisualScripting.VSUsageUtility.DoInitializeOnLoadCalls () [0x00034] in .\Library\PackageCache\com.unity.visualscripting@1.9.4\Editor\VisualScripting.Core\Utilities\VSUsageUtility.cs:76 
  at Unity.VisualScripting.VSUsageUtility.set_isVisualScriptingUsed (System.Boolean value) [0x0002c] in .\Library\PackageCache\com.unity.visualscripting@1.9.4\Editor\VisualScripting.Core\Utilities\VSUsageUtility.cs:114 
  at Unity.VisualScripting.VSUsageUtility.CheckAndSetIsVisualScriptingUsed () [0x0000d] in .\Library\PackageCache\com.unity.visualscripting@1.9.4\Editor\VisualScripting.Core\Utilities\VSUsageUtility.cs:33 
  at Unity.VisualScripting.VSUsageUtility..cctor () [0x00000] in .\Library\PackageCache\com.unity.visualscripting@1.9.4\Editor\VisualScripting.Core\Utilities\VSUsageUtility.cs:22 
UnityEngine.StackTraceUtility:ExtractStackTrace ()
UnityEngine.DebugLogHandler:LogFormat (UnityEngine.LogType,UnityEngine.Object,string,object[])
UnityEngine.Logger:Log (UnityEngine.LogType,object)
UnityEngine.Debug:LogError (object)
UnityEditor.EditorAssemblies:ProcessInitializeOnLoadAttributes (System.Type[])

[Package Manager] Server::EnsureServerProcessIsRunning -- launch failed, reason: Unity was launched with the -noUpm command-line argument
[Package Manager] UpmClient::Send -- Unable to send message (not connected to UPM process).
[Package Manager] Cannot connect to Unity Package Manager local server
Mono: successfully reloaded assembly
- Finished resetting the current domain, in  1.204 seconds
Domain Reload Profiling: 1576ms
	BeginReloadAssembly (135ms)
		ExecutionOrderSort (0ms)
		DisableScriptedObjects (8ms)
		BackupInstance (0ms)
		ReleaseScriptingObjects (0ms)
		CreateAndSetChildDomain (29ms)
	RebuildCommonClasses (21ms)
	RebuildNativeTypeToScriptingClass (7ms)
	initialDomainReloadingComplete (24ms)
	LoadAllAssembliesAndSetupDomain (185ms)
		LoadAssemblies (237ms)
		RebuildTransferFunctionScriptingTraits (0ms)
		AnalyzeDomain (10ms)
			TypeCache.Refresh (5ms)
				TypeCache.ScanAssembly (0ms)
			ScanForSourceGeneratedMonoScriptInfo (0ms)
			ResolveRequiredComponents (4ms)
	FinalizeReload (1204ms)
		ReleaseScriptCaches (0ms)
		RebuildScriptCaches (0ms)
		SetupLoadedEditorAssemblies (477ms)
			LogAssemblyErrors (0ms)
			InitializePlatformSupportModulesInManaged (7ms)
			SetLoadedEditorAssemblies (3ms)
			RefreshPlugins (0ms)
			BeforeProcessingInitializeOnLoad (60ms)
			ProcessInitializeOnLoadAttributes (376ms)
			ProcessInitializeOnLoadMethodAttributes (24ms)
			AfterProcessingInitializeOnLoad (7ms)
			EditorAssembliesLoaded (0ms)
		ExecutionOrderSort2 (0ms)
		AwakeInstancesAfterBackupRestoration (9ms)
Refreshing native plugins compatible for Editor in 7.55 ms, found 4 plugins.
Preloading 0 native plugins for Editor in 0.00 ms.
Unloading 4062 Unused Serialized files (Serialized files now loaded: 0)
Unloading 25 unused Assets / (213.6 KB). Loaded Objects now: 4820.
Memory consumption went from 147.5 MB to 147.3 MB.
Total: 8.409100 ms (FindLiveObjects: 0.193800 ms CreateObjectMapping: 0.094200 ms MarkObjects: 7.976900 ms  DeleteObjects: 0.143100 ms)

Prepare: number of updated asset objects reloaded= 0
AssetImportParameters requested are different than current active one (requested -> active):
  custom:container-demuxer-ogg: 62fdf1f143b41e24485cea50d1cbac27 -> 
  custom:scripting/monoscript/fileName/text hitpoints.cs: d36093d1da3b739b778440323f6d28ae -> 
  custom:scripting/monoscript/fileName/enemyvalues.cs: 6d3759815fd7be00f9546723da6f552c -> b2871cba44f342a4684feb21ced01089
  custom:scripting/monoscript/fileName/playerhealth.cs: 627fa3622fd9609fbcb99df0f0e3ffd2 -> 
  custom:video-decoder-ogg-theora: a1e56fd34408186e4bbccfd4996cb3dc -> 
  custom:framework-win-MediaFoundation: 216162199b28c13a410421893ffa2e32 -> 
  custom:scripting/monoscript/fileName/health.cs: b1303998ffee75aadca64949bf0a2211 -> 
  custom:CustomObjectIndexerAttribute: 9a22284fe3817be447336de3de66b15e -> 
  custom:scripting/monoscript/fileName/playervalues.cs: b765fddbee80866c9f4d7e2bde69eaa4 -> fefad19e05659674120111df3ff930d2
  custom:container-demuxer-webm: 4f35f7cbe854078d1ac9338744f61a02 -> 
  custom:scripting/monoscript/fileName/Health.cs: 0e01c5d611b7e6f68d551fd8377c081b -> 
  custom:container-muxer-webm: aa71ff27fc2769a1b78a27578f13a17b -> 
  custom:video-decoder-webm-vp8: 9c59270c3fd7afecdb556c50c9e8de78 -> 
  custom:SearchIndexIgnoredProperties: e643bd26f0fe6173181afceb89e7c659 -> 
  custom:AudioImporter_EditorPlatform: d09bf68614088b80899f8185d706f6e7 -> 
  custom:video-encoder-webm-vp8: eb34c28f22e8b96e1ab97ce403110664 -> 
  custom:scripting/monoscript/fileName/player.cs: b1b0b99e0fbd8450a8ac2481988cbaeb -> 
  custom:scripting/monoscript/fileName/combatsystem.cs: 6cab728e1d8cac4dad7bf9e415b8112a -> 8872a57b1c80ec4a65fcbcdad3cdf073
  custom:audio-decoder-ogg-vorbis: bf7c407c2cedff20999df2af8eb42d56 -> 
  custom:scripting/monoscript/fileName/fill.cs: 8a130407ab27c51b3a1b3dbce120d7b8 -> 
  custom:scripting/monoscript/fileName/health system.cs: e0852ac835be5566af11b3affa17d44c -> 
  custom:audio-encoder-webm-vorbis: bf7c407c2cedff20999df2af8eb42d56 -> 
  custom:scripting/precompiled-assembly-types:Assembly-CSharp: fc6c06edcaf9647d67ea1d2a4938dcd4 -> db58d614c6af3664d2fa6bb6dd40fe47
========================================================================
Received Import Request.
  Time since last request: 339.240510 seconds.
  path: Assets/Canvas.prefab
  artifactKey: Guid(c75dd81818cb6e345b77220268a12d12) Importer(815301076,1909f56bfc062723c751e8b465ee728b)
Start importing Assets/Canvas.prefab using Guid(c75dd81818cb6e345b77220268a12d12) Importer(815301076,1909f56bfc062723c751e8b465ee728b) [PhysX] Initialized MultithreadedTaskDispatcher with 20 workers.
 -> (artifact id: '7c73e364a178e172800b36445a5e1d81') in 0.002437 seconds
Number of updated asset objects reloaded before import = 0
Number of asset objects unloaded after import = 0
========================================================================
Received Import Request.
  Time since last request: 91.301711 seconds.
  path: Assets/Canvas.prefab
  artifactKey: Guid(c75dd81818cb6e345b77220268a12d12) Importer(815301076,1909f56bfc062723c751e8b465ee728b)
Start importing Assets/Canvas.prefab using Guid(c75dd81818cb6e345b77220268a12d12) Importer(815301076,1909f56bfc062723c751e8b465ee728b) [PhysX] Initialized MultithreadedTaskDispatcher with 20 workers.
 -> (artifact id: '7c73e364a178e172800b36445a5e1d81') in 0.001056 seconds
Number of updated asset objects reloaded before import = 0
Number of asset objects unloaded after import = 0
========================================================================
Received Prepare
Caller must complete domain reload
Begin MonoManager ReloadAssembly
- Loaded All Assemblies, in  0.672 seconds
Native extension for WindowsStandalone target not found
Native extension for WebGL target not found
System.Exception: Error! Visual Scripting: couldn't find visual scripting package
  at Unity.VisualScripting.PackageVersionUtility.get_version () [0x00043] in .\Library\PackageCache\com.unity.visualscripting@1.9.4\Editor\VisualScripting.Core\Utilities\PackageVersionUtility.cs:31 
  at Unity.VisualScripting.BoltCoreManifest.get_version () [0x00000] in .\Library\PackageCache\com.unity.visualscripting@1.9.4\Editor\VisualScripting.Core\Plugin\BoltCoreManifest.cs:11 
  at Unity.VisualScripting.PluginManifest.get_currentVersion () [0x00000] in .\Library\PackageCache\com.unity.visualscripting@1.9.4\Editor\VisualScripting.Core\Plugins\PluginManifest.cs:33 
  at Unity.VisualScripting.PluginManifest.get_versionMismatch () [0x00000] in .\Library\PackageCache\com.unity.visualscripting@1.9.4\Editor\VisualScripting.Core\Plugins\PluginManifest.cs:48 
  at Unity.VisualScripting.PluginContainer.Initialize () [0x00525] in .\Library\PackageCache\com.unity.visualscripting@1.9.4\Editor\VisualScripting.Core\Plugins\PluginContainer.cs:208 
  at Unity.VisualScripting.PluginContainer.InitializeOnLoad () [0x00009] in .\Library\PackageCache\com.unity.visualscripting@1.9.4\Editor\VisualScripting.Core\Plugins\PluginContainer.cs:32 
  at Unity.VisualScripting.VSUsageUtility.DoInitializeOnLoadCalls () [0x00034] in .\Library\PackageCache\com.unity.visualscripting@1.9.4\Editor\VisualScripting.Core\Utilities\VSUsageUtility.cs:76 
  at Unity.VisualScripting.VSUsageUtility.set_isVisualScriptingUsed (System.Boolean value) [0x0002c] in .\Library\PackageCache\com.unity.visualscripting@1.9.4\Editor\VisualScripting.Core\Utilities\VSUsageUtility.cs:114 
  at Unity.VisualScripting.VSUsageUtility.CheckAndSetIsVisualScriptingUsed () [0x0000d] in .\Library\PackageCache\com.unity.visualscripting@1.9.4\Editor\VisualScripting.Core\Utilities\VSUsageUtility.cs:33 
  at Unity.VisualScripting.VSUsageUtility..cctor () [0x00000] in .\Library\PackageCache\com.unity.visualscripting@1.9.4\Editor\VisualScripting.Core\Utilities\VSUsageUtility.cs:22 
UnityEngine.StackTraceUtility:ExtractStackTrace ()
UnityEngine.DebugLogHandler:LogFormat (UnityEngine.LogType,UnityEngine.Object,string,object[])
UnityEngine.Logger:Log (UnityEngine.LogType,object)
UnityEngine.Debug:LogError (object)
UnityEditor.EditorAssemblies:ProcessInitializeOnLoadAttributes (System.Type[])

[Package Manager] Server::EnsureServerProcessIsRunning -- launch failed, reason: Unity was launched with the -noUpm command-line argument
[Package Manager] UpmClient::Send -- Unable to send message (not connected to UPM process).
[Package Manager] Cannot connect to Unity Package Manager local server
Mono: successfully reloaded assembly
- Finished resetting the current domain, in  1.269 seconds
Domain Reload Profiling: 1933ms
	BeginReloadAssembly (210ms)
		ExecutionOrderSort (0ms)
		DisableScriptedObjects (12ms)
		BackupInstance (0ms)
		ReleaseScriptingObjects (0ms)
		CreateAndSetChildDomain (41ms)
	RebuildCommonClasses (36ms)
	RebuildNativeTypeToScriptingClass (13ms)
	initialDomainReloadingComplete (48ms)
	LoadAllAssembliesAndSetupDomain (357ms)
		LoadAssemblies (422ms)
		RebuildTransferFunctionScriptingTraits (0ms)
		AnalyzeDomain (34ms)
			TypeCache.Refresh (12ms)
				TypeCache.ScanAssembly (1ms)
			ScanForSourceGeneratedMonoScriptInfo (13ms)
			ResolveRequiredComponents (8ms)
	FinalizeReload (1270ms)
		ReleaseScriptCaches (0ms)
		RebuildScriptCaches (0ms)
		SetupLoadedEditorAssemblies (449ms)
			LogAssemblyErrors (0ms)
			InitializePlatformSupportModulesInManaged (6ms)
			SetLoadedEditorAssemblies (2ms)
			RefreshPlugins (0ms)
			BeforeProcessingInitializeOnLoad (56ms)
			ProcessInitializeOnLoadAttributes (357ms)
			ProcessInitializeOnLoadMethodAttributes (21ms)
			AfterProcessingInitializeOnLoad (6ms)
			EditorAssembliesLoaded (0ms)
		ExecutionOrderSort2 (0ms)
		AwakeInstancesAfterBackupRestoration (10ms)
Refreshing native plugins compatible for Editor in 5.86 ms, found 4 plugins.
Preloading 0 native plugins for Editor in 0.00 ms.
Unloading 4062 Unused Serialized files (Serialized files now loaded: 0)
Unloading 25 unused Assets / (213.6 KB). Loaded Objects now: 4825.
Memory consumption went from 147.5 MB to 147.3 MB.
Total: 7.081900 ms (FindLiveObjects: 0.209400 ms CreateObjectMapping: 0.102500 ms MarkObjects: 6.623300 ms  DeleteObjects: 0.145700 ms)

Prepare: number of updated asset objects reloaded= 0
AssetImportParameters requested are different than current active one (requested -> active):
  custom:container-demuxer-ogg: 62fdf1f143b41e24485cea50d1cbac27 -> 
  custom:scripting/monoscript/fileName/text hitpoints.cs: d36093d1da3b739b778440323f6d28ae -> 
  custom:scripting/monoscript/fileName/enemyvalues.cs: 6d3759815fd7be00f9546723da6f552c -> b2871cba44f342a4684feb21ced01089
  custom:scripting/monoscript/fileName/playerhealth.cs: 627fa3622fd9609fbcb99df0f0e3ffd2 -> 
  custom:video-decoder-ogg-theora: a1e56fd34408186e4bbccfd4996cb3dc -> 
  custom:framework-win-MediaFoundation: 216162199b28c13a410421893ffa2e32 -> 
  custom:scripting/monoscript/fileName/health.cs: b1303998ffee75aadca64949bf0a2211 -> 
  custom:CustomObjectIndexerAttribute: 9a22284fe3817be447336de3de66b15e -> 
  custom:scripting/monoscript/fileName/playervalues.cs: b765fddbee80866c9f4d7e2bde69eaa4 -> fefad19e05659674120111df3ff930d2
  custom:container-demuxer-webm: 4f35f7cbe854078d1ac9338744f61a02 -> 
  custom:scripting/monoscript/fileName/Health.cs: 0e01c5d611b7e6f68d551fd8377c081b -> 
  custom:container-muxer-webm: aa71ff27fc2769a1b78a27578f13a17b -> 
  custom:video-decoder-webm-vp8: 9c59270c3fd7afecdb556c50c9e8de78 -> 
  custom:SearchIndexIgnoredProperties: e643bd26f0fe6173181afceb89e7c659 -> 
  custom:AudioImporter_EditorPlatform: d09bf68614088b80899f8185d706f6e7 -> 
  custom:video-encoder-webm-vp8: eb34c28f22e8b96e1ab97ce403110664 -> 
  custom:scripting/monoscript/fileName/player.cs: b1b0b99e0fbd8450a8ac2481988cbaeb -> 
  custom:scripting/monoscript/fileName/combatsystem.cs: 6cab728e1d8cac4dad7bf9e415b8112a -> 8872a57b1c80ec4a65fcbcdad3cdf073
  custom:audio-decoder-ogg-vorbis: bf7c407c2cedff20999df2af8eb42d56 -> 
  custom:scripting/monoscript/fileName/fill.cs: 8a130407ab27c51b3a1b3dbce120d7b8 -> 
  custom:scripting/monoscript/fileName/health system.cs: e0852ac835be5566af11b3affa17d44c -> 
  custom:audio-encoder-webm-vorbis: bf7c407c2cedff20999df2af8eb42d56 -> 
  custom:scripting/precompiled-assembly-types:Assembly-CSharp: fc6c06edcaf9647d67ea1d2a4938dcd4 -> db58d614c6af3664d2fa6bb6dd40fe47
========================================================================
Received Prepare
Caller must complete domain reload
Begin MonoManager ReloadAssembly
- Loaded All Assemblies, in  0.356 seconds
Native extension for WindowsStandalone target not found
Native extension for WebGL target not found
System.Exception: Error! Visual Scripting: couldn't find visual scripting package
  at Unity.VisualScripting.PackageVersionUtility.get_version () [0x00043] in .\Library\PackageCache\com.unity.visualscripting@1.9.4\Editor\VisualScripting.Core\Utilities\PackageVersionUtility.cs:31 
  at Unity.VisualScripting.BoltCoreManifest.get_version () [0x00000] in .\Library\PackageCache\com.unity.visualscripting@1.9.4\Editor\VisualScripting.Core\Plugin\BoltCoreManifest.cs:11 
  at Unity.VisualScripting.PluginManifest.get_currentVersion () [0x00000] in .\Library\PackageCache\com.unity.visualscripting@1.9.4\Editor\VisualScripting.Core\Plugins\PluginManifest.cs:33 
  at Unity.VisualScripting.PluginManifest.get_versionMismatch () [0x00000] in .\Library\PackageCache\com.unity.visualscripting@1.9.4\Editor\VisualScripting.Core\Plugins\PluginManifest.cs:48 
  at Unity.VisualScripting.PluginContainer.Initialize () [0x00525] in .\Library\PackageCache\com.unity.visualscripting@1.9.4\Editor\VisualScripting.Core\Plugins\PluginContainer.cs:208 
  at Unity.VisualScripting.PluginContainer.InitializeOnLoad () [0x00009] in .\Library\PackageCache\com.unity.visualscripting@1.9.4\Editor\VisualScripting.Core\Plugins\PluginContainer.cs:32 
  at Unity.VisualScripting.VSUsageUtility.DoInitializeOnLoadCalls () [0x00034] in .\Library\PackageCache\com.unity.visualscripting@1.9.4\Editor\VisualScripting.Core\Utilities\VSUsageUtility.cs:76 
  at Unity.VisualScripting.VSUsageUtility.set_isVisualScriptingUsed (System.Boolean value) [0x0002c] in .\Library\PackageCache\com.unity.visualscripting@1.9.4\Editor\VisualScripting.Core\Utilities\VSUsageUtility.cs:114 
  at Unity.VisualScripting.VSUsageUtility.CheckAndSetIsVisualScriptingUsed () [0x0000d] in .\Library\PackageCache\com.unity.visualscripting@1.9.4\Editor\VisualScripting.Core\Utilities\VSUsageUtility.cs:33 
  at Unity.VisualScripting.VSUsageUtility..cctor () [0x00000] in .\Library\PackageCache\com.unity.visualscripting@1.9.4\Editor\VisualScripting.Core\Utilities\VSUsageUtility.cs:22 
UnityEngine.StackTraceUtility:ExtractStackTrace ()
UnityEngine.DebugLogHandler:LogFormat (UnityEngine.LogType,UnityEngine.Object,string,object[])
UnityEngine.Logger:Log (UnityEngine.LogType,object)
UnityEngine.Debug:LogError (object)
UnityEditor.EditorAssemblies:ProcessInitializeOnLoadAttributes (System.Type[])

[Package Manager] Server::EnsureServerProcessIsRunning -- launch failed, reason: Unity was launched with the -noUpm command-line argument
[Package Manager] UpmClient::Send -- Unable to send message (not connected to UPM process).
[Package Manager] Cannot connect to Unity Package Manager local server
Mono: successfully reloaded assembly
- Finished resetting the current domain, in  1.022 seconds
Domain Reload Profiling: 1373ms
	BeginReloadAssembly (128ms)
		ExecutionOrderSort (0ms)
		DisableScriptedObjects (8ms)
		BackupInstance (0ms)
		ReleaseScriptingObjects (0ms)
		CreateAndSetChildDomain (28ms)
	RebuildCommonClasses (21ms)
	RebuildNativeTypeToScriptingClass (7ms)
	initialDomainReloadingComplete (23ms)
	LoadAllAssembliesAndSetupDomain (173ms)
		LoadAssemblies (218ms)
		RebuildTransferFunctionScriptingTraits (0ms)
		AnalyzeDomain (11ms)
			TypeCache.Refresh (5ms)
				TypeCache.ScanAssembly (0ms)
			ScanForSourceGeneratedMonoScriptInfo (0ms)
			ResolveRequiredComponents (4ms)
	FinalizeReload (1022ms)
		ReleaseScriptCaches (0ms)
		RebuildScriptCaches (0ms)
		SetupLoadedEditorAssemblies (458ms)
			LogAssemblyErrors (0ms)
			InitializePlatformSupportModulesInManaged (5ms)
			SetLoadedEditorAssemblies (3ms)
			RefreshPlugins (0ms)
			BeforeProcessingInitializeOnLoad (60ms)
			ProcessInitializeOnLoadAttributes (361ms)
			ProcessInitializeOnLoadMethodAttributes (22ms)
			AfterProcessingInitializeOnLoad (7ms)
			EditorAssembliesLoaded (0ms)
		ExecutionOrderSort2 (0ms)
		AwakeInstancesAfterBackupRestoration (9ms)
Refreshing native plugins compatible for Editor in 6.20 ms, found 4 plugins.
Preloading 0 native plugins for Editor in 0.00 ms.
Unloading 4063 Unused Serialized files (Serialized files now loaded: 0)
Unloading 25 unused Assets / (213.6 KB). Loaded Objects now: 4830.
Memory consumption went from 147.8 MB to 147.6 MB.
Total: 7.665400 ms (FindLiveObjects: 0.196600 ms CreateObjectMapping: 0.095100 ms MarkObjects: 7.204300 ms  DeleteObjects: 0.168300 ms)

Prepare: number of updated asset objects reloaded= 0
AssetImportParameters requested are different than current active one (requested -> active):
  custom:container-demuxer-ogg: 62fdf1f143b41e24485cea50d1cbac27 -> 
  custom:scripting/monoscript/fileName/text hitpoints.cs: d36093d1da3b739b778440323f6d28ae -> 
  custom:scripting/monoscript/fileName/enemyvalues.cs: 6d3759815fd7be00f9546723da6f552c -> b2871cba44f342a4684feb21ced01089
  custom:scripting/monoscript/fileName/playerhealth.cs: 627fa3622fd9609fbcb99df0f0e3ffd2 -> 
  custom:video-decoder-ogg-theora: a1e56fd34408186e4bbccfd4996cb3dc -> 
  custom:framework-win-MediaFoundation: 216162199b28c13a410421893ffa2e32 -> 
  custom:scripting/monoscript/fileName/health.cs: b1303998ffee75aadca64949bf0a2211 -> 
  custom:CustomObjectIndexerAttribute: 9a22284fe3817be447336de3de66b15e -> 
  custom:scripting/monoscript/fileName/playervalues.cs: b765fddbee80866c9f4d7e2bde69eaa4 -> fefad19e05659674120111df3ff930d2
  custom:container-demuxer-webm: 4f35f7cbe854078d1ac9338744f61a02 -> 
  custom:scripting/monoscript/fileName/Health.cs: 0e01c5d611b7e6f68d551fd8377c081b -> 
  custom:container-muxer-webm: aa71ff27fc2769a1b78a27578f13a17b -> 
  custom:video-decoder-webm-vp8: 9c59270c3fd7afecdb556c50c9e8de78 -> 
  custom:SearchIndexIgnoredProperties: e643bd26f0fe6173181afceb89e7c659 -> 
  custom:AudioImporter_EditorPlatform: d09bf68614088b80899f8185d706f6e7 -> 
  custom:video-encoder-webm-vp8: eb34c28f22e8b96e1ab97ce403110664 -> 
  custom:scripting/monoscript/fileName/player.cs: b1b0b99e0fbd8450a8ac2481988cbaeb -> 
  custom:scripting/monoscript/fileName/combatsystem.cs: 6cab728e1d8cac4dad7bf9e415b8112a -> 8872a57b1c80ec4a65fcbcdad3cdf073
  custom:audio-decoder-ogg-vorbis: bf7c407c2cedff20999df2af8eb42d56 -> 
  custom:scripting/monoscript/fileName/fill.cs: 8a130407ab27c51b3a1b3dbce120d7b8 -> 
  custom:scripting/monoscript/fileName/health system.cs: e0852ac835be5566af11b3affa17d44c -> 
  custom:audio-encoder-webm-vorbis: bf7c407c2cedff20999df2af8eb42d56 -> 
  custom:scripting/precompiled-assembly-types:Assembly-CSharp: fc6c06edcaf9647d67ea1d2a4938dcd4 -> db58d614c6af3664d2fa6bb6dd40fe47
========================================================================
Received Import Request.
  Time since last request: 221.070374 seconds.
  path: Assets/Canvas.prefab
  artifactKey: Guid(c75dd81818cb6e345b77220268a12d12) Importer(815301076,1909f56bfc062723c751e8b465ee728b)
Start importing Assets/Canvas.prefab using Guid(c75dd81818cb6e345b77220268a12d12) Importer(815301076,1909f56bfc062723c751e8b465ee728b) [PhysX] Initialized MultithreadedTaskDispatcher with 20 workers.
 -> (artifact id: '7c73e364a178e172800b36445a5e1d81') in 0.002936 seconds
Number of updated asset objects reloaded before import = 0
Number of asset objects unloaded after import = 0
========================================================================
Received Prepare
Caller must complete domain reload
Begin MonoManager ReloadAssembly
- Loaded All Assemblies, in  0.394 seconds
Native extension for WindowsStandalone target not found
Native extension for WebGL target not found
System.Exception: Error! Visual Scripting: couldn't find visual scripting package
  at Unity.VisualScripting.PackageVersionUtility.get_version () [0x00043] in .\Library\PackageCache\com.unity.visualscripting@1.9.4\Editor\VisualScripting.Core\Utilities\PackageVersionUtility.cs:31 
  at Unity.VisualScripting.BoltCoreManifest.get_version () [0x00000] in .\Library\PackageCache\com.unity.visualscripting@1.9.4\Editor\VisualScripting.Core\Plugin\BoltCoreManifest.cs:11 
  at Unity.VisualScripting.PluginManifest.get_currentVersion () [0x00000] in .\Library\PackageCache\com.unity.visualscripting@1.9.4\Editor\VisualScripting.Core\Plugins\PluginManifest.cs:33 
  at Unity.VisualScripting.PluginManifest.get_versionMismatch () [0x00000] in .\Library\PackageCache\com.unity.visualscripting@1.9.4\Editor\VisualScripting.Core\Plugins\PluginManifest.cs:48 
  at Unity.VisualScripting.PluginContainer.Initialize () [0x00525] in .\Library\PackageCache\com.unity.visualscripting@1.9.4\Editor\VisualScripting.Core\Plugins\PluginContainer.cs:208 
  at Unity.VisualScripting.PluginContainer.InitializeOnLoad () [0x00009] in .\Library\PackageCache\com.unity.visualscripting@1.9.4\Editor\VisualScripting.Core\Plugins\PluginContainer.cs:32 
  at Unity.VisualScripting.VSUsageUtility.DoInitializeOnLoadCalls () [0x00034] in .\Library\PackageCache\com.unity.visualscripting@1.9.4\Editor\VisualScripting.Core\Utilities\VSUsageUtility.cs:76 
  at Unity.VisualScripting.VSUsageUtility.set_isVisualScriptingUsed (System.Boolean value) [0x0002c] in .\Library\PackageCache\com.unity.visualscripting@1.9.4\Editor\VisualScripting.Core\Utilities\VSUsageUtility.cs:114 
  at Unity.VisualScripting.VSUsageUtility.CheckAndSetIsVisualScriptingUsed () [0x0000d] in .\Library\PackageCache\com.unity.visualscripting@1.9.4\Editor\VisualScripting.Core\Utilities\VSUsageUtility.cs:33 
  at Unity.VisualScripting.VSUsageUtility..cctor () [0x00000] in .\Library\PackageCache\com.unity.visualscripting@1.9.4\Editor\VisualScripting.Core\Utilities\VSUsageUtility.cs:22 
UnityEngine.StackTraceUtility:ExtractStackTrace ()
UnityEngine.DebugLogHandler:LogFormat (UnityEngine.LogType,UnityEngine.Object,string,object[])
UnityEngine.Logger:Log (UnityEngine.LogType,object)
UnityEngine.Debug:LogError (object)
UnityEditor.EditorAssemblies:ProcessInitializeOnLoadAttributes (System.Type[])

[Package Manager] Server::EnsureServerProcessIsRunning -- launch failed, reason: Unity was launched with the -noUpm command-line argument
[Package Manager] UpmClient::Send -- Unable to send message (not connected to UPM process).
[Package Manager] Cannot connect to Unity Package Manager local server
Mono: successfully reloaded assembly
- Finished resetting the current domain, in  1.072 seconds
Domain Reload Profiling: 1462ms
	BeginReloadAssembly (135ms)
		ExecutionOrderSort (0ms)
		DisableScriptedObjects (8ms)
		BackupInstance (0ms)
		ReleaseScriptingObjects (0ms)
		CreateAndSetChildDomain (30ms)
	RebuildCommonClasses (23ms)
	RebuildNativeTypeToScriptingClass (7ms)
	initialDomainReloadingComplete (26ms)
	LoadAllAssembliesAndSetupDomain (198ms)
		LoadAssemblies (239ms)
		RebuildTransferFunctionScriptingTraits (0ms)
		AnalyzeDomain (19ms)
			TypeCache.Refresh (7ms)
				TypeCache.ScanAssembly (1ms)
			ScanForSourceGeneratedMonoScriptInfo (7ms)
			ResolveRequiredComponents (4ms)
	FinalizeReload (1073ms)
		ReleaseScriptCaches (0ms)
		RebuildScriptCaches (0ms)
		SetupLoadedEditorAssemblies (464ms)
			LogAssemblyErrors (0ms)
			InitializePlatformSupportModulesInManaged (6ms)
			SetLoadedEditorAssemblies (2ms)
			RefreshPlugins (0ms)
			BeforeProcessingInitializeOnLoad (56ms)
			ProcessInitializeOnLoadAttributes (372ms)
			ProcessInitializeOnLoadMethodAttributes (21ms)
			AfterProcessingInitializeOnLoad (6ms)
			EditorAssembliesLoaded (0ms)
		ExecutionOrderSort2 (0ms)
		AwakeInstancesAfterBackupRestoration (9ms)
Refreshing native plugins compatible for Editor in 6.04 ms, found 4 plugins.
Preloading 0 native plugins for Editor in 0.00 ms.
Unloading 4062 Unused Serialized files (Serialized files now loaded: 0)
Unloading 25 unused Assets / (213.7 KB). Loaded Objects now: 4835.
Memory consumption went from 147.5 MB to 147.3 MB.
Total: 7.070000 ms (FindLiveObjects: 0.195400 ms CreateObjectMapping: 0.088500 ms MarkObjects: 6.651100 ms  DeleteObjects: 0.134100 ms)

Prepare: number of updated asset objects reloaded= 0
AssetImportParameters requested are different than current active one (requested -> active):
  custom:container-demuxer-ogg: 62fdf1f143b41e24485cea50d1cbac27 -> 
  custom:scripting/monoscript/fileName/text hitpoints.cs: d36093d1da3b739b778440323f6d28ae -> 
  custom:scripting/monoscript/fileName/enemyvalues.cs: 6d3759815fd7be00f9546723da6f552c -> b2871cba44f342a4684feb21ced01089
  custom:scripting/monoscript/fileName/playerhealth.cs: 627fa3622fd9609fbcb99df0f0e3ffd2 -> 
  custom:video-decoder-ogg-theora: a1e56fd34408186e4bbccfd4996cb3dc -> 
  custom:framework-win-MediaFoundation: 216162199b28c13a410421893ffa2e32 -> 
  custom:scripting/monoscript/fileName/health.cs: b1303998ffee75aadca64949bf0a2211 -> 
  custom:CustomObjectIndexerAttribute: 9a22284fe3817be447336de3de66b15e -> 
  custom:scripting/monoscript/fileName/playervalues.cs: b765fddbee80866c9f4d7e2bde69eaa4 -> fefad19e05659674120111df3ff930d2
  custom:container-demuxer-webm: 4f35f7cbe854078d1ac9338744f61a02 -> 
  custom:scripting/monoscript/fileName/Health.cs: 0e01c5d611b7e6f68d551fd8377c081b -> 
  custom:container-muxer-webm: aa71ff27fc2769a1b78a27578f13a17b -> 
  custom:video-decoder-webm-vp8: 9c59270c3fd7afecdb556c50c9e8de78 -> 
  custom:SearchIndexIgnoredProperties: e643bd26f0fe6173181afceb89e7c659 -> 
  custom:AudioImporter_EditorPlatform: d09bf68614088b80899f8185d706f6e7 -> 
  custom:video-encoder-webm-vp8: eb34c28f22e8b96e1ab97ce403110664 -> 
  custom:scripting/monoscript/fileName/player.cs: b1b0b99e0fbd8450a8ac2481988cbaeb -> 
  custom:scripting/monoscript/fileName/combatsystem.cs: 6cab728e1d8cac4dad7bf9e415b8112a -> 8872a57b1c80ec4a65fcbcdad3cdf073
  custom:audio-decoder-ogg-vorbis: bf7c407c2cedff20999df2af8eb42d56 -> 
  custom:scripting/monoscript/fileName/fill.cs: 8a130407ab27c51b3a1b3dbce120d7b8 -> 
  custom:scripting/monoscript/fileName/health system.cs: e0852ac835be5566af11b3affa17d44c -> 
  custom:audio-encoder-webm-vorbis: bf7c407c2cedff20999df2af8eb42d56 -> 
  custom:scripting/precompiled-assembly-types:Assembly-CSharp: fc6c06edcaf9647d67ea1d2a4938dcd4 -> db58d614c6af3664d2fa6bb6dd40fe47
========================================================================
Received Import Request.
  Time since last request: 5.899092 seconds.
  path: Assets/Canvas 1.prefab
  artifactKey: Guid(d79053b9fbd64f640b650318d34a15a7) Importer(815301076,1909f56bfc062723c751e8b465ee728b)
Start importing Assets/Canvas 1.prefab using Guid(d79053b9fbd64f640b650318d34a15a7) Importer(815301076,1909f56bfc062723c751e8b465ee728b) [PhysX] Initialized MultithreadedTaskDispatcher with 20 workers.
 -> (artifact id: 'ca540b187649443e36754a760b0a7883') in 0.002081 seconds
Number of updated asset objects reloaded before import = 0
Number of asset objects unloaded after import = 0
========================================================================
Received Prepare
Caller must complete domain reload
Begin MonoManager ReloadAssembly
- Loaded All Assemblies, in  0.351 seconds
Native extension for WindowsStandalone target not found
Native extension for WebGL target not found
System.Exception: Error! Visual Scripting: couldn't find visual scripting package
  at Unity.VisualScripting.PackageVersionUtility.get_version () [0x00043] in .\Library\PackageCache\com.unity.visualscripting@1.9.4\Editor\VisualScripting.Core\Utilities\PackageVersionUtility.cs:31 
  at Unity.VisualScripting.BoltCoreManifest.get_version () [0x00000] in .\Library\PackageCache\com.unity.visualscripting@1.9.4\Editor\VisualScripting.Core\Plugin\BoltCoreManifest.cs:11 
  at Unity.VisualScripting.PluginManifest.get_currentVersion () [0x00000] in .\Library\PackageCache\com.unity.visualscripting@1.9.4\Editor\VisualScripting.Core\Plugins\PluginManifest.cs:33 
  at Unity.VisualScripting.PluginManifest.get_versionMismatch () [0x00000] in .\Library\PackageCache\com.unity.visualscripting@1.9.4\Editor\VisualScripting.Core\Plugins\PluginManifest.cs:48 
  at Unity.VisualScripting.PluginContainer.Initialize () [0x00525] in .\Library\PackageCache\com.unity.visualscripting@1.9.4\Editor\VisualScripting.Core\Plugins\PluginContainer.cs:208 
  at Unity.VisualScripting.PluginContainer.InitializeOnLoad () [0x00009] in .\Library\PackageCache\com.unity.visualscripting@1.9.4\Editor\VisualScripting.Core\Plugins\PluginContainer.cs:32 
  at Unity.VisualScripting.VSUsageUtility.DoInitializeOnLoadCalls () [0x00034] in .\Library\PackageCache\com.unity.visualscripting@1.9.4\Editor\VisualScripting.Core\Utilities\VSUsageUtility.cs:76 
  at Unity.VisualScripting.VSUsageUtility.set_isVisualScriptingUsed (System.Boolean value) [0x0002c] in .\Library\PackageCache\com.unity.visualscripting@1.9.4\Editor\VisualScripting.Core\Utilities\VSUsageUtility.cs:114 
  at Unity.VisualScripting.VSUsageUtility.CheckAndSetIsVisualScriptingUsed () [0x0000d] in .\Library\PackageCache\com.unity.visualscripting@1.9.4\Editor\VisualScripting.Core\Utilities\VSUsageUtility.cs:33 
  at Unity.VisualScripting.VSUsageUtility..cctor () [0x00000] in .\Library\PackageCache\com.unity.visualscripting@1.9.4\Editor\VisualScripting.Core\Utilities\VSUsageUtility.cs:22 
UnityEngine.StackTraceUtility:ExtractStackTrace ()
UnityEngine.DebugLogHandler:LogFormat (UnityEngine.LogType,UnityEngine.Object,string,object[])
UnityEngine.Logger:Log (UnityEngine.LogType,object)
UnityEngine.Debug:LogError (object)
UnityEditor.EditorAssemblies:ProcessInitializeOnLoadAttributes (System.Type[])

[Package Manager] Server::EnsureServerProcessIsRunning -- launch failed, reason: Unity was launched with the -noUpm command-line argument
[Package Manager] UpmClient::Send -- Unable to send message (not connected to UPM process).
[Package Manager] Cannot connect to Unity Package Manager local server
Mono: successfully reloaded assembly
- Finished resetting the current domain, in  1.048 seconds
Domain Reload Profiling: 1394ms
	BeginReloadAssembly (129ms)
		ExecutionOrderSort (0ms)
		DisableScriptedObjects (7ms)
		BackupInstance (0ms)
		ReleaseScriptingObjects (0ms)
		CreateAndSetChildDomain (26ms)
	RebuildCommonClasses (23ms)
	RebuildNativeTypeToScriptingClass (7ms)
	initialDomainReloadingComplete (23ms)
	LoadAllAssembliesAndSetupDomain (164ms)
		LoadAssemblies (212ms)
		RebuildTransferFunctionScriptingTraits (0ms)
		AnalyzeDomain (9ms)
			TypeCache.Refresh (4ms)
				TypeCache.ScanAssembly (0ms)
			ScanForSourceGeneratedMonoScriptInfo (0ms)
			ResolveRequiredComponents (4ms)
	FinalizeReload (1048ms)
		ReleaseScriptCaches (0ms)
		RebuildScriptCaches (0ms)
		SetupLoadedEditorAssemblies (469ms)
			LogAssemblyErrors (0ms)
			InitializePlatformSupportModulesInManaged (6ms)
			SetLoadedEditorAssemblies (2ms)
			RefreshPlugins (0ms)
			BeforeProcessingInitializeOnLoad (58ms)
			ProcessInitializeOnLoadAttributes (373ms)
			ProcessInitializeOnLoadMethodAttributes (22ms)
			AfterProcessingInitializeOnLoad (7ms)
			EditorAssembliesLoaded (0ms)
		ExecutionOrderSort2 (0ms)
		AwakeInstancesAfterBackupRestoration (8ms)
Refreshing native plugins compatible for Editor in 5.09 ms, found 4 plugins.
Preloading 0 native plugins for Editor in 0.00 ms.
Unloading 4062 Unused Serialized files (Serialized files now loaded: 0)
Unloading 25 unused Assets / (213.6 KB). Loaded Objects now: 4840.
Memory consumption went from 147.5 MB to 147.3 MB.
Total: 7.356700 ms (FindLiveObjects: 0.198700 ms CreateObjectMapping: 0.093200 ms MarkObjects: 6.936200 ms  DeleteObjects: 0.127300 ms)

Prepare: number of updated asset objects reloaded= 0
AssetImportParameters requested are different than current active one (requested -> active):
  custom:container-demuxer-ogg: 62fdf1f143b41e24485cea50d1cbac27 -> 
  custom:scripting/monoscript/fileName/text hitpoints.cs: d36093d1da3b739b778440323f6d28ae -> 
  custom:scripting/monoscript/fileName/enemyvalues.cs: 6d3759815fd7be00f9546723da6f552c -> b2871cba44f342a4684feb21ced01089
  custom:scripting/monoscript/fileName/playerhealth.cs: 627fa3622fd9609fbcb99df0f0e3ffd2 -> 
  custom:video-decoder-ogg-theora: a1e56fd34408186e4bbccfd4996cb3dc -> 
  custom:framework-win-MediaFoundation: 216162199b28c13a410421893ffa2e32 -> 
  custom:scripting/monoscript/fileName/health.cs: b1303998ffee75aadca64949bf0a2211 -> 
  custom:CustomObjectIndexerAttribute: 9a22284fe3817be447336de3de66b15e -> 
  custom:scripting/monoscript/fileName/playervalues.cs: b765fddbee80866c9f4d7e2bde69eaa4 -> fefad19e05659674120111df3ff930d2
  custom:container-demuxer-webm: 4f35f7cbe854078d1ac9338744f61a02 -> 
  custom:scripting/monoscript/fileName/Health.cs: 0e01c5d611b7e6f68d551fd8377c081b -> 
  custom:container-muxer-webm: aa71ff27fc2769a1b78a27578f13a17b -> 
  custom:video-decoder-webm-vp8: 9c59270c3fd7afecdb556c50c9e8de78 -> 
  custom:SearchIndexIgnoredProperties: e643bd26f0fe6173181afceb89e7c659 -> 
  custom:AudioImporter_EditorPlatform: d09bf68614088b80899f8185d706f6e7 -> 
  custom:video-encoder-webm-vp8: eb34c28f22e8b96e1ab97ce403110664 -> 
  custom:scripting/monoscript/fileName/player.cs: b1b0b99e0fbd8450a8ac2481988cbaeb -> 
  custom:scripting/monoscript/fileName/combatsystem.cs: 6cab728e1d8cac4dad7bf9e415b8112a -> 8872a57b1c80ec4a65fcbcdad3cdf073
  custom:audio-decoder-ogg-vorbis: bf7c407c2cedff20999df2af8eb42d56 -> 
  custom:scripting/monoscript/fileName/fill.cs: 8a130407ab27c51b3a1b3dbce120d7b8 -> 
  custom:scripting/monoscript/fileName/health system.cs: e0852ac835be5566af11b3affa17d44c -> 
  custom:audio-encoder-webm-vorbis: bf7c407c2cedff20999df2af8eb42d56 -> 
  custom:scripting/precompiled-assembly-types:Assembly-CSharp: fc6c06edcaf9647d67ea1d2a4938dcd4 -> db58d614c6af3664d2fa6bb6dd40fe47
========================================================================
Received Import Request.
  Time since last request: 85.077937 seconds.
  path: Assets/Canvas.prefab
  artifactKey: Guid(c75dd81818cb6e345b77220268a12d12) Importer(815301076,1909f56bfc062723c751e8b465ee728b)
Start importing Assets/Canvas.prefab using Guid(c75dd81818cb6e345b77220268a12d12) Importer(815301076,1909f56bfc062723c751e8b465ee728b) [PhysX] Initialized MultithreadedTaskDispatcher with 20 workers.
 -> (artifact id: '7c73e364a178e172800b36445a5e1d81') in 0.001991 seconds
Number of updated asset objects reloaded before import = 0
Number of asset objects unloaded after import = 0
========================================================================
Received Prepare
Caller must complete domain reload
Begin MonoManager ReloadAssembly
- Loaded All Assemblies, in  0.400 seconds
Native extension for WindowsStandalone target not found
Native extension for WebGL target not found
System.Exception: Error! Visual Scripting: couldn't find visual scripting package
  at Unity.VisualScripting.PackageVersionUtility.get_version () [0x00043] in .\Library\PackageCache\com.unity.visualscripting@1.9.4\Editor\VisualScripting.Core\Utilities\PackageVersionUtility.cs:31 
  at Unity.VisualScripting.BoltCoreManifest.get_version () [0x00000] in .\Library\PackageCache\com.unity.visualscripting@1.9.4\Editor\VisualScripting.Core\Plugin\BoltCoreManifest.cs:11 
  at Unity.VisualScripting.PluginManifest.get_currentVersion () [0x00000] in .\Library\PackageCache\com.unity.visualscripting@1.9.4\Editor\VisualScripting.Core\Plugins\PluginManifest.cs:33 
  at Unity.VisualScripting.PluginManifest.get_versionMismatch () [0x00000] in .\Library\PackageCache\com.unity.visualscripting@1.9.4\Editor\VisualScripting.Core\Plugins\PluginManifest.cs:48 
  at Unity.VisualScripting.PluginContainer.Initialize () [0x00525] in .\Library\PackageCache\com.unity.visualscripting@1.9.4\Editor\VisualScripting.Core\Plugins\PluginContainer.cs:208 
  at Unity.VisualScripting.PluginContainer.InitializeOnLoad () [0x00009] in .\Library\PackageCache\com.unity.visualscripting@1.9.4\Editor\VisualScripting.Core\Plugins\PluginContainer.cs:32 
  at Unity.VisualScripting.VSUsageUtility.DoInitializeOnLoadCalls () [0x00034] in .\Library\PackageCache\com.unity.visualscripting@1.9.4\Editor\VisualScripting.Core\Utilities\VSUsageUtility.cs:76 
  at Unity.VisualScripting.VSUsageUtility.set_isVisualScriptingUsed (System.Boolean value) [0x0002c] in .\Library\PackageCache\com.unity.visualscripting@1.9.4\Editor\VisualScripting.Core\Utilities\VSUsageUtility.cs:114 
  at Unity.VisualScripting.VSUsageUtility.CheckAndSetIsVisualScriptingUsed () [0x0000d] in .\Library\PackageCache\com.unity.visualscripting@1.9.4\Editor\VisualScripting.Core\Utilities\VSUsageUtility.cs:33 
  at Unity.VisualScripting.VSUsageUtility..cctor () [0x00000] in .\Library\PackageCache\com.unity.visualscripting@1.9.4\Editor\VisualScripting.Core\Utilities\VSUsageUtility.cs:22 
UnityEngine.StackTraceUtility:ExtractStackTrace ()
UnityEngine.DebugLogHandler:LogFormat (UnityEngine.LogType,UnityEngine.Object,string,object[])
UnityEngine.Logger:Log (UnityEngine.LogType,object)
UnityEngine.Debug:LogError (object)
UnityEditor.EditorAssemblies:ProcessInitializeOnLoadAttributes (System.Type[])

[Package Manager] Server::EnsureServerProcessIsRunning -- launch failed, reason: Unity was launched with the -noUpm command-line argument
[Package Manager] UpmClient::Send -- Unable to send message (not connected to UPM process).
[Package Manager] Cannot connect to Unity Package Manager local server
Mono: successfully reloaded assembly
- Finished resetting the current domain, in  1.030 seconds
Domain Reload Profiling: 1426ms
	BeginReloadAssembly (133ms)
		ExecutionOrderSort (0ms)
		DisableScriptedObjects (7ms)
		BackupInstance (0ms)
		ReleaseScriptingObjects (0ms)
		CreateAndSetChildDomain (30ms)
	RebuildCommonClasses (22ms)
	RebuildNativeTypeToScriptingClass (7ms)
	initialDomainReloadingComplete (26ms)
	LoadAllAssembliesAndSetupDomain (208ms)
		LoadAssemblies (243ms)
		RebuildTransferFunctionScriptingTraits (0ms)
		AnalyzeDomain (24ms)
			TypeCache.Refresh (7ms)
				TypeCache.ScanAssembly (0ms)
			ScanForSourceGeneratedMonoScriptInfo (10ms)
			ResolveRequiredComponents (5ms)
	FinalizeReload (1030ms)
		ReleaseScriptCaches (0ms)
		RebuildScriptCaches (0ms)
		SetupLoadedEditorAssemblies (459ms)
			LogAssemblyErrors (0ms)
			InitializePlatformSupportModulesInManaged (6ms)
			SetLoadedEditorAssemblies (2ms)
			RefreshPlugins (0ms)
			BeforeProcessingInitializeOnLoad (57ms)
			ProcessInitializeOnLoadAttributes (364ms)
			ProcessInitializeOnLoadMethodAttributes (23ms)
			AfterProcessingInitializeOnLoad (7ms)
			EditorAssembliesLoaded (0ms)
		ExecutionOrderSort2 (0ms)
		AwakeInstancesAfterBackupRestoration (8ms)
Refreshing native plugins compatible for Editor in 6.64 ms, found 4 plugins.
Preloading 0 native plugins for Editor in 0.00 ms.
Unloading 4062 Unused Serialized files (Serialized files now loaded: 0)
Unloading 25 unused Assets / (215.7 KB). Loaded Objects now: 4845.
Memory consumption went from 147.5 MB to 147.3 MB.
Total: 7.009200 ms (FindLiveObjects: 0.193100 ms CreateObjectMapping: 0.090100 ms MarkObjects: 6.584800 ms  DeleteObjects: 0.140300 ms)

Prepare: number of updated asset objects reloaded= 0
AssetImportParameters requested are different than current active one (requested -> active):
  custom:container-demuxer-ogg: 62fdf1f143b41e24485cea50d1cbac27 -> 
  custom:scripting/monoscript/fileName/text hitpoints.cs: d36093d1da3b739b778440323f6d28ae -> 
  custom:scripting/monoscript/fileName/enemyvalues.cs: 6d3759815fd7be00f9546723da6f552c -> b2871cba44f342a4684feb21ced01089
  custom:scripting/monoscript/fileName/playerhealth.cs: 627fa3622fd9609fbcb99df0f0e3ffd2 -> 
  custom:video-decoder-ogg-theora: a1e56fd34408186e4bbccfd4996cb3dc -> 
  custom:framework-win-MediaFoundation: 216162199b28c13a410421893ffa2e32 -> 
  custom:scripting/monoscript/fileName/health.cs: b1303998ffee75aadca64949bf0a2211 -> 
  custom:CustomObjectIndexerAttribute: 9a22284fe3817be447336de3de66b15e -> 
  custom:scripting/monoscript/fileName/playervalues.cs: b765fddbee80866c9f4d7e2bde69eaa4 -> fefad19e05659674120111df3ff930d2
  custom:container-demuxer-webm: 4f35f7cbe854078d1ac9338744f61a02 -> 
  custom:scripting/monoscript/fileName/Health.cs: 0e01c5d611b7e6f68d551fd8377c081b -> 
  custom:container-muxer-webm: aa71ff27fc2769a1b78a27578f13a17b -> 
  custom:video-decoder-webm-vp8: 9c59270c3fd7afecdb556c50c9e8de78 -> 
  custom:SearchIndexIgnoredProperties: e643bd26f0fe6173181afceb89e7c659 -> 
  custom:AudioImporter_EditorPlatform: d09bf68614088b80899f8185d706f6e7 -> 
  custom:video-encoder-webm-vp8: eb34c28f22e8b96e1ab97ce403110664 -> 
  custom:scripting/monoscript/fileName/player.cs: b1b0b99e0fbd8450a8ac2481988cbaeb -> 
  custom:scripting/monoscript/fileName/combatsystem.cs: 6cab728e1d8cac4dad7bf9e415b8112a -> 8872a57b1c80ec4a65fcbcdad3cdf073
  custom:audio-decoder-ogg-vorbis: bf7c407c2cedff20999df2af8eb42d56 -> 
  custom:scripting/monoscript/fileName/fill.cs: 8a130407ab27c51b3a1b3dbce120d7b8 -> 
  custom:scripting/monoscript/fileName/health system.cs: e0852ac835be5566af11b3affa17d44c -> 
  custom:audio-encoder-webm-vorbis: bf7c407c2cedff20999df2af8eb42d56 -> 
  custom:scripting/precompiled-assembly-types:Assembly-CSharp: fc6c06edcaf9647d67ea1d2a4938dcd4 -> db58d614c6af3664d2fa6bb6dd40fe47
========================================================================
Received Prepare
Caller must complete domain reload
Begin MonoManager ReloadAssembly
- Loaded All Assemblies, in  0.364 seconds
Native extension for WindowsStandalone target not found
Native extension for WebGL target not found
System.Exception: Error! Visual Scripting: couldn't find visual scripting package
  at Unity.VisualScripting.PackageVersionUtility.get_version () [0x00043] in .\Library\PackageCache\com.unity.visualscripting@1.9.4\Editor\VisualScripting.Core\Utilities\PackageVersionUtility.cs:31 
  at Unity.VisualScripting.BoltCoreManifest.get_version () [0x00000] in .\Library\PackageCache\com.unity.visualscripting@1.9.4\Editor\VisualScripting.Core\Plugin\BoltCoreManifest.cs:11 
  at Unity.VisualScripting.PluginManifest.get_currentVersion () [0x00000] in .\Library\PackageCache\com.unity.visualscripting@1.9.4\Editor\VisualScripting.Core\Plugins\PluginManifest.cs:33 
  at Unity.VisualScripting.PluginManifest.get_versionMismatch () [0x00000] in .\Library\PackageCache\com.unity.visualscripting@1.9.4\Editor\VisualScripting.Core\Plugins\PluginManifest.cs:48 
  at Unity.VisualScripting.PluginContainer.Initialize () [0x00525] in .\Library\PackageCache\com.unity.visualscripting@1.9.4\Editor\VisualScripting.Core\Plugins\PluginContainer.cs:208 
  at Unity.VisualScripting.PluginContainer.InitializeOnLoad () [0x00009] in .\Library\PackageCache\com.unity.visualscripting@1.9.4\Editor\VisualScripting.Core\Plugins\PluginContainer.cs:32 
  at Unity.VisualScripting.VSUsageUtility.DoInitializeOnLoadCalls () [0x00034] in .\Library\PackageCache\com.unity.visualscripting@1.9.4\Editor\VisualScripting.Core\Utilities\VSUsageUtility.cs:76 
  at Unity.VisualScripting.VSUsageUtility.set_isVisualScriptingUsed (System.Boolean value) [0x0002c] in .\Library\PackageCache\com.unity.visualscripting@1.9.4\Editor\VisualScripting.Core\Utilities\VSUsageUtility.cs:114 
  at Unity.VisualScripting.VSUsageUtility.CheckAndSetIsVisualScriptingUsed () [0x0000d] in .\Library\PackageCache\com.unity.visualscripting@1.9.4\Editor\VisualScripting.Core\Utilities\VSUsageUtility.cs:33 
  at Unity.VisualScripting.VSUsageUtility..cctor () [0x00000] in .\Library\PackageCache\com.unity.visualscripting@1.9.4\Editor\VisualScripting.Core\Utilities\VSUsageUtility.cs:22 
UnityEngine.StackTraceUtility:ExtractStackTrace ()
UnityEngine.DebugLogHandler:LogFormat (UnityEngine.LogType,UnityEngine.Object,string,object[])
UnityEngine.Logger:Log (UnityEngine.LogType,object)
UnityEngine.Debug:LogError (object)
UnityEditor.EditorAssemblies:ProcessInitializeOnLoadAttributes (System.Type[])

[Package Manager] Server::EnsureServerProcessIsRunning -- launch failed, reason: Unity was launched with the -noUpm command-line argument
[Package Manager] UpmClient::Send -- Unable to send message (not connected to UPM process).
[Package Manager] Cannot connect to Unity Package Manager local server
Mono: successfully reloaded assembly
- Finished resetting the current domain, in  1.050 seconds
Domain Reload Profiling: 1409ms
	BeginReloadAssembly (130ms)
		ExecutionOrderSort (0ms)
		DisableScriptedObjects (7ms)
		BackupInstance (0ms)
		ReleaseScriptingObjects (0ms)
		CreateAndSetChildDomain (27ms)
	RebuildCommonClasses (22ms)
	RebuildNativeTypeToScriptingClass (7ms)
	initialDomainReloadingComplete (23ms)
	LoadAllAssembliesAndSetupDomain (178ms)
		LoadAssemblies (227ms)
		RebuildTransferFunctionScriptingTraits (0ms)
		AnalyzeDomain (10ms)
			TypeCache.Refresh (5ms)
				TypeCache.ScanAssembly (0ms)
			ScanForSourceGeneratedMonoScriptInfo (0ms)
			ResolveRequiredComponents (4ms)
	FinalizeReload (1050ms)
		ReleaseScriptCaches (0ms)
		RebuildScriptCaches (0ms)
		SetupLoadedEditorAssemblies (448ms)
			LogAssemblyErrors (0ms)
			InitializePlatformSupportModulesInManaged (5ms)
			SetLoadedEditorAssemblies (2ms)
			RefreshPlugins (0ms)
			BeforeProcessingInitializeOnLoad (58ms)
			ProcessInitializeOnLoadAttributes (352ms)
			ProcessInitializeOnLoadMethodAttributes (23ms)
			AfterProcessingInitializeOnLoad (7ms)
			EditorAssembliesLoaded (0ms)
		ExecutionOrderSort2 (0ms)
		AwakeInstancesAfterBackupRestoration (10ms)
Refreshing native plugins compatible for Editor in 9.58 ms, found 4 plugins.
Preloading 0 native plugins for Editor in 0.00 ms.
Unloading 4063 Unused Serialized files (Serialized files now loaded: 0)
Unloading 25 unused Assets / (213.8 KB). Loaded Objects now: 4850.
Memory consumption went from 147.8 MB to 147.6 MB.
Total: 7.890400 ms (FindLiveObjects: 0.222300 ms CreateObjectMapping: 0.205400 ms MarkObjects: 7.321000 ms  DeleteObjects: 0.140500 ms)

Prepare: number of updated asset objects reloaded= 0
AssetImportParameters requested are different than current active one (requested -> active):
  custom:container-demuxer-ogg: 62fdf1f143b41e24485cea50d1cbac27 -> 
  custom:scripting/monoscript/fileName/text hitpoints.cs: d36093d1da3b739b778440323f6d28ae -> 
  custom:scripting/monoscript/fileName/enemyvalues.cs: 6d3759815fd7be00f9546723da6f552c -> b2871cba44f342a4684feb21ced01089
  custom:scripting/monoscript/fileName/playerhealth.cs: 627fa3622fd9609fbcb99df0f0e3ffd2 -> 
  custom:video-decoder-ogg-theora: a1e56fd34408186e4bbccfd4996cb3dc -> 
  custom:framework-win-MediaFoundation: 216162199b28c13a410421893ffa2e32 -> 
  custom:scripting/monoscript/fileName/health.cs: b1303998ffee75aadca64949bf0a2211 -> 
  custom:CustomObjectIndexerAttribute: 9a22284fe3817be447336de3de66b15e -> 
  custom:scripting/monoscript/fileName/playervalues.cs: b765fddbee80866c9f4d7e2bde69eaa4 -> fefad19e05659674120111df3ff930d2
  custom:container-demuxer-webm: 4f35f7cbe854078d1ac9338744f61a02 -> 
  custom:scripting/monoscript/fileName/Health.cs: 0e01c5d611b7e6f68d551fd8377c081b -> 
  custom:container-muxer-webm: aa71ff27fc2769a1b78a27578f13a17b -> 
  custom:video-decoder-webm-vp8: 9c59270c3fd7afecdb556c50c9e8de78 -> 
  custom:SearchIndexIgnoredProperties: e643bd26f0fe6173181afceb89e7c659 -> 
  custom:AudioImporter_EditorPlatform: d09bf68614088b80899f8185d706f6e7 -> 
  custom:video-encoder-webm-vp8: eb34c28f22e8b96e1ab97ce403110664 -> 
  custom:scripting/monoscript/fileName/player.cs: b1b0b99e0fbd8450a8ac2481988cbaeb -> 
  custom:scripting/monoscript/fileName/combatsystem.cs: 6cab728e1d8cac4dad7bf9e415b8112a -> 8872a57b1c80ec4a65fcbcdad3cdf073
  custom:audio-decoder-ogg-vorbis: bf7c407c2cedff20999df2af8eb42d56 -> 
  custom:scripting/monoscript/fileName/fill.cs: 8a130407ab27c51b3a1b3dbce120d7b8 -> 
  custom:scripting/monoscript/fileName/health system.cs: e0852ac835be5566af11b3affa17d44c -> 
  custom:audio-encoder-webm-vorbis: bf7c407c2cedff20999df2af8eb42d56 -> 
  custom:scripting/precompiled-assembly-types:Assembly-CSharp: fc6c06edcaf9647d67ea1d2a4938dcd4 -> db58d614c6af3664d2fa6bb6dd40fe47
========================================================================
Received Import Request.
  Time since last request: 23.925667 seconds.
  path: Assets/Canvas.prefab
  artifactKey: Guid(c75dd81818cb6e345b77220268a12d12) Importer(815301076,1909f56bfc062723c751e8b465ee728b)
Start importing Assets/Canvas.prefab using Guid(c75dd81818cb6e345b77220268a12d12) Importer(815301076,1909f56bfc062723c751e8b465ee728b) [PhysX] Initialized MultithreadedTaskDispatcher with 20 workers.
 -> (artifact id: '7c73e364a178e172800b36445a5e1d81') in 0.002603 seconds
Number of updated asset objects reloaded before import = 0
Number of asset objects unloaded after import = 0
========================================================================
Received Import Request.
  Time since last request: 83.797515 seconds.
  path: Assets/Canvas.prefab
  artifactKey: Guid(c75dd81818cb6e345b77220268a12d12) Importer(815301076,1909f56bfc062723c751e8b465ee728b)
Start importing Assets/Canvas.prefab using Guid(c75dd81818cb6e345b77220268a12d12) Importer(815301076,1909f56bfc062723c751e8b465ee728b) [PhysX] Initialized MultithreadedTaskDispatcher with 20 workers.
 -> (artifact id: '7c73e364a178e172800b36445a5e1d81') in 0.000543 seconds
Number of updated asset objects reloaded before import = 0
Number of asset objects unloaded after import = 0
========================================================================
Received Prepare
Caller must complete domain reload
Begin MonoManager ReloadAssembly
- Loaded All Assemblies, in  0.797 seconds
Native extension for WindowsStandalone target not found
Native extension for WebGL target not found
System.Exception: Error! Visual Scripting: couldn't find visual scripting package
  at Unity.VisualScripting.PackageVersionUtility.get_version () [0x00043] in .\Library\PackageCache\com.unity.visualscripting@1.9.4\Editor\VisualScripting.Core\Utilities\PackageVersionUtility.cs:31 
  at Unity.VisualScripting.BoltCoreManifest.get_version () [0x00000] in .\Library\PackageCache\com.unity.visualscripting@1.9.4\Editor\VisualScripting.Core\Plugin\BoltCoreManifest.cs:11 
  at Unity.VisualScripting.PluginManifest.get_currentVersion () [0x00000] in .\Library\PackageCache\com.unity.visualscripting@1.9.4\Editor\VisualScripting.Core\Plugins\PluginManifest.cs:33 
  at Unity.VisualScripting.PluginManifest.get_versionMismatch () [0x00000] in .\Library\PackageCache\com.unity.visualscripting@1.9.4\Editor\VisualScripting.Core\Plugins\PluginManifest.cs:48 
  at Unity.VisualScripting.PluginContainer.Initialize () [0x00525] in .\Library\PackageCache\com.unity.visualscripting@1.9.4\Editor\VisualScripting.Core\Plugins\PluginContainer.cs:208 
  at Unity.VisualScripting.PluginContainer.InitializeOnLoad () [0x00009] in .\Library\PackageCache\com.unity.visualscripting@1.9.4\Editor\VisualScripting.Core\Plugins\PluginContainer.cs:32 
  at Unity.VisualScripting.VSUsageUtility.DoInitializeOnLoadCalls () [0x00034] in .\Library\PackageCache\com.unity.visualscripting@1.9.4\Editor\VisualScripting.Core\Utilities\VSUsageUtility.cs:76 
  at Unity.VisualScripting.VSUsageUtility.set_isVisualScriptingUsed (System.Boolean value) [0x0002c] in .\Library\PackageCache\com.unity.visualscripting@1.9.4\Editor\VisualScripting.Core\Utilities\VSUsageUtility.cs:114 
  at Unity.VisualScripting.VSUsageUtility.CheckAndSetIsVisualScriptingUsed () [0x0000d] in .\Library\PackageCache\com.unity.visualscripting@1.9.4\Editor\VisualScripting.Core\Utilities\VSUsageUtility.cs:33 
  at Unity.VisualScripting.VSUsageUtility..cctor () [0x00000] in .\Library\PackageCache\com.unity.visualscripting@1.9.4\Editor\VisualScripting.Core\Utilities\VSUsageUtility.cs:22 
UnityEngine.StackTraceUtility:ExtractStackTrace ()
UnityEngine.DebugLogHandler:LogFormat (UnityEngine.LogType,UnityEngine.Object,string,object[])
UnityEngine.Logger:Log (UnityEngine.LogType,object)
UnityEngine.Debug:LogError (object)
UnityEditor.EditorAssemblies:ProcessInitializeOnLoadAttributes (System.Type[])

[Package Manager] Server::EnsureServerProcessIsRunning -- launch failed, reason: Unity was launched with the -noUpm command-line argument
[Package Manager] UpmClient::Send -- Unable to send message (not connected to UPM process).
[Package Manager] Cannot connect to Unity Package Manager local server
Mono: successfully reloaded assembly
- Finished resetting the current domain, in  1.590 seconds
Domain Reload Profiling: 2378ms
	BeginReloadAssembly (212ms)
		ExecutionOrderSort (0ms)
		DisableScriptedObjects (15ms)
		BackupInstance (0ms)
		ReleaseScriptingObjects (0ms)
		CreateAndSetChildDomain (39ms)
	RebuildCommonClasses (37ms)
	RebuildNativeTypeToScriptingClass (14ms)
	initialDomainReloadingComplete (50ms)
	LoadAllAssembliesAndSetupDomain (475ms)
		LoadAssemblies (547ms)
		RebuildTransferFunctionScriptingTraits (0ms)
		AnalyzeDomain (34ms)
			TypeCache.Refresh (12ms)
				TypeCache.ScanAssembly (1ms)
			ScanForSourceGeneratedMonoScriptInfo (13ms)
			ResolveRequiredComponents (8ms)
	FinalizeReload (1590ms)
		ReleaseScriptCaches (0ms)
		RebuildScriptCaches (0ms)
		SetupLoadedEditorAssemblies (449ms)
			LogAssemblyErrors (0ms)
			InitializePlatformSupportModulesInManaged (5ms)
			SetLoadedEditorAssemblies (4ms)
			RefreshPlugins (0ms)
			BeforeProcessingInitializeOnLoad (53ms)
			ProcessInitializeOnLoadAttributes (354ms)
			ProcessInitializeOnLoadMethodAttributes (25ms)
			AfterProcessingInitializeOnLoad (7ms)
			EditorAssembliesLoaded (0ms)
		ExecutionOrderSort2 (0ms)
		AwakeInstancesAfterBackupRestoration (9ms)
Refreshing native plugins compatible for Editor in 5.24 ms, found 4 plugins.
Preloading 0 native plugins for Editor in 0.00 ms.
Unloading 4062 Unused Serialized files (Serialized files now loaded: 0)
Unloading 25 unused Assets / (213.7 KB). Loaded Objects now: 4855.
Memory consumption went from 147.5 MB to 147.3 MB.
Total: 9.705300 ms (FindLiveObjects: 0.454400 ms CreateObjectMapping: 0.161100 ms MarkObjects: 8.948800 ms  DeleteObjects: 0.139700 ms)

Prepare: number of updated asset objects reloaded= 0
AssetImportParameters requested are different than current active one (requested -> active):
  custom:container-demuxer-ogg: 62fdf1f143b41e24485cea50d1cbac27 -> 
  custom:scripting/monoscript/fileName/text hitpoints.cs: d36093d1da3b739b778440323f6d28ae -> 
  custom:scripting/monoscript/fileName/enemyvalues.cs: 6d3759815fd7be00f9546723da6f552c -> b2871cba44f342a4684feb21ced01089
  custom:scripting/monoscript/fileName/playerhealth.cs: 627fa3622fd9609fbcb99df0f0e3ffd2 -> 
  custom:video-decoder-ogg-theora: a1e56fd34408186e4bbccfd4996cb3dc -> 
  custom:framework-win-MediaFoundation: 216162199b28c13a410421893ffa2e32 -> 
  custom:scripting/monoscript/fileName/health.cs: b1303998ffee75aadca64949bf0a2211 -> 
  custom:CustomObjectIndexerAttribute: 9a22284fe3817be447336de3de66b15e -> 
  custom:scripting/monoscript/fileName/playervalues.cs: b765fddbee80866c9f4d7e2bde69eaa4 -> fefad19e05659674120111df3ff930d2
  custom:container-demuxer-webm: 4f35f7cbe854078d1ac9338744f61a02 -> 
  custom:scripting/monoscript/fileName/Health.cs: 0e01c5d611b7e6f68d551fd8377c081b -> 
  custom:container-muxer-webm: aa71ff27fc2769a1b78a27578f13a17b -> 
  custom:video-decoder-webm-vp8: 9c59270c3fd7afecdb556c50c9e8de78 -> 
  custom:SearchIndexIgnoredProperties: e643bd26f0fe6173181afceb89e7c659 -> 
  custom:AudioImporter_EditorPlatform: d09bf68614088b80899f8185d706f6e7 -> 
  custom:video-encoder-webm-vp8: eb34c28f22e8b96e1ab97ce403110664 -> 
  custom:scripting/monoscript/fileName/player.cs: b1b0b99e0fbd8450a8ac2481988cbaeb -> 
  custom:scripting/monoscript/fileName/combatsystem.cs: 6cab728e1d8cac4dad7bf9e415b8112a -> 8872a57b1c80ec4a65fcbcdad3cdf073
  custom:audio-decoder-ogg-vorbis: bf7c407c2cedff20999df2af8eb42d56 -> 
  custom:scripting/monoscript/fileName/fill.cs: 8a130407ab27c51b3a1b3dbce120d7b8 -> 
  custom:scripting/monoscript/fileName/health system.cs: e0852ac835be5566af11b3affa17d44c -> 
  custom:audio-encoder-webm-vorbis: bf7c407c2cedff20999df2af8eb42d56 -> 
  custom:scripting/precompiled-assembly-types:Assembly-CSharp: fc6c06edcaf9647d67ea1d2a4938dcd4 -> db58d614c6af3664d2fa6bb6dd40fe47
========================================================================
Received Import Request.
  Time since last request: 7.038899 seconds.
  path: Assets/Canvas.prefab
  artifactKey: Guid(c75dd81818cb6e345b77220268a12d12) Importer(815301076,1909f56bfc062723c751e8b465ee728b)
Start importing Assets/Canvas.prefab using Guid(c75dd81818cb6e345b77220268a12d12) Importer(815301076,1909f56bfc062723c751e8b465ee728b) [PhysX] Initialized MultithreadedTaskDispatcher with 20 workers.
 -> (artifact id: '7c73e364a178e172800b36445a5e1d81') in 0.001722 seconds
Number of updated asset objects reloaded before import = 0
Number of asset objects unloaded after import = 0
========================================================================
Received Import Request.
  Time since last request: 0.000021 seconds.
  path: Assets/Canvas 1.prefab
  artifactKey: Guid(d79053b9fbd64f640b650318d34a15a7) Importer(815301076,1909f56bfc062723c751e8b465ee728b)
Start importing Assets/Canvas 1.prefab using Guid(d79053b9fbd64f640b650318d34a15a7) Importer(815301076,1909f56bfc062723c751e8b465ee728b) [PhysX] Initialized MultithreadedTaskDispatcher with 20 workers.
 -> (artifact id: 'ca540b187649443e36754a760b0a7883') in 0.000561 seconds
Number of updated asset objects reloaded before import = 0
Number of asset objects unloaded after import = 0
========================================================================
Received Prepare
Caller must complete domain reload
Begin MonoManager ReloadAssembly
- Loaded All Assemblies, in  0.654 seconds
Native extension for WindowsStandalone target not found
Native extension for WebGL target not found
System.Exception: Error! Visual Scripting: couldn't find visual scripting package
  at Unity.VisualScripting.PackageVersionUtility.get_version () [0x00043] in .\Library\PackageCache\com.unity.visualscripting@1.9.4\Editor\VisualScripting.Core\Utilities\PackageVersionUtility.cs:31 
  at Unity.VisualScripting.BoltCoreManifest.get_version () [0x00000] in .\Library\PackageCache\com.unity.visualscripting@1.9.4\Editor\VisualScripting.Core\Plugin\BoltCoreManifest.cs:11 
  at Unity.VisualScripting.PluginManifest.get_currentVersion () [0x00000] in .\Library\PackageCache\com.unity.visualscripting@1.9.4\Editor\VisualScripting.Core\Plugins\PluginManifest.cs:33 
  at Unity.VisualScripting.PluginManifest.get_versionMismatch () [0x00000] in .\Library\PackageCache\com.unity.visualscripting@1.9.4\Editor\VisualScripting.Core\Plugins\PluginManifest.cs:48 
  at Unity.VisualScripting.PluginContainer.Initialize () [0x00525] in .\Library\PackageCache\com.unity.visualscripting@1.9.4\Editor\VisualScripting.Core\Plugins\PluginContainer.cs:208 
  at Unity.VisualScripting.PluginContainer.InitializeOnLoad () [0x00009] in .\Library\PackageCache\com.unity.visualscripting@1.9.4\Editor\VisualScripting.Core\Plugins\PluginContainer.cs:32 
  at Unity.VisualScripting.VSUsageUtility.DoInitializeOnLoadCalls () [0x00034] in .\Library\PackageCache\com.unity.visualscripting@1.9.4\Editor\VisualScripting.Core\Utilities\VSUsageUtility.cs:76 
  at Unity.VisualScripting.VSUsageUtility.set_isVisualScriptingUsed (System.Boolean value) [0x0002c] in .\Library\PackageCache\com.unity.visualscripting@1.9.4\Editor\VisualScripting.Core\Utilities\VSUsageUtility.cs:114 
  at Unity.VisualScripting.VSUsageUtility.CheckAndSetIsVisualScriptingUsed () [0x0000d] in .\Library\PackageCache\com.unity.visualscripting@1.9.4\Editor\VisualScripting.Core\Utilities\VSUsageUtility.cs:33 
  at Unity.VisualScripting.VSUsageUtility..cctor () [0x00000] in .\Library\PackageCache\com.unity.visualscripting@1.9.4\Editor\VisualScripting.Core\Utilities\VSUsageUtility.cs:22 
UnityEngine.StackTraceUtility:ExtractStackTrace ()
UnityEngine.DebugLogHandler:LogFormat (UnityEngine.LogType,UnityEngine.Object,string,object[])
UnityEngine.Logger:Log (UnityEngine.LogType,object)
UnityEngine.Debug:LogError (object)
UnityEditor.EditorAssemblies:ProcessInitializeOnLoadAttributes (System.Type[])

[Package Manager] Server::EnsureServerProcessIsRunning -- launch failed, reason: Unity was launched with the -noUpm command-line argument
[Package Manager] UpmClient::Send -- Unable to send message (not connected to UPM process).
[Package Manager] Cannot connect to Unity Package Manager local server
Mono: successfully reloaded assembly
- Finished resetting the current domain, in  1.386 seconds
Domain Reload Profiling: 2028ms
	BeginReloadAssembly (214ms)
		ExecutionOrderSort (0ms)
		DisableScriptedObjects (13ms)
		BackupInstance (0ms)
		ReleaseScriptingObjects (0ms)
		CreateAndSetChildDomain (41ms)
	RebuildCommonClasses (36ms)
	RebuildNativeTypeToScriptingClass (14ms)
	initialDomainReloadingComplete (43ms)
	LoadAllAssembliesAndSetupDomain (335ms)
		LoadAssemblies (407ms)
		RebuildTransferFunctionScriptingTraits (0ms)
		AnalyzeDomain (31ms)
			TypeCache.Refresh (11ms)
				TypeCache.ScanAssembly (1ms)
			ScanForSourceGeneratedMonoScriptInfo (11ms)
			ResolveRequiredComponents (7ms)
	FinalizeReload (1386ms)
		ReleaseScriptCaches (0ms)
		RebuildScriptCaches (0ms)
		SetupLoadedEditorAssemblies (446ms)
			LogAssemblyErrors (0ms)
			InitializePlatformSupportModulesInManaged (6ms)
			SetLoadedEditorAssemblies (5ms)
			RefreshPlugins (0ms)
			BeforeProcessingInitializeOnLoad (54ms)
			ProcessInitializeOnLoadAttributes (355ms)
			ProcessInitializeOnLoadMethodAttributes (20ms)
			AfterProcessingInitializeOnLoad (6ms)
			EditorAssembliesLoaded (0ms)
		ExecutionOrderSort2 (0ms)
		AwakeInstancesAfterBackupRestoration (9ms)
Refreshing native plugins compatible for Editor in 5.61 ms, found 4 plugins.
Preloading 0 native plugins for Editor in 0.00 ms.
Unloading 4062 Unused Serialized files (Serialized files now loaded: 0)
Unloading 25 unused Assets / (213.6 KB). Loaded Objects now: 4860.
Memory consumption went from 147.5 MB to 147.3 MB.
Total: 7.219600 ms (FindLiveObjects: 0.207000 ms CreateObjectMapping: 0.096500 ms MarkObjects: 6.790400 ms  DeleteObjects: 0.124900 ms)

Prepare: number of updated asset objects reloaded= 0
AssetImportParameters requested are different than current active one (requested -> active):
  custom:container-demuxer-ogg: 62fdf1f143b41e24485cea50d1cbac27 -> 
  custom:scripting/monoscript/fileName/text hitpoints.cs: d36093d1da3b739b778440323f6d28ae -> 
  custom:scripting/monoscript/fileName/enemyvalues.cs: 6d3759815fd7be00f9546723da6f552c -> b2871cba44f342a4684feb21ced01089
  custom:scripting/monoscript/fileName/playerhealth.cs: 627fa3622fd9609fbcb99df0f0e3ffd2 -> 
  custom:video-decoder-ogg-theora: a1e56fd34408186e4bbccfd4996cb3dc -> 
  custom:framework-win-MediaFoundation: 216162199b28c13a410421893ffa2e32 -> 
  custom:scripting/monoscript/fileName/health.cs: b1303998ffee75aadca64949bf0a2211 -> 
  custom:CustomObjectIndexerAttribute: 9a22284fe3817be447336de3de66b15e -> 
  custom:scripting/monoscript/fileName/playervalues.cs: b765fddbee80866c9f4d7e2bde69eaa4 -> fefad19e05659674120111df3ff930d2
  custom:container-demuxer-webm: 4f35f7cbe854078d1ac9338744f61a02 -> 
  custom:scripting/monoscript/fileName/Health.cs: 0e01c5d611b7e6f68d551fd8377c081b -> 
  custom:container-muxer-webm: aa71ff27fc2769a1b78a27578f13a17b -> 
  custom:video-decoder-webm-vp8: 9c59270c3fd7afecdb556c50c9e8de78 -> 
  custom:SearchIndexIgnoredProperties: e643bd26f0fe6173181afceb89e7c659 -> 
  custom:AudioImporter_EditorPlatform: d09bf68614088b80899f8185d706f6e7 -> 
  custom:video-encoder-webm-vp8: eb34c28f22e8b96e1ab97ce403110664 -> 
  custom:scripting/monoscript/fileName/player.cs: b1b0b99e0fbd8450a8ac2481988cbaeb -> 
  custom:scripting/monoscript/fileName/combatsystem.cs: 6cab728e1d8cac4dad7bf9e415b8112a -> 8872a57b1c80ec4a65fcbcdad3cdf073
  custom:audio-decoder-ogg-vorbis: bf7c407c2cedff20999df2af8eb42d56 -> 
  custom:scripting/monoscript/fileName/fill.cs: 8a130407ab27c51b3a1b3dbce120d7b8 -> 
  custom:scripting/monoscript/fileName/health system.cs: e0852ac835be5566af11b3affa17d44c -> 
  custom:audio-encoder-webm-vorbis: bf7c407c2cedff20999df2af8eb42d56 -> 
  custom:scripting/precompiled-assembly-types:Assembly-CSharp: fc6c06edcaf9647d67ea1d2a4938dcd4 -> db58d614c6af3664d2fa6bb6dd40fe47
========================================================================
Received Prepare
Caller must complete domain reload
Begin MonoManager ReloadAssembly
- Loaded All Assemblies, in  0.351 seconds
Native extension for WindowsStandalone target not found
Native extension for WebGL target not found
System.Exception: Error! Visual Scripting: couldn't find visual scripting package
  at Unity.VisualScripting.PackageVersionUtility.get_version () [0x00043] in .\Library\PackageCache\com.unity.visualscripting@1.9.4\Editor\VisualScripting.Core\Utilities\PackageVersionUtility.cs:31 
  at Unity.VisualScripting.BoltCoreManifest.get_version () [0x00000] in .\Library\PackageCache\com.unity.visualscripting@1.9.4\Editor\VisualScripting.Core\Plugin\BoltCoreManifest.cs:11 
  at Unity.VisualScripting.PluginManifest.get_currentVersion () [0x00000] in .\Library\PackageCache\com.unity.visualscripting@1.9.4\Editor\VisualScripting.Core\Plugins\PluginManifest.cs:33 
  at Unity.VisualScripting.PluginManifest.get_versionMismatch () [0x00000] in .\Library\PackageCache\com.unity.visualscripting@1.9.4\Editor\VisualScripting.Core\Plugins\PluginManifest.cs:48 
  at Unity.VisualScripting.PluginContainer.Initialize () [0x00525] in .\Library\PackageCache\com.unity.visualscripting@1.9.4\Editor\VisualScripting.Core\Plugins\PluginContainer.cs:208 
  at Unity.VisualScripting.PluginContainer.InitializeOnLoad () [0x00009] in .\Library\PackageCache\com.unity.visualscripting@1.9.4\Editor\VisualScripting.Core\Plugins\PluginContainer.cs:32 
  at Unity.VisualScripting.VSUsageUtility.DoInitializeOnLoadCalls () [0x00034] in .\Library\PackageCache\com.unity.visualscripting@1.9.4\Editor\VisualScripting.Core\Utilities\VSUsageUtility.cs:76 
  at Unity.VisualScripting.VSUsageUtility.set_isVisualScriptingUsed (System.Boolean value) [0x0002c] in .\Library\PackageCache\com.unity.visualscripting@1.9.4\Editor\VisualScripting.Core\Utilities\VSUsageUtility.cs:114 
  at Unity.VisualScripting.VSUsageUtility.CheckAndSetIsVisualScriptingUsed () [0x0000d] in .\Library\PackageCache\com.unity.visualscripting@1.9.4\Editor\VisualScripting.Core\Utilities\VSUsageUtility.cs:33 
  at Unity.VisualScripting.VSUsageUtility..cctor () [0x00000] in .\Library\PackageCache\com.unity.visualscripting@1.9.4\Editor\VisualScripting.Core\Utilities\VSUsageUtility.cs:22 
UnityEngine.StackTraceUtility:ExtractStackTrace ()
UnityEngine.DebugLogHandler:LogFormat (UnityEngine.LogType,UnityEngine.Object,string,object[])
UnityEngine.Logger:Log (UnityEngine.LogType,object)
UnityEngine.Debug:LogError (object)
UnityEditor.EditorAssemblies:ProcessInitializeOnLoadAttributes (System.Type[])

[Package Manager] Server::EnsureServerProcessIsRunning -- launch failed, reason: Unity was launched with the -noUpm command-line argument
[Package Manager] UpmClient::Send -- Unable to send message (not connected to UPM process).
[Package Manager] Cannot connect to Unity Package Manager local server
Mono: successfully reloaded assembly
- Finished resetting the current domain, in  1.024 seconds
Domain Reload Profiling: 1371ms
	BeginReloadAssembly (127ms)
		ExecutionOrderSort (0ms)
		DisableScriptedObjects (7ms)
		BackupInstance (0ms)
		ReleaseScriptingObjects (0ms)
		CreateAndSetChildDomain (29ms)
	RebuildCommonClasses (22ms)
	RebuildNativeTypeToScriptingClass (7ms)
	initialDomainReloadingComplete (23ms)
	LoadAllAssembliesAndSetupDomain (169ms)
		LoadAssemblies (214ms)
		RebuildTransferFunctionScriptingTraits (0ms)
		AnalyzeDomain (10ms)
			TypeCache.Refresh (5ms)
				TypeCache.ScanAssembly (0ms)
			ScanForSourceGeneratedMonoScriptInfo (0ms)
			ResolveRequiredComponents (4ms)
	FinalizeReload (1024ms)
		ReleaseScriptCaches (0ms)
		RebuildScriptCaches (0ms)
		SetupLoadedEditorAssemblies (468ms)
			LogAssemblyErrors (0ms)
			InitializePlatformSupportModulesInManaged (6ms)
			SetLoadedEditorAssemblies (5ms)
			RefreshPlugins (0ms)
			BeforeProcessingInitializeOnLoad (59ms)
			ProcessInitializeOnLoadAttributes (369ms)
			ProcessInitializeOnLoadMethodAttributes (22ms)
			AfterProcessingInitializeOnLoad (7ms)
			EditorAssembliesLoaded (0ms)
		ExecutionOrderSort2 (0ms)
		AwakeInstancesAfterBackupRestoration (9ms)
Refreshing native plugins compatible for Editor in 7.31 ms, found 4 plugins.
Preloading 0 native plugins for Editor in 0.00 ms.
Unloading 4063 Unused Serialized files (Serialized files now loaded: 0)
Unloading 25 unused Assets / (213.7 KB). Loaded Objects now: 4865.
Memory consumption went from 147.8 MB to 147.6 MB.
Total: 7.602000 ms (FindLiveObjects: 0.215700 ms CreateObjectMapping: 0.124900 ms MarkObjects: 7.130300 ms  DeleteObjects: 0.130100 ms)

Prepare: number of updated asset objects reloaded= 0
AssetImportParameters requested are different than current active one (requested -> active):
  custom:container-demuxer-ogg: 62fdf1f143b41e24485cea50d1cbac27 -> 
  custom:scripting/monoscript/fileName/text hitpoints.cs: d36093d1da3b739b778440323f6d28ae -> 
  custom:scripting/monoscript/fileName/enemyvalues.cs: 6d3759815fd7be00f9546723da6f552c -> b2871cba44f342a4684feb21ced01089
  custom:scripting/monoscript/fileName/playerhealth.cs: 627fa3622fd9609fbcb99df0f0e3ffd2 -> 
  custom:video-decoder-ogg-theora: a1e56fd34408186e4bbccfd4996cb3dc -> 
  custom:framework-win-MediaFoundation: 216162199b28c13a410421893ffa2e32 -> 
  custom:scripting/monoscript/fileName/health.cs: b1303998ffee75aadca64949bf0a2211 -> 
  custom:CustomObjectIndexerAttribute: 9a22284fe3817be447336de3de66b15e -> 
  custom:scripting/monoscript/fileName/playervalues.cs: b765fddbee80866c9f4d7e2bde69eaa4 -> fefad19e05659674120111df3ff930d2
  custom:container-demuxer-webm: 4f35f7cbe854078d1ac9338744f61a02 -> 
  custom:scripting/monoscript/fileName/Health.cs: 0e01c5d611b7e6f68d551fd8377c081b -> 
  custom:container-muxer-webm: aa71ff27fc2769a1b78a27578f13a17b -> 
  custom:video-decoder-webm-vp8: 9c59270c3fd7afecdb556c50c9e8de78 -> 
  custom:SearchIndexIgnoredProperties: e643bd26f0fe6173181afceb89e7c659 -> 
  custom:AudioImporter_EditorPlatform: d09bf68614088b80899f8185d706f6e7 -> 
  custom:video-encoder-webm-vp8: eb34c28f22e8b96e1ab97ce403110664 -> 
  custom:scripting/monoscript/fileName/player.cs: b1b0b99e0fbd8450a8ac2481988cbaeb -> 
  custom:scripting/monoscript/fileName/combatsystem.cs: 6cab728e1d8cac4dad7bf9e415b8112a -> 8872a57b1c80ec4a65fcbcdad3cdf073
  custom:audio-decoder-ogg-vorbis: bf7c407c2cedff20999df2af8eb42d56 -> 
  custom:scripting/monoscript/fileName/fill.cs: 8a130407ab27c51b3a1b3dbce120d7b8 -> 
  custom:scripting/monoscript/fileName/health system.cs: e0852ac835be5566af11b3affa17d44c -> 
  custom:audio-encoder-webm-vorbis: bf7c407c2cedff20999df2af8eb42d56 -> 
  custom:scripting/precompiled-assembly-types:Assembly-CSharp: fc6c06edcaf9647d67ea1d2a4938dcd4 -> db58d614c6af3664d2fa6bb6dd40fe47
========================================================================
Received Prepare
Caller must complete domain reload
Begin MonoManager ReloadAssembly
- Loaded All Assemblies, in  0.744 seconds
Native extension for WindowsStandalone target not found
Native extension for WebGL target not found
System.Exception: Error! Visual Scripting: couldn't find visual scripting package
  at Unity.VisualScripting.PackageVersionUtility.get_version () [0x00043] in .\Library\PackageCache\com.unity.visualscripting@1.9.4\Editor\VisualScripting.Core\Utilities\PackageVersionUtility.cs:31 
  at Unity.VisualScripting.BoltCoreManifest.get_version () [0x00000] in .\Library\PackageCache\com.unity.visualscripting@1.9.4\Editor\VisualScripting.Core\Plugin\BoltCoreManifest.cs:11 
  at Unity.VisualScripting.PluginManifest.get_currentVersion () [0x00000] in .\Library\PackageCache\com.unity.visualscripting@1.9.4\Editor\VisualScripting.Core\Plugins\PluginManifest.cs:33 
  at Unity.VisualScripting.PluginManifest.get_versionMismatch () [0x00000] in .\Library\PackageCache\com.unity.visualscripting@1.9.4\Editor\VisualScripting.Core\Plugins\PluginManifest.cs:48 
  at Unity.VisualScripting.PluginContainer.Initialize () [0x00525] in .\Library\PackageCache\com.unity.visualscripting@1.9.4\Editor\VisualScripting.Core\Plugins\PluginContainer.cs:208 
  at Unity.VisualScripting.PluginContainer.InitializeOnLoad () [0x00009] in .\Library\PackageCache\com.unity.visualscripting@1.9.4\Editor\VisualScripting.Core\Plugins\PluginContainer.cs:32 
  at Unity.VisualScripting.VSUsageUtility.DoInitializeOnLoadCalls () [0x00034] in .\Library\PackageCache\com.unity.visualscripting@1.9.4\Editor\VisualScripting.Core\Utilities\VSUsageUtility.cs:76 
  at Unity.VisualScripting.VSUsageUtility.set_isVisualScriptingUsed (System.Boolean value) [0x0002c] in .\Library\PackageCache\com.unity.visualscripting@1.9.4\Editor\VisualScripting.Core\Utilities\VSUsageUtility.cs:114 
  at Unity.VisualScripting.VSUsageUtility.CheckAndSetIsVisualScriptingUsed () [0x0000d] in .\Library\PackageCache\com.unity.visualscripting@1.9.4\Editor\VisualScripting.Core\Utilities\VSUsageUtility.cs:33 
  at Unity.VisualScripting.VSUsageUtility..cctor () [0x00000] in .\Library\PackageCache\com.unity.visualscripting@1.9.4\Editor\VisualScripting.Core\Utilities\VSUsageUtility.cs:22 
UnityEngine.StackTraceUtility:ExtractStackTrace ()
UnityEngine.DebugLogHandler:LogFormat (UnityEngine.LogType,UnityEngine.Object,string,object[])
UnityEngine.Logger:Log (UnityEngine.LogType,object)
UnityEngine.Debug:LogError (object)
UnityEditor.EditorAssemblies:ProcessInitializeOnLoadAttributes (System.Type[])

[Package Manager] Server::EnsureServerProcessIsRunning -- launch failed, reason: Unity was launched with the -noUpm command-line argument
[Package Manager] UpmClient::Send -- Unable to send message (not connected to UPM process).
[Package Manager] Cannot connect to Unity Package Manager local server
Mono: successfully reloaded assembly
- Finished resetting the current domain, in  1.192 seconds
Domain Reload Profiling: 1926ms
	BeginReloadAssembly (231ms)
		ExecutionOrderSort (0ms)
		DisableScriptedObjects (14ms)
		BackupInstance (0ms)
		ReleaseScriptingObjects (0ms)
		CreateAndSetChildDomain (29ms)
	RebuildCommonClasses (36ms)
	RebuildNativeTypeToScriptingClass (15ms)
	initialDomainReloadingComplete (47ms)
	LoadAllAssembliesAndSetupDomain (406ms)
		LoadAssemblies (487ms)
		RebuildTransferFunctionScriptingTraits (0ms)
		AnalyzeDomain (21ms)
			TypeCache.Refresh (8ms)
				TypeCache.ScanAssembly (1ms)
			ScanForSourceGeneratedMonoScriptInfo (8ms)
			ResolveRequiredComponents (5ms)
	FinalizeReload (1192ms)
		ReleaseScriptCaches (0ms)
		RebuildScriptCaches (0ms)
		SetupLoadedEditorAssemblies (452ms)
			LogAssemblyErrors (0ms)
			InitializePlatformSupportModulesInManaged (5ms)
			SetLoadedEditorAssemblies (4ms)
			RefreshPlugins (0ms)
			BeforeProcessingInitializeOnLoad (56ms)
			ProcessInitializeOnLoadAttributes (358ms)
			ProcessInitializeOnLoadMethodAttributes (22ms)
			AfterProcessingInitializeOnLoad (7ms)
			EditorAssembliesLoaded (0ms)
		ExecutionOrderSort2 (0ms)
		AwakeInstancesAfterBackupRestoration (10ms)
Refreshing native plugins compatible for Editor in 4.77 ms, found 4 plugins.
Preloading 0 native plugins for Editor in 0.00 ms.
Unloading 4063 Unused Serialized files (Serialized files now loaded: 0)
Unloading 25 unused Assets / (213.6 KB). Loaded Objects now: 4870.
Memory consumption went from 147.8 MB to 147.6 MB.
Total: 6.942900 ms (FindLiveObjects: 0.207600 ms CreateObjectMapping: 0.087000 ms MarkObjects: 6.524300 ms  DeleteObjects: 0.123400 ms)

Prepare: number of updated asset objects reloaded= 0
AssetImportParameters requested are different than current active one (requested -> active):
  custom:container-demuxer-ogg: 62fdf1f143b41e24485cea50d1cbac27 -> 
  custom:scripting/monoscript/fileName/text hitpoints.cs: d36093d1da3b739b778440323f6d28ae -> 
  custom:scripting/monoscript/fileName/enemyvalues.cs: 6d3759815fd7be00f9546723da6f552c -> b2871cba44f342a4684feb21ced01089
  custom:scripting/monoscript/fileName/playerhealth.cs: 627fa3622fd9609fbcb99df0f0e3ffd2 -> 
  custom:video-decoder-ogg-theora: a1e56fd34408186e4bbccfd4996cb3dc -> 
  custom:framework-win-MediaFoundation: 216162199b28c13a410421893ffa2e32 -> 
  custom:scripting/monoscript/fileName/health.cs: b1303998ffee75aadca64949bf0a2211 -> 
  custom:CustomObjectIndexerAttribute: 9a22284fe3817be447336de3de66b15e -> 
  custom:scripting/monoscript/fileName/playervalues.cs: b765fddbee80866c9f4d7e2bde69eaa4 -> fefad19e05659674120111df3ff930d2
  custom:container-demuxer-webm: 4f35f7cbe854078d1ac9338744f61a02 -> 
  custom:scripting/monoscript/fileName/Health.cs: 0e01c5d611b7e6f68d551fd8377c081b -> 
  custom:container-muxer-webm: aa71ff27fc2769a1b78a27578f13a17b -> 
  custom:video-decoder-webm-vp8: 9c59270c3fd7afecdb556c50c9e8de78 -> 
  custom:SearchIndexIgnoredProperties: e643bd26f0fe6173181afceb89e7c659 -> 
  custom:AudioImporter_EditorPlatform: d09bf68614088b80899f8185d706f6e7 -> 
  custom:video-encoder-webm-vp8: eb34c28f22e8b96e1ab97ce403110664 -> 
  custom:scripting/monoscript/fileName/player.cs: b1b0b99e0fbd8450a8ac2481988cbaeb -> 
  custom:scripting/monoscript/fileName/combatsystem.cs: 6cab728e1d8cac4dad7bf9e415b8112a -> 8872a57b1c80ec4a65fcbcdad3cdf073
  custom:audio-decoder-ogg-vorbis: bf7c407c2cedff20999df2af8eb42d56 -> 
  custom:scripting/monoscript/fileName/fill.cs: 8a130407ab27c51b3a1b3dbce120d7b8 -> 
  custom:scripting/monoscript/fileName/health system.cs: e0852ac835be5566af11b3affa17d44c -> 
  custom:audio-encoder-webm-vorbis: bf7c407c2cedff20999df2af8eb42d56 -> 
  custom:scripting/precompiled-assembly-types:Assembly-CSharp: fc6c06edcaf9647d67ea1d2a4938dcd4 -> db58d614c6af3664d2fa6bb6dd40fe47
========================================================================
Received Prepare
Caller must complete domain reload
Begin MonoManager ReloadAssembly
- Loaded All Assemblies, in  0.362 seconds
Native extension for WindowsStandalone target not found
Native extension for WebGL target not found
System.Exception: Error! Visual Scripting: couldn't find visual scripting package
  at Unity.VisualScripting.PackageVersionUtility.get_version () [0x00043] in .\Library\PackageCache\com.unity.visualscripting@1.9.4\Editor\VisualScripting.Core\Utilities\PackageVersionUtility.cs:31 
  at Unity.VisualScripting.BoltCoreManifest.get_version () [0x00000] in .\Library\PackageCache\com.unity.visualscripting@1.9.4\Editor\VisualScripting.Core\Plugin\BoltCoreManifest.cs:11 
  at Unity.VisualScripting.PluginManifest.get_currentVersion () [0x00000] in .\Library\PackageCache\com.unity.visualscripting@1.9.4\Editor\VisualScripting.Core\Plugins\PluginManifest.cs:33 
  at Unity.VisualScripting.PluginManifest.get_versionMismatch () [0x00000] in .\Library\PackageCache\com.unity.visualscripting@1.9.4\Editor\VisualScripting.Core\Plugins\PluginManifest.cs:48 
  at Unity.VisualScripting.PluginContainer.Initialize () [0x00525] in .\Library\PackageCache\com.unity.visualscripting@1.9.4\Editor\VisualScripting.Core\Plugins\PluginContainer.cs:208 
  at Unity.VisualScripting.PluginContainer.InitializeOnLoad () [0x00009] in .\Library\PackageCache\com.unity.visualscripting@1.9.4\Editor\VisualScripting.Core\Plugins\PluginContainer.cs:32 
  at Unity.VisualScripting.VSUsageUtility.DoInitializeOnLoadCalls () [0x00034] in .\Library\PackageCache\com.unity.visualscripting@1.9.4\Editor\VisualScripting.Core\Utilities\VSUsageUtility.cs:76 
  at Unity.VisualScripting.VSUsageUtility.set_isVisualScriptingUsed (System.Boolean value) [0x0002c] in .\Library\PackageCache\com.unity.visualscripting@1.9.4\Editor\VisualScripting.Core\Utilities\VSUsageUtility.cs:114 
  at Unity.VisualScripting.VSUsageUtility.CheckAndSetIsVisualScriptingUsed () [0x0000d] in .\Library\PackageCache\com.unity.visualscripting@1.9.4\Editor\VisualScripting.Core\Utilities\VSUsageUtility.cs:33 
  at Unity.VisualScripting.VSUsageUtility..cctor () [0x00000] in .\Library\PackageCache\com.unity.visualscripting@1.9.4\Editor\VisualScripting.Core\Utilities\VSUsageUtility.cs:22 
UnityEngine.StackTraceUtility:ExtractStackTrace ()
UnityEngine.DebugLogHandler:LogFormat (UnityEngine.LogType,UnityEngine.Object,string,object[])
UnityEngine.Logger:Log (UnityEngine.LogType,object)
UnityEngine.Debug:LogError (object)
UnityEditor.EditorAssemblies:ProcessInitializeOnLoadAttributes (System.Type[])

[Package Manager] Server::EnsureServerProcessIsRunning -- launch failed, reason: Unity was launched with the -noUpm command-line argument
[Package Manager] UpmClient::Send -- Unable to send message (not connected to UPM process).
[Package Manager] Cannot connect to Unity Package Manager local server
Mono: successfully reloaded assembly
- Finished resetting the current domain, in  1.062 seconds
Domain Reload Profiling: 1419ms
	BeginReloadAssembly (131ms)
		ExecutionOrderSort (0ms)
		DisableScriptedObjects (7ms)
		BackupInstance (0ms)
		ReleaseScriptingObjects (0ms)
		CreateAndSetChildDomain (27ms)
	RebuildCommonClasses (21ms)
	RebuildNativeTypeToScriptingClass (7ms)
	initialDomainReloadingComplete (24ms)
	LoadAllAssembliesAndSetupDomain (174ms)
		LoadAssemblies (223ms)
		RebuildTransferFunctionScriptingTraits (0ms)
		AnalyzeDomain (10ms)
			TypeCache.Refresh (4ms)
				TypeCache.ScanAssembly (0ms)
			ScanForSourceGeneratedMonoScriptInfo (0ms)
			ResolveRequiredComponents (4ms)
	FinalizeReload (1062ms)
		ReleaseScriptCaches (0ms)
		RebuildScriptCaches (0ms)
		SetupLoadedEditorAssemblies (468ms)
			LogAssemblyErrors (0ms)
			InitializePlatformSupportModulesInManaged (6ms)
			SetLoadedEditorAssemblies (3ms)
			RefreshPlugins (0ms)
			BeforeProcessingInitializeOnLoad (61ms)
			ProcessInitializeOnLoadAttributes (369ms)
			ProcessInitializeOnLoadMethodAttributes (22ms)
			AfterProcessingInitializeOnLoad (7ms)
			EditorAssembliesLoaded (0ms)
		ExecutionOrderSort2 (0ms)
		AwakeInstancesAfterBackupRestoration (9ms)
Refreshing native plugins compatible for Editor in 4.63 ms, found 4 plugins.
Preloading 0 native plugins for Editor in 0.00 ms.
Unloading 4063 Unused Serialized files (Serialized files now loaded: 0)
Unloading 25 unused Assets / (213.6 KB). Loaded Objects now: 4875.
Memory consumption went from 147.8 MB to 147.6 MB.
Total: 8.054500 ms (FindLiveObjects: 0.274100 ms CreateObjectMapping: 0.182600 ms MarkObjects: 7.463700 ms  DeleteObjects: 0.133300 ms)

Prepare: number of updated asset objects reloaded= 0
AssetImportParameters requested are different than current active one (requested -> active):
  custom:container-demuxer-ogg: 62fdf1f143b41e24485cea50d1cbac27 -> 
  custom:scripting/monoscript/fileName/text hitpoints.cs: d36093d1da3b739b778440323f6d28ae -> 
  custom:scripting/monoscript/fileName/enemyvalues.cs: 6d3759815fd7be00f9546723da6f552c -> b2871cba44f342a4684feb21ced01089
  custom:scripting/monoscript/fileName/playerhealth.cs: 627fa3622fd9609fbcb99df0f0e3ffd2 -> 
  custom:video-decoder-ogg-theora: a1e56fd34408186e4bbccfd4996cb3dc -> 
  custom:framework-win-MediaFoundation: 216162199b28c13a410421893ffa2e32 -> 
  custom:scripting/monoscript/fileName/health.cs: b1303998ffee75aadca64949bf0a2211 -> 
  custom:CustomObjectIndexerAttribute: 9a22284fe3817be447336de3de66b15e -> 
  custom:scripting/monoscript/fileName/playervalues.cs: b765fddbee80866c9f4d7e2bde69eaa4 -> fefad19e05659674120111df3ff930d2
  custom:container-demuxer-webm: 4f35f7cbe854078d1ac9338744f61a02 -> 
  custom:scripting/monoscript/fileName/Health.cs: 0e01c5d611b7e6f68d551fd8377c081b -> 
  custom:container-muxer-webm: aa71ff27fc2769a1b78a27578f13a17b -> 
  custom:video-decoder-webm-vp8: 9c59270c3fd7afecdb556c50c9e8de78 -> 
  custom:SearchIndexIgnoredProperties: e643bd26f0fe6173181afceb89e7c659 -> 
  custom:AudioImporter_EditorPlatform: d09bf68614088b80899f8185d706f6e7 -> 
  custom:video-encoder-webm-vp8: eb34c28f22e8b96e1ab97ce403110664 -> 
  custom:scripting/monoscript/fileName/player.cs: b1b0b99e0fbd8450a8ac2481988cbaeb -> 
  custom:scripting/monoscript/fileName/combatsystem.cs: 6cab728e1d8cac4dad7bf9e415b8112a -> 8872a57b1c80ec4a65fcbcdad3cdf073
  custom:audio-decoder-ogg-vorbis: bf7c407c2cedff20999df2af8eb42d56 -> 
  custom:scripting/monoscript/fileName/fill.cs: 8a130407ab27c51b3a1b3dbce120d7b8 -> 
  custom:scripting/monoscript/fileName/health system.cs: e0852ac835be5566af11b3affa17d44c -> 
  custom:audio-encoder-webm-vorbis: bf7c407c2cedff20999df2af8eb42d56 -> 
  custom:scripting/precompiled-assembly-types:Assembly-CSharp: fc6c06edcaf9647d67ea1d2a4938dcd4 -> db58d614c6af3664d2fa6bb6dd40fe47
========================================================================
Received Prepare
Caller must complete domain reload
Begin MonoManager ReloadAssembly
- Loaded All Assemblies, in  0.387 seconds
Native extension for WindowsStandalone target not found
Native extension for WebGL target not found
System.Exception: Error! Visual Scripting: couldn't find visual scripting package
  at Unity.VisualScripting.PackageVersionUtility.get_version () [0x00043] in .\Library\PackageCache\com.unity.visualscripting@1.9.4\Editor\VisualScripting.Core\Utilities\PackageVersionUtility.cs:31 
  at Unity.VisualScripting.BoltCoreManifest.get_version () [0x00000] in .\Library\PackageCache\com.unity.visualscripting@1.9.4\Editor\VisualScripting.Core\Plugin\BoltCoreManifest.cs:11 
  at Unity.VisualScripting.PluginManifest.get_currentVersion () [0x00000] in .\Library\PackageCache\com.unity.visualscripting@1.9.4\Editor\VisualScripting.Core\Plugins\PluginManifest.cs:33 
  at Unity.VisualScripting.PluginManifest.get_versionMismatch () [0x00000] in .\Library\PackageCache\com.unity.visualscripting@1.9.4\Editor\VisualScripting.Core\Plugins\PluginManifest.cs:48 
  at Unity.VisualScripting.PluginContainer.Initialize () [0x00525] in .\Library\PackageCache\com.unity.visualscripting@1.9.4\Editor\VisualScripting.Core\Plugins\PluginContainer.cs:208 
  at Unity.VisualScripting.PluginContainer.InitializeOnLoad () [0x00009] in .\Library\PackageCache\com.unity.visualscripting@1.9.4\Editor\VisualScripting.Core\Plugins\PluginContainer.cs:32 
  at Unity.VisualScripting.VSUsageUtility.DoInitializeOnLoadCalls () [0x00034] in .\Library\PackageCache\com.unity.visualscripting@1.9.4\Editor\VisualScripting.Core\Utilities\VSUsageUtility.cs:76 
  at Unity.VisualScripting.VSUsageUtility.set_isVisualScriptingUsed (System.Boolean value) [0x0002c] in .\Library\PackageCache\com.unity.visualscripting@1.9.4\Editor\VisualScripting.Core\Utilities\VSUsageUtility.cs:114 
  at Unity.VisualScripting.VSUsageUtility.CheckAndSetIsVisualScriptingUsed () [0x0000d] in .\Library\PackageCache\com.unity.visualscripting@1.9.4\Editor\VisualScripting.Core\Utilities\VSUsageUtility.cs:33 
  at Unity.VisualScripting.VSUsageUtility..cctor () [0x00000] in .\Library\PackageCache\com.unity.visualscripting@1.9.4\Editor\VisualScripting.Core\Utilities\VSUsageUtility.cs:22 
UnityEngine.StackTraceUtility:ExtractStackTrace ()
UnityEngine.DebugLogHandler:LogFormat (UnityEngine.LogType,UnityEngine.Object,string,object[])
UnityEngine.Logger:Log (UnityEngine.LogType,object)
UnityEngine.Debug:LogError (object)
UnityEditor.EditorAssemblies:ProcessInitializeOnLoadAttributes (System.Type[])

[Package Manager] Server::EnsureServerProcessIsRunning -- launch failed, reason: Unity was launched with the -noUpm command-line argument
[Package Manager] UpmClient::Send -- Unable to send message (not connected to UPM process).
[Package Manager] Cannot connect to Unity Package Manager local server
Mono: successfully reloaded assembly
- Finished resetting the current domain, in  1.062 seconds
Domain Reload Profiling: 1444ms
	BeginReloadAssembly (130ms)
		ExecutionOrderSort (0ms)
		DisableScriptedObjects (7ms)
		BackupInstance (0ms)
		ReleaseScriptingObjects (0ms)
		CreateAndSetChildDomain (26ms)
	RebuildCommonClasses (20ms)
	RebuildNativeTypeToScriptingClass (7ms)
	initialDomainReloadingComplete (27ms)
	LoadAllAssembliesAndSetupDomain (197ms)
		LoadAssemblies (237ms)
		RebuildTransferFunctionScriptingTraits (0ms)
		AnalyzeDomain (20ms)
			TypeCache.Refresh (8ms)
				TypeCache.ScanAssembly (1ms)
			ScanForSourceGeneratedMonoScriptInfo (7ms)
			ResolveRequiredComponents (4ms)
	FinalizeReload (1062ms)
		ReleaseScriptCaches (0ms)
		RebuildScriptCaches (0ms)
		SetupLoadedEditorAssemblies (473ms)
			LogAssemblyErrors (0ms)
			InitializePlatformSupportModulesInManaged (6ms)
			SetLoadedEditorAssemblies (4ms)
			RefreshPlugins (0ms)
			BeforeProcessingInitializeOnLoad (58ms)
			ProcessInitializeOnLoadAttributes (376ms)
			ProcessInitializeOnLoadMethodAttributes (22ms)
			AfterProcessingInitializeOnLoad (7ms)
			EditorAssembliesLoaded (0ms)
		ExecutionOrderSort2 (0ms)
		AwakeInstancesAfterBackupRestoration (9ms)
Refreshing native plugins compatible for Editor in 5.17 ms, found 4 plugins.
Preloading 0 native plugins for Editor in 0.00 ms.
Unloading 4063 Unused Serialized files (Serialized files now loaded: 0)
Unloading 25 unused Assets / (213.6 KB). Loaded Objects now: 4880.
Memory consumption went from 147.8 MB to 147.6 MB.
Total: 6.885600 ms (FindLiveObjects: 0.187700 ms CreateObjectMapping: 0.082900 ms MarkObjects: 6.490900 ms  DeleteObjects: 0.123400 ms)

Prepare: number of updated asset objects reloaded= 0
AssetImportParameters requested are different than current active one (requested -> active):
  custom:container-demuxer-ogg: 62fdf1f143b41e24485cea50d1cbac27 -> 
  custom:scripting/monoscript/fileName/text hitpoints.cs: d36093d1da3b739b778440323f6d28ae -> 
  custom:scripting/monoscript/fileName/enemyvalues.cs: 6d3759815fd7be00f9546723da6f552c -> b2871cba44f342a4684feb21ced01089
  custom:scripting/monoscript/fileName/playerhealth.cs: 627fa3622fd9609fbcb99df0f0e3ffd2 -> 
  custom:video-decoder-ogg-theora: a1e56fd34408186e4bbccfd4996cb3dc -> 
  custom:framework-win-MediaFoundation: 216162199b28c13a410421893ffa2e32 -> 
  custom:scripting/monoscript/fileName/health.cs: b1303998ffee75aadca64949bf0a2211 -> 
  custom:CustomObjectIndexerAttribute: 9a22284fe3817be447336de3de66b15e -> 
  custom:scripting/monoscript/fileName/playervalues.cs: b765fddbee80866c9f4d7e2bde69eaa4 -> fefad19e05659674120111df3ff930d2
  custom:container-demuxer-webm: 4f35f7cbe854078d1ac9338744f61a02 -> 
  custom:scripting/monoscript/fileName/Health.cs: 0e01c5d611b7e6f68d551fd8377c081b -> 
  custom:container-muxer-webm: aa71ff27fc2769a1b78a27578f13a17b -> 
  custom:video-decoder-webm-vp8: 9c59270c3fd7afecdb556c50c9e8de78 -> 
  custom:SearchIndexIgnoredProperties: e643bd26f0fe6173181afceb89e7c659 -> 
  custom:AudioImporter_EditorPlatform: d09bf68614088b80899f8185d706f6e7 -> 
  custom:video-encoder-webm-vp8: eb34c28f22e8b96e1ab97ce403110664 -> 
  custom:scripting/monoscript/fileName/player.cs: b1b0b99e0fbd8450a8ac2481988cbaeb -> 
  custom:scripting/monoscript/fileName/combatsystem.cs: 6cab728e1d8cac4dad7bf9e415b8112a -> 8872a57b1c80ec4a65fcbcdad3cdf073
  custom:audio-decoder-ogg-vorbis: bf7c407c2cedff20999df2af8eb42d56 -> 
  custom:scripting/monoscript/fileName/fill.cs: 8a130407ab27c51b3a1b3dbce120d7b8 -> 
  custom:scripting/monoscript/fileName/health system.cs: e0852ac835be5566af11b3affa17d44c -> 
  custom:audio-encoder-webm-vorbis: bf7c407c2cedff20999df2af8eb42d56 -> 
  custom:scripting/precompiled-assembly-types:Assembly-CSharp: fc6c06edcaf9647d67ea1d2a4938dcd4 -> db58d614c6af3664d2fa6bb6dd40fe47
========================================================================
Received Prepare
Caller must complete domain reload
Begin MonoManager ReloadAssembly
- Loaded All Assemblies, in  0.362 seconds
Native extension for WindowsStandalone target not found
Native extension for WebGL target not found
System.Exception: Error! Visual Scripting: couldn't find visual scripting package
  at Unity.VisualScripting.PackageVersionUtility.get_version () [0x00043] in .\Library\PackageCache\com.unity.visualscripting@1.9.4\Editor\VisualScripting.Core\Utilities\PackageVersionUtility.cs:31 
  at Unity.VisualScripting.BoltCoreManifest.get_version () [0x00000] in .\Library\PackageCache\com.unity.visualscripting@1.9.4\Editor\VisualScripting.Core\Plugin\BoltCoreManifest.cs:11 
  at Unity.VisualScripting.PluginManifest.get_currentVersion () [0x00000] in .\Library\PackageCache\com.unity.visualscripting@1.9.4\Editor\VisualScripting.Core\Plugins\PluginManifest.cs:33 
  at Unity.VisualScripting.PluginManifest.get_versionMismatch () [0x00000] in .\Library\PackageCache\com.unity.visualscripting@1.9.4\Editor\VisualScripting.Core\Plugins\PluginManifest.cs:48 
  at Unity.VisualScripting.PluginContainer.Initialize () [0x00525] in .\Library\PackageCache\com.unity.visualscripting@1.9.4\Editor\VisualScripting.Core\Plugins\PluginContainer.cs:208 
  at Unity.VisualScripting.PluginContainer.InitializeOnLoad () [0x00009] in .\Library\PackageCache\com.unity.visualscripting@1.9.4\Editor\VisualScripting.Core\Plugins\PluginContainer.cs:32 
  at Unity.VisualScripting.VSUsageUtility.DoInitializeOnLoadCalls () [0x00034] in .\Library\PackageCache\com.unity.visualscripting@1.9.4\Editor\VisualScripting.Core\Utilities\VSUsageUtility.cs:76 
  at Unity.VisualScripting.VSUsageUtility.set_isVisualScriptingUsed (System.Boolean value) [0x0002c] in .\Library\PackageCache\com.unity.visualscripting@1.9.4\Editor\VisualScripting.Core\Utilities\VSUsageUtility.cs:114 
  at Unity.VisualScripting.VSUsageUtility.CheckAndSetIsVisualScriptingUsed () [0x0000d] in .\Library\PackageCache\com.unity.visualscripting@1.9.4\Editor\VisualScripting.Core\Utilities\VSUsageUtility.cs:33 
  at Unity.VisualScripting.VSUsageUtility..cctor () [0x00000] in .\Library\PackageCache\com.unity.visualscripting@1.9.4\Editor\VisualScripting.Core\Utilities\VSUsageUtility.cs:22 
UnityEngine.StackTraceUtility:ExtractStackTrace ()
UnityEngine.DebugLogHandler:LogFormat (UnityEngine.LogType,UnityEngine.Object,string,object[])
UnityEngine.Logger:Log (UnityEngine.LogType,object)
UnityEngine.Debug:LogError (object)
UnityEditor.EditorAssemblies:ProcessInitializeOnLoadAttributes (System.Type[])

[Package Manager] Server::EnsureServerProcessIsRunning -- launch failed, reason: Unity was launched with the -noUpm command-line argument
[Package Manager] UpmClient::Send -- Unable to send message (not connected to UPM process).
[Package Manager] Cannot connect to Unity Package Manager local server
Mono: successfully reloaded assembly
- Finished resetting the current domain, in  1.050 seconds
Domain Reload Profiling: 1408ms
	BeginReloadAssembly (129ms)
		ExecutionOrderSort (0ms)
		DisableScriptedObjects (7ms)
		BackupInstance (0ms)
		ReleaseScriptingObjects (0ms)
		CreateAndSetChildDomain (27ms)
	RebuildCommonClasses (20ms)
	RebuildNativeTypeToScriptingClass (7ms)
	initialDomainReloadingComplete (23ms)
	LoadAllAssembliesAndSetupDomain (178ms)
		LoadAssemblies (226ms)
		RebuildTransferFunctionScriptingTraits (0ms)
		AnalyzeDomain (9ms)
			TypeCache.Refresh (5ms)
				TypeCache.ScanAssembly (0ms)
			ScanForSourceGeneratedMonoScriptInfo (0ms)
			ResolveRequiredComponents (4ms)
	FinalizeReload (1051ms)
		ReleaseScriptCaches (0ms)
		RebuildScriptCaches (0ms)
		SetupLoadedEditorAssemblies (471ms)
			LogAssemblyErrors (0ms)
			InitializePlatformSupportModulesInManaged (6ms)
			SetLoadedEditorAssemblies (4ms)
			RefreshPlugins (0ms)
			BeforeProcessingInitializeOnLoad (58ms)
			ProcessInitializeOnLoadAttributes (372ms)
			ProcessInitializeOnLoadMethodAttributes (24ms)
			AfterProcessingInitializeOnLoad (7ms)
			EditorAssembliesLoaded (0ms)
		ExecutionOrderSort2 (0ms)
		AwakeInstancesAfterBackupRestoration (10ms)
Refreshing native plugins compatible for Editor in 7.55 ms, found 4 plugins.
Preloading 0 native plugins for Editor in 0.00 ms.
Unloading 4063 Unused Serialized files (Serialized files now loaded: 0)
Unloading 25 unused Assets / (213.6 KB). Loaded Objects now: 4885.
Memory consumption went from 147.8 MB to 147.6 MB.
Total: 8.516600 ms (FindLiveObjects: 0.220600 ms CreateObjectMapping: 0.103200 ms MarkObjects: 8.047000 ms  DeleteObjects: 0.144600 ms)

Prepare: number of updated asset objects reloaded= 0
AssetImportParameters requested are different than current active one (requested -> active):
  custom:container-demuxer-ogg: 62fdf1f143b41e24485cea50d1cbac27 -> 
  custom:scripting/monoscript/fileName/text hitpoints.cs: d36093d1da3b739b778440323f6d28ae -> 
  custom:scripting/monoscript/fileName/enemyvalues.cs: 6d3759815fd7be00f9546723da6f552c -> b2871cba44f342a4684feb21ced01089
  custom:scripting/monoscript/fileName/playerhealth.cs: 627fa3622fd9609fbcb99df0f0e3ffd2 -> 
  custom:video-decoder-ogg-theora: a1e56fd34408186e4bbccfd4996cb3dc -> 
  custom:framework-win-MediaFoundation: 216162199b28c13a410421893ffa2e32 -> 
  custom:scripting/monoscript/fileName/health.cs: b1303998ffee75aadca64949bf0a2211 -> 
  custom:CustomObjectIndexerAttribute: 9a22284fe3817be447336de3de66b15e -> 
  custom:scripting/monoscript/fileName/playervalues.cs: b765fddbee80866c9f4d7e2bde69eaa4 -> fefad19e05659674120111df3ff930d2
  custom:container-demuxer-webm: 4f35f7cbe854078d1ac9338744f61a02 -> 
  custom:scripting/monoscript/fileName/Health.cs: 0e01c5d611b7e6f68d551fd8377c081b -> 
  custom:container-muxer-webm: aa71ff27fc2769a1b78a27578f13a17b -> 
  custom:video-decoder-webm-vp8: 9c59270c3fd7afecdb556c50c9e8de78 -> 
  custom:SearchIndexIgnoredProperties: e643bd26f0fe6173181afceb89e7c659 -> 
  custom:AudioImporter_EditorPlatform: d09bf68614088b80899f8185d706f6e7 -> 
  custom:video-encoder-webm-vp8: eb34c28f22e8b96e1ab97ce403110664 -> 
  custom:scripting/monoscript/fileName/player.cs: b1b0b99e0fbd8450a8ac2481988cbaeb -> 
  custom:scripting/monoscript/fileName/combatsystem.cs: 6cab728e1d8cac4dad7bf9e415b8112a -> 8872a57b1c80ec4a65fcbcdad3cdf073
  custom:audio-decoder-ogg-vorbis: bf7c407c2cedff20999df2af8eb42d56 -> 
  custom:scripting/monoscript/fileName/fill.cs: 8a130407ab27c51b3a1b3dbce120d7b8 -> 
  custom:scripting/monoscript/fileName/health system.cs: e0852ac835be5566af11b3affa17d44c -> 
  custom:audio-encoder-webm-vorbis: bf7c407c2cedff20999df2af8eb42d56 -> 
  custom:scripting/precompiled-assembly-types:Assembly-CSharp: fc6c06edcaf9647d67ea1d2a4938dcd4 -> db58d614c6af3664d2fa6bb6dd40fe47
========================================================================
Received Prepare
Caller must complete domain reload
Begin MonoManager ReloadAssembly
- Loaded All Assemblies, in  0.844 seconds
Native extension for WindowsStandalone target not found
Native extension for WebGL target not found
System.Exception: Error! Visual Scripting: couldn't find visual scripting package
  at Unity.VisualScripting.PackageVersionUtility.get_version () [0x00043] in .\Library\PackageCache\com.unity.visualscripting@1.9.4\Editor\VisualScripting.Core\Utilities\PackageVersionUtility.cs:31 
  at Unity.VisualScripting.BoltCoreManifest.get_version () [0x00000] in .\Library\PackageCache\com.unity.visualscripting@1.9.4\Editor\VisualScripting.Core\Plugin\BoltCoreManifest.cs:11 
  at Unity.VisualScripting.PluginManifest.get_currentVersion () [0x00000] in .\Library\PackageCache\com.unity.visualscripting@1.9.4\Editor\VisualScripting.Core\Plugins\PluginManifest.cs:33 
  at Unity.VisualScripting.PluginManifest.get_versionMismatch () [0x00000] in .\Library\PackageCache\com.unity.visualscripting@1.9.4\Editor\VisualScripting.Core\Plugins\PluginManifest.cs:48 
  at Unity.VisualScripting.PluginContainer.Initialize () [0x00525] in .\Library\PackageCache\com.unity.visualscripting@1.9.4\Editor\VisualScripting.Core\Plugins\PluginContainer.cs:208 
  at Unity.VisualScripting.PluginContainer.InitializeOnLoad () [0x00009] in .\Library\PackageCache\com.unity.visualscripting@1.9.4\Editor\VisualScripting.Core\Plugins\PluginContainer.cs:32 
  at Unity.VisualScripting.VSUsageUtility.DoInitializeOnLoadCalls () [0x00034] in .\Library\PackageCache\com.unity.visualscripting@1.9.4\Editor\VisualScripting.Core\Utilities\VSUsageUtility.cs:76 
  at Unity.VisualScripting.VSUsageUtility.set_isVisualScriptingUsed (System.Boolean value) [0x0002c] in .\Library\PackageCache\com.unity.visualscripting@1.9.4\Editor\VisualScripting.Core\Utilities\VSUsageUtility.cs:114 
  at Unity.VisualScripting.VSUsageUtility.CheckAndSetIsVisualScriptingUsed () [0x0000d] in .\Library\PackageCache\com.unity.visualscripting@1.9.4\Editor\VisualScripting.Core\Utilities\VSUsageUtility.cs:33 
  at Unity.VisualScripting.VSUsageUtility..cctor () [0x00000] in .\Library\PackageCache\com.unity.visualscripting@1.9.4\Editor\VisualScripting.Core\Utilities\VSUsageUtility.cs:22 
UnityEngine.StackTraceUtility:ExtractStackTrace ()
UnityEngine.DebugLogHandler:LogFormat (UnityEngine.LogType,UnityEngine.Object,string,object[])
UnityEngine.Logger:Log (UnityEngine.LogType,object)
UnityEngine.Debug:LogError (object)
UnityEditor.EditorAssemblies:ProcessInitializeOnLoadAttributes (System.Type[])

[Package Manager] Server::EnsureServerProcessIsRunning -- launch failed, reason: Unity was launched with the -noUpm command-line argument
[Package Manager] UpmClient::Send -- Unable to send message (not connected to UPM process).
[Package Manager] Cannot connect to Unity Package Manager local server
Mono: successfully reloaded assembly
- Finished resetting the current domain, in  1.521 seconds
Domain Reload Profiling: 2350ms
	BeginReloadAssembly (261ms)
		ExecutionOrderSort (0ms)
		DisableScriptedObjects (14ms)
		BackupInstance (0ms)
		ReleaseScriptingObjects (0ms)
		CreateAndSetChildDomain (42ms)
	RebuildCommonClasses (39ms)
	RebuildNativeTypeToScriptingClass (13ms)
	initialDomainReloadingComplete (122ms)
	LoadAllAssembliesAndSetupDomain (393ms)
		LoadAssemblies (491ms)
		RebuildTransferFunctionScriptingTraits (0ms)
		AnalyzeDomain (37ms)
			TypeCache.Refresh (12ms)
				TypeCache.ScanAssembly (1ms)
			ScanForSourceGeneratedMonoScriptInfo (14ms)
			ResolveRequiredComponents (9ms)
	FinalizeReload (1522ms)
		ReleaseScriptCaches (0ms)
		RebuildScriptCaches (0ms)
		SetupLoadedEditorAssemblies (457ms)
			LogAssemblyErrors (0ms)
			InitializePlatformSupportModulesInManaged (5ms)
			SetLoadedEditorAssemblies (5ms)
			RefreshPlugins (0ms)
			BeforeProcessingInitializeOnLoad (54ms)
			ProcessInitializeOnLoadAttributes (364ms)
			ProcessInitializeOnLoadMethodAttributes (23ms)
			AfterProcessingInitializeOnLoad (6ms)
			EditorAssembliesLoaded (0ms)
		ExecutionOrderSort2 (0ms)
		AwakeInstancesAfterBackupRestoration (8ms)
Refreshing native plugins compatible for Editor in 5.42 ms, found 4 plugins.
Preloading 0 native plugins for Editor in 0.00 ms.
Unloading 4063 Unused Serialized files (Serialized files now loaded: 0)
Unloading 25 unused Assets / (213.4 KB). Loaded Objects now: 4890.
Memory consumption went from 147.8 MB to 147.6 MB.
Total: 7.407000 ms (FindLiveObjects: 0.341800 ms CreateObjectMapping: 0.121400 ms MarkObjects: 6.791500 ms  DeleteObjects: 0.151100 ms)

Prepare: number of updated asset objects reloaded= 0
AssetImportParameters requested are different than current active one (requested -> active):
  custom:container-demuxer-ogg: 62fdf1f143b41e24485cea50d1cbac27 -> 
  custom:scripting/monoscript/fileName/text hitpoints.cs: d36093d1da3b739b778440323f6d28ae -> 
  custom:scripting/monoscript/fileName/enemyvalues.cs: 6d3759815fd7be00f9546723da6f552c -> b2871cba44f342a4684feb21ced01089
  custom:scripting/monoscript/fileName/playerhealth.cs: 627fa3622fd9609fbcb99df0f0e3ffd2 -> 
  custom:video-decoder-ogg-theora: a1e56fd34408186e4bbccfd4996cb3dc -> 
  custom:framework-win-MediaFoundation: 216162199b28c13a410421893ffa2e32 -> 
  custom:scripting/monoscript/fileName/health.cs: b1303998ffee75aadca64949bf0a2211 -> 
  custom:CustomObjectIndexerAttribute: 9a22284fe3817be447336de3de66b15e -> 
  custom:scripting/monoscript/fileName/playervalues.cs: b765fddbee80866c9f4d7e2bde69eaa4 -> fefad19e05659674120111df3ff930d2
  custom:container-demuxer-webm: 4f35f7cbe854078d1ac9338744f61a02 -> 
  custom:scripting/monoscript/fileName/Health.cs: 0e01c5d611b7e6f68d551fd8377c081b -> 
  custom:container-muxer-webm: aa71ff27fc2769a1b78a27578f13a17b -> 
  custom:video-decoder-webm-vp8: 9c59270c3fd7afecdb556c50c9e8de78 -> 
  custom:SearchIndexIgnoredProperties: e643bd26f0fe6173181afceb89e7c659 -> 
  custom:AudioImporter_EditorPlatform: d09bf68614088b80899f8185d706f6e7 -> 
  custom:video-encoder-webm-vp8: eb34c28f22e8b96e1ab97ce403110664 -> 
  custom:scripting/monoscript/fileName/player.cs: b1b0b99e0fbd8450a8ac2481988cbaeb -> 
  custom:scripting/monoscript/fileName/combatsystem.cs: 6cab728e1d8cac4dad7bf9e415b8112a -> 8872a57b1c80ec4a65fcbcdad3cdf073
  custom:audio-decoder-ogg-vorbis: bf7c407c2cedff20999df2af8eb42d56 -> 
  custom:scripting/monoscript/fileName/fill.cs: 8a130407ab27c51b3a1b3dbce120d7b8 -> 
  custom:scripting/monoscript/fileName/health system.cs: e0852ac835be5566af11b3affa17d44c -> 
  custom:audio-encoder-webm-vorbis: bf7c407c2cedff20999df2af8eb42d56 -> 
  custom:scripting/precompiled-assembly-types:Assembly-CSharp: fc6c06edcaf9647d67ea1d2a4938dcd4 -> db58d614c6af3664d2fa6bb6dd40fe47
========================================================================
Received Prepare
Caller must complete domain reload
Begin MonoManager ReloadAssembly
- Loaded All Assemblies, in  0.365 seconds
Native extension for WindowsStandalone target not found
Native extension for WebGL target not found
System.Exception: Error! Visual Scripting: couldn't find visual scripting package
  at Unity.VisualScripting.PackageVersionUtility.get_version () [0x00043] in .\Library\PackageCache\com.unity.visualscripting@1.9.4\Editor\VisualScripting.Core\Utilities\PackageVersionUtility.cs:31 
  at Unity.VisualScripting.BoltCoreManifest.get_version () [0x00000] in .\Library\PackageCache\com.unity.visualscripting@1.9.4\Editor\VisualScripting.Core\Plugin\BoltCoreManifest.cs:11 
  at Unity.VisualScripting.PluginManifest.get_currentVersion () [0x00000] in .\Library\PackageCache\com.unity.visualscripting@1.9.4\Editor\VisualScripting.Core\Plugins\PluginManifest.cs:33 
  at Unity.VisualScripting.PluginManifest.get_versionMismatch () [0x00000] in .\Library\PackageCache\com.unity.visualscripting@1.9.4\Editor\VisualScripting.Core\Plugins\PluginManifest.cs:48 
  at Unity.VisualScripting.PluginContainer.Initialize () [0x00525] in .\Library\PackageCache\com.unity.visualscripting@1.9.4\Editor\VisualScripting.Core\Plugins\PluginContainer.cs:208 
  at Unity.VisualScripting.PluginContainer.InitializeOnLoad () [0x00009] in .\Library\PackageCache\com.unity.visualscripting@1.9.4\Editor\VisualScripting.Core\Plugins\PluginContainer.cs:32 
  at Unity.VisualScripting.VSUsageUtility.DoInitializeOnLoadCalls () [0x00034] in .\Library\PackageCache\com.unity.visualscripting@1.9.4\Editor\VisualScripting.Core\Utilities\VSUsageUtility.cs:76 
  at Unity.VisualScripting.VSUsageUtility.set_isVisualScriptingUsed (System.Boolean value) [0x0002c] in .\Library\PackageCache\com.unity.visualscripting@1.9.4\Editor\VisualScripting.Core\Utilities\VSUsageUtility.cs:114 
  at Unity.VisualScripting.VSUsageUtility.CheckAndSetIsVisualScriptingUsed () [0x0000d] in .\Library\PackageCache\com.unity.visualscripting@1.9.4\Editor\VisualScripting.Core\Utilities\VSUsageUtility.cs:33 
  at Unity.VisualScripting.VSUsageUtility..cctor () [0x00000] in .\Library\PackageCache\com.unity.visualscripting@1.9.4\Editor\VisualScripting.Core\Utilities\VSUsageUtility.cs:22 
UnityEngine.StackTraceUtility:ExtractStackTrace ()
UnityEngine.DebugLogHandler:LogFormat (UnityEngine.LogType,UnityEngine.Object,string,object[])
UnityEngine.Logger:Log (UnityEngine.LogType,object)
UnityEngine.Debug:LogError (object)
UnityEditor.EditorAssemblies:ProcessInitializeOnLoadAttributes (System.Type[])

[Package Manager] Server::EnsureServerProcessIsRunning -- launch failed, reason: Unity was launched with the -noUpm command-line argument
[Package Manager] UpmClient::Send -- Unable to send message (not connected to UPM process).
[Package Manager] Cannot connect to Unity Package Manager local server
Mono: successfully reloaded assembly
- Finished resetting the current domain, in  1.074 seconds
Domain Reload Profiling: 1435ms
	BeginReloadAssembly (131ms)
		ExecutionOrderSort (0ms)
		DisableScriptedObjects (7ms)
		BackupInstance (0ms)
		ReleaseScriptingObjects (0ms)
		CreateAndSetChildDomain (28ms)
	RebuildCommonClasses (21ms)
	RebuildNativeTypeToScriptingClass (7ms)
	initialDomainReloadingComplete (24ms)
	LoadAllAssembliesAndSetupDomain (178ms)
		LoadAssemblies (228ms)
		RebuildTransferFunctionScriptingTraits (0ms)
		AnalyzeDomain (9ms)
			TypeCache.Refresh (4ms)
				TypeCache.ScanAssembly (0ms)
			ScanForSourceGeneratedMonoScriptInfo (0ms)
			ResolveRequiredComponents (4ms)
	FinalizeReload (1075ms)
		ReleaseScriptCaches (0ms)
		RebuildScriptCaches (0ms)
		SetupLoadedEditorAssemblies (472ms)
			LogAssemblyErrors (0ms)
			InitializePlatformSupportModulesInManaged (6ms)
			SetLoadedEditorAssemblies (5ms)
			RefreshPlugins (0ms)
			BeforeProcessingInitializeOnLoad (60ms)
			ProcessInitializeOnLoadAttributes (371ms)
			ProcessInitializeOnLoadMethodAttributes (24ms)
			AfterProcessingInitializeOnLoad (7ms)
			EditorAssembliesLoaded (0ms)
		ExecutionOrderSort2 (0ms)
		AwakeInstancesAfterBackupRestoration (9ms)
Refreshing native plugins compatible for Editor in 6.35 ms, found 4 plugins.
Preloading 0 native plugins for Editor in 0.00 ms.
Unloading 4063 Unused Serialized files (Serialized files now loaded: 0)
Unloading 25 unused Assets / (213.8 KB). Loaded Objects now: 4895.
Memory consumption went from 147.9 MB to 147.7 MB.
Total: 7.839600 ms (FindLiveObjects: 0.216400 ms CreateObjectMapping: 0.138900 ms MarkObjects: 7.344200 ms  DeleteObjects: 0.139100 ms)

Prepare: number of updated asset objects reloaded= 0
AssetImportParameters requested are different than current active one (requested -> active):
  custom:container-demuxer-ogg: 62fdf1f143b41e24485cea50d1cbac27 -> 
  custom:scripting/monoscript/fileName/text hitpoints.cs: d36093d1da3b739b778440323f6d28ae -> 
  custom:scripting/monoscript/fileName/enemyvalues.cs: 6d3759815fd7be00f9546723da6f552c -> b2871cba44f342a4684feb21ced01089
  custom:scripting/monoscript/fileName/playerhealth.cs: 627fa3622fd9609fbcb99df0f0e3ffd2 -> 
  custom:video-decoder-ogg-theora: a1e56fd34408186e4bbccfd4996cb3dc -> 
  custom:framework-win-MediaFoundation: 216162199b28c13a410421893ffa2e32 -> 
  custom:scripting/monoscript/fileName/health.cs: b1303998ffee75aadca64949bf0a2211 -> 
  custom:CustomObjectIndexerAttribute: 9a22284fe3817be447336de3de66b15e -> 
  custom:scripting/monoscript/fileName/playervalues.cs: b765fddbee80866c9f4d7e2bde69eaa4 -> fefad19e05659674120111df3ff930d2
  custom:container-demuxer-webm: 4f35f7cbe854078d1ac9338744f61a02 -> 
  custom:scripting/monoscript/fileName/Health.cs: 0e01c5d611b7e6f68d551fd8377c081b -> 
  custom:container-muxer-webm: aa71ff27fc2769a1b78a27578f13a17b -> 
  custom:video-decoder-webm-vp8: 9c59270c3fd7afecdb556c50c9e8de78 -> 
  custom:SearchIndexIgnoredProperties: e643bd26f0fe6173181afceb89e7c659 -> 
  custom:AudioImporter_EditorPlatform: d09bf68614088b80899f8185d706f6e7 -> 
  custom:video-encoder-webm-vp8: eb34c28f22e8b96e1ab97ce403110664 -> 
  custom:scripting/monoscript/fileName/player.cs: b1b0b99e0fbd8450a8ac2481988cbaeb -> 
  custom:scripting/monoscript/fileName/combatsystem.cs: 6cab728e1d8cac4dad7bf9e415b8112a -> 8872a57b1c80ec4a65fcbcdad3cdf073
  custom:audio-decoder-ogg-vorbis: bf7c407c2cedff20999df2af8eb42d56 -> 
  custom:scripting/monoscript/fileName/fill.cs: 8a130407ab27c51b3a1b3dbce120d7b8 -> 
  custom:scripting/monoscript/fileName/health system.cs: e0852ac835be5566af11b3affa17d44c -> 
  custom:audio-encoder-webm-vorbis: bf7c407c2cedff20999df2af8eb42d56 -> 
  custom:scripting/precompiled-assembly-types:Assembly-CSharp: fc6c06edcaf9647d67ea1d2a4938dcd4 -> db58d614c6af3664d2fa6bb6dd40fe47
========================================================================
Received Prepare
Caller must complete domain reload
Begin MonoManager ReloadAssembly
- Loaded All Assemblies, in  0.435 seconds
Native extension for WindowsStandalone target not found
Native extension for WebGL target not found
System.Exception: Error! Visual Scripting: couldn't find visual scripting package
  at Unity.VisualScripting.PackageVersionUtility.get_version () [0x00043] in .\Library\PackageCache\com.unity.visualscripting@1.9.4\Editor\VisualScripting.Core\Utilities\PackageVersionUtility.cs:31 
  at Unity.VisualScripting.BoltCoreManifest.get_version () [0x00000] in .\Library\PackageCache\com.unity.visualscripting@1.9.4\Editor\VisualScripting.Core\Plugin\BoltCoreManifest.cs:11 
  at Unity.VisualScripting.PluginManifest.get_currentVersion () [0x00000] in .\Library\PackageCache\com.unity.visualscripting@1.9.4\Editor\VisualScripting.Core\Plugins\PluginManifest.cs:33 
  at Unity.VisualScripting.PluginManifest.get_versionMismatch () [0x00000] in .\Library\PackageCache\com.unity.visualscripting@1.9.4\Editor\VisualScripting.Core\Plugins\PluginManifest.cs:48 
  at Unity.VisualScripting.PluginContainer.Initialize () [0x00525] in .\Library\PackageCache\com.unity.visualscripting@1.9.4\Editor\VisualScripting.Core\Plugins\PluginContainer.cs:208 
  at Unity.VisualScripting.PluginContainer.InitializeOnLoad () [0x00009] in .\Library\PackageCache\com.unity.visualscripting@1.9.4\Editor\VisualScripting.Core\Plugins\PluginContainer.cs:32 
  at Unity.VisualScripting.VSUsageUtility.DoInitializeOnLoadCalls () [0x00034] in .\Library\PackageCache\com.unity.visualscripting@1.9.4\Editor\VisualScripting.Core\Utilities\VSUsageUtility.cs:76 
  at Unity.VisualScripting.VSUsageUtility.set_isVisualScriptingUsed (System.Boolean value) [0x0002c] in .\Library\PackageCache\com.unity.visualscripting@1.9.4\Editor\VisualScripting.Core\Utilities\VSUsageUtility.cs:114 
  at Unity.VisualScripting.VSUsageUtility.CheckAndSetIsVisualScriptingUsed () [0x0000d] in .\Library\PackageCache\com.unity.visualscripting@1.9.4\Editor\VisualScripting.Core\Utilities\VSUsageUtility.cs:33 
  at Unity.VisualScripting.VSUsageUtility..cctor () [0x00000] in .\Library\PackageCache\com.unity.visualscripting@1.9.4\Editor\VisualScripting.Core\Utilities\VSUsageUtility.cs:22 
UnityEngine.StackTraceUtility:ExtractStackTrace ()
UnityEngine.DebugLogHandler:LogFormat (UnityEngine.LogType,UnityEngine.Object,string,object[])
UnityEngine.Logger:Log (UnityEngine.LogType,object)
UnityEngine.Debug:LogError (object)
UnityEditor.EditorAssemblies:ProcessInitializeOnLoadAttributes (System.Type[])

[Package Manager] Server::EnsureServerProcessIsRunning -- launch failed, reason: Unity was launched with the -noUpm command-line argument
[Package Manager] UpmClient::Send -- Unable to send message (not connected to UPM process).
[Package Manager] Cannot connect to Unity Package Manager local server
Mono: successfully reloaded assembly
- Finished resetting the current domain, in  1.299 seconds
Domain Reload Profiling: 1730ms
	BeginReloadAssembly (155ms)
		ExecutionOrderSort (0ms)
		DisableScriptedObjects (8ms)
		BackupInstance (0ms)
		ReleaseScriptingObjects (0ms)
		CreateAndSetChildDomain (33ms)
	RebuildCommonClasses (21ms)
	RebuildNativeTypeToScriptingClass (8ms)
	initialDomainReloadingComplete (26ms)
	LoadAllAssembliesAndSetupDomain (221ms)
		LoadAssemblies (272ms)
		RebuildTransferFunctionScriptingTraits (0ms)
		AnalyzeDomain (20ms)
			TypeCache.Refresh (8ms)
				TypeCache.ScanAssembly (1ms)
			ScanForSourceGeneratedMonoScriptInfo (7ms)
			ResolveRequiredComponents (4ms)
	FinalizeReload (1300ms)
		ReleaseScriptCaches (0ms)
		RebuildScriptCaches (0ms)
		SetupLoadedEditorAssemblies (451ms)
			LogAssemblyErrors (0ms)
			InitializePlatformSupportModulesInManaged (6ms)
			SetLoadedEditorAssemblies (5ms)
			RefreshPlugins (0ms)
			BeforeProcessingInitializeOnLoad (54ms)
			ProcessInitializeOnLoadAttributes (357ms)
			ProcessInitializeOnLoadMethodAttributes (22ms)
			AfterProcessingInitializeOnLoad (6ms)
			EditorAssembliesLoaded (0ms)
		ExecutionOrderSort2 (0ms)
		AwakeInstancesAfterBackupRestoration (9ms)
Refreshing native plugins compatible for Editor in 5.50 ms, found 4 plugins.
Preloading 0 native plugins for Editor in 0.00 ms.
Unloading 4063 Unused Serialized files (Serialized files now loaded: 0)
Unloading 25 unused Assets / (215.7 KB). Loaded Objects now: 4900.
Memory consumption went from 147.9 MB to 147.6 MB.
Total: 7.604900 ms (FindLiveObjects: 0.204500 ms CreateObjectMapping: 0.097900 ms MarkObjects: 7.170800 ms  DeleteObjects: 0.130800 ms)

Prepare: number of updated asset objects reloaded= 0
AssetImportParameters requested are different than current active one (requested -> active):
  custom:container-demuxer-ogg: 62fdf1f143b41e24485cea50d1cbac27 -> 
  custom:scripting/monoscript/fileName/text hitpoints.cs: d36093d1da3b739b778440323f6d28ae -> 
  custom:scripting/monoscript/fileName/enemyvalues.cs: 6d3759815fd7be00f9546723da6f552c -> b2871cba44f342a4684feb21ced01089
  custom:scripting/monoscript/fileName/playerhealth.cs: 627fa3622fd9609fbcb99df0f0e3ffd2 -> 
  custom:video-decoder-ogg-theora: a1e56fd34408186e4bbccfd4996cb3dc -> 
  custom:framework-win-MediaFoundation: 216162199b28c13a410421893ffa2e32 -> 
  custom:scripting/monoscript/fileName/health.cs: b1303998ffee75aadca64949bf0a2211 -> 
  custom:CustomObjectIndexerAttribute: 9a22284fe3817be447336de3de66b15e -> 
  custom:scripting/monoscript/fileName/playervalues.cs: b765fddbee80866c9f4d7e2bde69eaa4 -> fefad19e05659674120111df3ff930d2
  custom:container-demuxer-webm: 4f35f7cbe854078d1ac9338744f61a02 -> 
  custom:scripting/monoscript/fileName/Health.cs: 0e01c5d611b7e6f68d551fd8377c081b -> 
  custom:container-muxer-webm: aa71ff27fc2769a1b78a27578f13a17b -> 
  custom:video-decoder-webm-vp8: 9c59270c3fd7afecdb556c50c9e8de78 -> 
  custom:SearchIndexIgnoredProperties: e643bd26f0fe6173181afceb89e7c659 -> 
  custom:AudioImporter_EditorPlatform: d09bf68614088b80899f8185d706f6e7 -> 
  custom:video-encoder-webm-vp8: eb34c28f22e8b96e1ab97ce403110664 -> 
  custom:scripting/monoscript/fileName/player.cs: b1b0b99e0fbd8450a8ac2481988cbaeb -> 
  custom:scripting/monoscript/fileName/combatsystem.cs: 6cab728e1d8cac4dad7bf9e415b8112a -> 8872a57b1c80ec4a65fcbcdad3cdf073
  custom:audio-decoder-ogg-vorbis: bf7c407c2cedff20999df2af8eb42d56 -> 
  custom:scripting/monoscript/fileName/fill.cs: 8a130407ab27c51b3a1b3dbce120d7b8 -> 
  custom:scripting/monoscript/fileName/health system.cs: e0852ac835be5566af11b3affa17d44c -> 
  custom:audio-encoder-webm-vorbis: bf7c407c2cedff20999df2af8eb42d56 -> 
  custom:scripting/precompiled-assembly-types:Assembly-CSharp: fc6c06edcaf9647d67ea1d2a4938dcd4 -> db58d614c6af3664d2fa6bb6dd40fe47
========================================================================
Received Prepare
Caller must complete domain reload
Begin MonoManager ReloadAssembly
- Loaded All Assemblies, in  0.357 seconds
Native extension for WindowsStandalone target not found
Native extension for WebGL target not found
System.Exception: Error! Visual Scripting: couldn't find visual scripting package
  at Unity.VisualScripting.PackageVersionUtility.get_version () [0x00043] in .\Library\PackageCache\com.unity.visualscripting@1.9.4\Editor\VisualScripting.Core\Utilities\PackageVersionUtility.cs:31 
  at Unity.VisualScripting.BoltCoreManifest.get_version () [0x00000] in .\Library\PackageCache\com.unity.visualscripting@1.9.4\Editor\VisualScripting.Core\Plugin\BoltCoreManifest.cs:11 
  at Unity.VisualScripting.PluginManifest.get_currentVersion () [0x00000] in .\Library\PackageCache\com.unity.visualscripting@1.9.4\Editor\VisualScripting.Core\Plugins\PluginManifest.cs:33 
  at Unity.VisualScripting.PluginManifest.get_versionMismatch () [0x00000] in .\Library\PackageCache\com.unity.visualscripting@1.9.4\Editor\VisualScripting.Core\Plugins\PluginManifest.cs:48 
  at Unity.VisualScripting.PluginContainer.Initialize () [0x00525] in .\Library\PackageCache\com.unity.visualscripting@1.9.4\Editor\VisualScripting.Core\Plugins\PluginContainer.cs:208 
  at Unity.VisualScripting.PluginContainer.InitializeOnLoad () [0x00009] in .\Library\PackageCache\com.unity.visualscripting@1.9.4\Editor\VisualScripting.Core\Plugins\PluginContainer.cs:32 
  at Unity.VisualScripting.VSUsageUtility.DoInitializeOnLoadCalls () [0x00034] in .\Library\PackageCache\com.unity.visualscripting@1.9.4\Editor\VisualScripting.Core\Utilities\VSUsageUtility.cs:76 
  at Unity.VisualScripting.VSUsageUtility.set_isVisualScriptingUsed (System.Boolean value) [0x0002c] in .\Library\PackageCache\com.unity.visualscripting@1.9.4\Editor\VisualScripting.Core\Utilities\VSUsageUtility.cs:114 
  at Unity.VisualScripting.VSUsageUtility.CheckAndSetIsVisualScriptingUsed () [0x0000d] in .\Library\PackageCache\com.unity.visualscripting@1.9.4\Editor\VisualScripting.Core\Utilities\VSUsageUtility.cs:33 
  at Unity.VisualScripting.VSUsageUtility..cctor () [0x00000] in .\Library\PackageCache\com.unity.visualscripting@1.9.4\Editor\VisualScripting.Core\Utilities\VSUsageUtility.cs:22 
UnityEngine.StackTraceUtility:ExtractStackTrace ()
UnityEngine.DebugLogHandler:LogFormat (UnityEngine.LogType,UnityEngine.Object,string,object[])
UnityEngine.Logger:Log (UnityEngine.LogType,object)
UnityEngine.Debug:LogError (object)
UnityEditor.EditorAssemblies:ProcessInitializeOnLoadAttributes (System.Type[])

[Package Manager] Server::EnsureServerProcessIsRunning -- launch failed, reason: Unity was launched with the -noUpm command-line argument
[Package Manager] UpmClient::Send -- Unable to send message (not connected to UPM process).
[Package Manager] Cannot connect to Unity Package Manager local server
Mono: successfully reloaded assembly
- Finished resetting the current domain, in  1.037 seconds
Domain Reload Profiling: 1391ms
	BeginReloadAssembly (128ms)
		ExecutionOrderSort (0ms)
		DisableScriptedObjects (7ms)
		BackupInstance (0ms)
		ReleaseScriptingObjects (0ms)
		CreateAndSetChildDomain (26ms)
	RebuildCommonClasses (24ms)
	RebuildNativeTypeToScriptingClass (10ms)
	initialDomainReloadingComplete (22ms)
	LoadAllAssembliesAndSetupDomain (169ms)
		LoadAssemblies (217ms)
		RebuildTransferFunctionScriptingTraits (0ms)
		AnalyzeDomain (10ms)
			TypeCache.Refresh (5ms)
				TypeCache.ScanAssembly (0ms)
			ScanForSourceGeneratedMonoScriptInfo (0ms)
			ResolveRequiredComponents (4ms)
	FinalizeReload (1037ms)
		ReleaseScriptCaches (0ms)
		RebuildScriptCaches (0ms)
		SetupLoadedEditorAssemblies (464ms)
			LogAssemblyErrors (0ms)
			InitializePlatformSupportModulesInManaged (6ms)
			SetLoadedEditorAssemblies (4ms)
			RefreshPlugins (0ms)
			BeforeProcessingInitializeOnLoad (60ms)
			ProcessInitializeOnLoadAttributes (363ms)
			ProcessInitializeOnLoadMethodAttributes (24ms)
			AfterProcessingInitializeOnLoad (7ms)
			EditorAssembliesLoaded (0ms)
		ExecutionOrderSort2 (0ms)
		AwakeInstancesAfterBackupRestoration (9ms)
Refreshing native plugins compatible for Editor in 5.13 ms, found 4 plugins.
Preloading 0 native plugins for Editor in 0.00 ms.
Unloading 4063 Unused Serialized files (Serialized files now loaded: 0)
Unloading 25 unused Assets / (213.7 KB). Loaded Objects now: 4905.
Memory consumption went from 147.9 MB to 147.7 MB.
Total: 7.369200 ms (FindLiveObjects: 0.213400 ms CreateObjectMapping: 0.102100 ms MarkObjects: 6.895400 ms  DeleteObjects: 0.157500 ms)

Prepare: number of updated asset objects reloaded= 0
AssetImportParameters requested are different than current active one (requested -> active):
  custom:container-demuxer-ogg: 62fdf1f143b41e24485cea50d1cbac27 -> 
  custom:scripting/monoscript/fileName/text hitpoints.cs: d36093d1da3b739b778440323f6d28ae -> 
  custom:scripting/monoscript/fileName/enemyvalues.cs: 6d3759815fd7be00f9546723da6f552c -> b2871cba44f342a4684feb21ced01089
  custom:scripting/monoscript/fileName/playerhealth.cs: 627fa3622fd9609fbcb99df0f0e3ffd2 -> 
  custom:video-decoder-ogg-theora: a1e56fd34408186e4bbccfd4996cb3dc -> 
  custom:framework-win-MediaFoundation: 216162199b28c13a410421893ffa2e32 -> 
  custom:scripting/monoscript/fileName/health.cs: b1303998ffee75aadca64949bf0a2211 -> 
  custom:CustomObjectIndexerAttribute: 9a22284fe3817be447336de3de66b15e -> 
  custom:scripting/monoscript/fileName/playervalues.cs: b765fddbee80866c9f4d7e2bde69eaa4 -> fefad19e05659674120111df3ff930d2
  custom:container-demuxer-webm: 4f35f7cbe854078d1ac9338744f61a02 -> 
  custom:scripting/monoscript/fileName/Health.cs: 0e01c5d611b7e6f68d551fd8377c081b -> 
  custom:container-muxer-webm: aa71ff27fc2769a1b78a27578f13a17b -> 
  custom:video-decoder-webm-vp8: 9c59270c3fd7afecdb556c50c9e8de78 -> 
  custom:SearchIndexIgnoredProperties: e643bd26f0fe6173181afceb89e7c659 -> 
  custom:AudioImporter_EditorPlatform: d09bf68614088b80899f8185d706f6e7 -> 
  custom:video-encoder-webm-vp8: eb34c28f22e8b96e1ab97ce403110664 -> 
  custom:scripting/monoscript/fileName/player.cs: b1b0b99e0fbd8450a8ac2481988cbaeb -> 
  custom:scripting/monoscript/fileName/combatsystem.cs: 6cab728e1d8cac4dad7bf9e415b8112a -> 8872a57b1c80ec4a65fcbcdad3cdf073
  custom:audio-decoder-ogg-vorbis: bf7c407c2cedff20999df2af8eb42d56 -> 
  custom:scripting/monoscript/fileName/fill.cs: 8a130407ab27c51b3a1b3dbce120d7b8 -> 
  custom:scripting/monoscript/fileName/health system.cs: e0852ac835be5566af11b3affa17d44c -> 
  custom:audio-encoder-webm-vorbis: bf7c407c2cedff20999df2af8eb42d56 -> 
  custom:scripting/precompiled-assembly-types:Assembly-CSharp: fc6c06edcaf9647d67ea1d2a4938dcd4 -> db58d614c6af3664d2fa6bb6dd40fe47
========================================================================
Received Prepare
Caller must complete domain reload
Begin MonoManager ReloadAssembly
- Loaded All Assemblies, in  0.800 seconds
Native extension for WindowsStandalone target not found
Native extension for WebGL target not found
System.Exception: Error! Visual Scripting: couldn't find visual scripting package
  at Unity.VisualScripting.PackageVersionUtility.get_version () [0x00043] in .\Library\PackageCache\com.unity.visualscripting@1.9.4\Editor\VisualScripting.Core\Utilities\PackageVersionUtility.cs:31 
  at Unity.VisualScripting.BoltCoreManifest.get_version () [0x00000] in .\Library\PackageCache\com.unity.visualscripting@1.9.4\Editor\VisualScripting.Core\Plugin\BoltCoreManifest.cs:11 
  at Unity.VisualScripting.PluginManifest.get_currentVersion () [0x00000] in .\Library\PackageCache\com.unity.visualscripting@1.9.4\Editor\VisualScripting.Core\Plugins\PluginManifest.cs:33 
  at Unity.VisualScripting.PluginManifest.get_versionMismatch () [0x00000] in .\Library\PackageCache\com.unity.visualscripting@1.9.4\Editor\VisualScripting.Core\Plugins\PluginManifest.cs:48 
  at Unity.VisualScripting.PluginContainer.Initialize () [0x00525] in .\Library\PackageCache\com.unity.visualscripting@1.9.4\Editor\VisualScripting.Core\Plugins\PluginContainer.cs:208 
  at Unity.VisualScripting.PluginContainer.InitializeOnLoad () [0x00009] in .\Library\PackageCache\com.unity.visualscripting@1.9.4\Editor\VisualScripting.Core\Plugins\PluginContainer.cs:32 
  at Unity.VisualScripting.VSUsageUtility.DoInitializeOnLoadCalls () [0x00034] in .\Library\PackageCache\com.unity.visualscripting@1.9.4\Editor\VisualScripting.Core\Utilities\VSUsageUtility.cs:76 
  at Unity.VisualScripting.VSUsageUtility.set_isVisualScriptingUsed (System.Boolean value) [0x0002c] in .\Library\PackageCache\com.unity.visualscripting@1.9.4\Editor\VisualScripting.Core\Utilities\VSUsageUtility.cs:114 
  at Unity.VisualScripting.VSUsageUtility.CheckAndSetIsVisualScriptingUsed () [0x0000d] in .\Library\PackageCache\com.unity.visualscripting@1.9.4\Editor\VisualScripting.Core\Utilities\VSUsageUtility.cs:33 
  at Unity.VisualScripting.VSUsageUtility..cctor () [0x00000] in .\Library\PackageCache\com.unity.visualscripting@1.9.4\Editor\VisualScripting.Core\Utilities\VSUsageUtility.cs:22 
UnityEngine.StackTraceUtility:ExtractStackTrace ()
UnityEngine.DebugLogHandler:LogFormat (UnityEngine.LogType,UnityEngine.Object,string,object[])
UnityEngine.Logger:Log (UnityEngine.LogType,object)
UnityEngine.Debug:LogError (object)
UnityEditor.EditorAssemblies:ProcessInitializeOnLoadAttributes (System.Type[])

[Package Manager] Server::EnsureServerProcessIsRunning -- launch failed, reason: Unity was launched with the -noUpm command-line argument
[Package Manager] UpmClient::Send -- Unable to send message (not connected to UPM process).
[Package Manager] Cannot connect to Unity Package Manager local server
Mono: successfully reloaded assembly
- Finished resetting the current domain, in  1.562 seconds
Domain Reload Profiling: 2352ms
	BeginReloadAssembly (258ms)
		ExecutionOrderSort (0ms)
		DisableScriptedObjects (13ms)
		BackupInstance (0ms)
		ReleaseScriptingObjects (0ms)
		CreateAndSetChildDomain (41ms)
	RebuildCommonClasses (44ms)
	RebuildNativeTypeToScriptingClass (14ms)
	initialDomainReloadingComplete (44ms)
	LoadAllAssembliesAndSetupDomain (429ms)
		LoadAssemblies (509ms)
		RebuildTransferFunctionScriptingTraits (0ms)
		AnalyzeDomain (32ms)
			TypeCache.Refresh (11ms)
				TypeCache.ScanAssembly (1ms)
			ScanForSourceGeneratedMonoScriptInfo (11ms)
			ResolveRequiredComponents (8ms)
	FinalizeReload (1562ms)
		ReleaseScriptCaches (0ms)
		RebuildScriptCaches (0ms)
		SetupLoadedEditorAssemblies (446ms)
			LogAssemblyErrors (0ms)
			InitializePlatformSupportModulesInManaged (5ms)
			SetLoadedEditorAssemblies (4ms)
			RefreshPlugins (0ms)
			BeforeProcessingInitializeOnLoad (54ms)
			ProcessInitializeOnLoadAttributes (354ms)
			ProcessInitializeOnLoadMethodAttributes (21ms)
			AfterProcessingInitializeOnLoad (6ms)
			EditorAssembliesLoaded (0ms)
		ExecutionOrderSort2 (0ms)
		AwakeInstancesAfterBackupRestoration (8ms)
Refreshing native plugins compatible for Editor in 4.71 ms, found 4 plugins.
Preloading 0 native plugins for Editor in 0.00 ms.
Unloading 4063 Unused Serialized files (Serialized files now loaded: 0)
Unloading 25 unused Assets / (213.6 KB). Loaded Objects now: 4910.
Memory consumption went from 147.9 MB to 147.7 MB.
Total: 6.873300 ms (FindLiveObjects: 0.196100 ms CreateObjectMapping: 0.086100 ms MarkObjects: 6.469600 ms  DeleteObjects: 0.120500 ms)

Prepare: number of updated asset objects reloaded= 0
AssetImportParameters requested are different than current active one (requested -> active):
  custom:container-demuxer-ogg: 62fdf1f143b41e24485cea50d1cbac27 -> 
  custom:scripting/monoscript/fileName/text hitpoints.cs: d36093d1da3b739b778440323f6d28ae -> 
  custom:scripting/monoscript/fileName/enemyvalues.cs: 6d3759815fd7be00f9546723da6f552c -> b2871cba44f342a4684feb21ced01089
  custom:scripting/monoscript/fileName/playerhealth.cs: 627fa3622fd9609fbcb99df0f0e3ffd2 -> 
  custom:video-decoder-ogg-theora: a1e56fd34408186e4bbccfd4996cb3dc -> 
  custom:framework-win-MediaFoundation: 216162199b28c13a410421893ffa2e32 -> 
  custom:scripting/monoscript/fileName/health.cs: b1303998ffee75aadca64949bf0a2211 -> 
  custom:CustomObjectIndexerAttribute: 9a22284fe3817be447336de3de66b15e -> 
  custom:scripting/monoscript/fileName/playervalues.cs: b765fddbee80866c9f4d7e2bde69eaa4 -> fefad19e05659674120111df3ff930d2
  custom:container-demuxer-webm: 4f35f7cbe854078d1ac9338744f61a02 -> 
  custom:scripting/monoscript/fileName/Health.cs: 0e01c5d611b7e6f68d551fd8377c081b -> 
  custom:container-muxer-webm: aa71ff27fc2769a1b78a27578f13a17b -> 
  custom:video-decoder-webm-vp8: 9c59270c3fd7afecdb556c50c9e8de78 -> 
  custom:SearchIndexIgnoredProperties: e643bd26f0fe6173181afceb89e7c659 -> 
  custom:AudioImporter_EditorPlatform: d09bf68614088b80899f8185d706f6e7 -> 
  custom:video-encoder-webm-vp8: eb34c28f22e8b96e1ab97ce403110664 -> 
  custom:scripting/monoscript/fileName/player.cs: b1b0b99e0fbd8450a8ac2481988cbaeb -> 
  custom:scripting/monoscript/fileName/combatsystem.cs: 6cab728e1d8cac4dad7bf9e415b8112a -> 8872a57b1c80ec4a65fcbcdad3cdf073
  custom:audio-decoder-ogg-vorbis: bf7c407c2cedff20999df2af8eb42d56 -> 
  custom:scripting/monoscript/fileName/fill.cs: 8a130407ab27c51b3a1b3dbce120d7b8 -> 
  custom:scripting/monoscript/fileName/health system.cs: e0852ac835be5566af11b3affa17d44c -> 
  custom:audio-encoder-webm-vorbis: bf7c407c2cedff20999df2af8eb42d56 -> 
  custom:scripting/precompiled-assembly-types:Assembly-CSharp: fc6c06edcaf9647d67ea1d2a4938dcd4 -> db58d614c6af3664d2fa6bb6dd40fe47
========================================================================
Received Prepare
Caller must complete domain reload
Begin MonoManager ReloadAssembly
- Loaded All Assemblies, in  0.357 seconds
Native extension for WindowsStandalone target not found
Native extension for WebGL target not found
System.Exception: Error! Visual Scripting: couldn't find visual scripting package
  at Unity.VisualScripting.PackageVersionUtility.get_version () [0x00043] in .\Library\PackageCache\com.unity.visualscripting@1.9.4\Editor\VisualScripting.Core\Utilities\PackageVersionUtility.cs:31 
  at Unity.VisualScripting.BoltCoreManifest.get_version () [0x00000] in .\Library\PackageCache\com.unity.visualscripting@1.9.4\Editor\VisualScripting.Core\Plugin\BoltCoreManifest.cs:11 
  at Unity.VisualScripting.PluginManifest.get_currentVersion () [0x00000] in .\Library\PackageCache\com.unity.visualscripting@1.9.4\Editor\VisualScripting.Core\Plugins\PluginManifest.cs:33 
  at Unity.VisualScripting.PluginManifest.get_versionMismatch () [0x00000] in .\Library\PackageCache\com.unity.visualscripting@1.9.4\Editor\VisualScripting.Core\Plugins\PluginManifest.cs:48 
  at Unity.VisualScripting.PluginContainer.Initialize () [0x00525] in .\Library\PackageCache\com.unity.visualscripting@1.9.4\Editor\VisualScripting.Core\Plugins\PluginContainer.cs:208 
  at Unity.VisualScripting.PluginContainer.InitializeOnLoad () [0x00009] in .\Library\PackageCache\com.unity.visualscripting@1.9.4\Editor\VisualScripting.Core\Plugins\PluginContainer.cs:32 
  at Unity.VisualScripting.VSUsageUtility.DoInitializeOnLoadCalls () [0x00034] in .\Library\PackageCache\com.unity.visualscripting@1.9.4\Editor\VisualScripting.Core\Utilities\VSUsageUtility.cs:76 
  at Unity.VisualScripting.VSUsageUtility.set_isVisualScriptingUsed (System.Boolean value) [0x0002c] in .\Library\PackageCache\com.unity.visualscripting@1.9.4\Editor\VisualScripting.Core\Utilities\VSUsageUtility.cs:114 
  at Unity.VisualScripting.VSUsageUtility.CheckAndSetIsVisualScriptingUsed () [0x0000d] in .\Library\PackageCache\com.unity.visualscripting@1.9.4\Editor\VisualScripting.Core\Utilities\VSUsageUtility.cs:33 
  at Unity.VisualScripting.VSUsageUtility..cctor () [0x00000] in .\Library\PackageCache\com.unity.visualscripting@1.9.4\Editor\VisualScripting.Core\Utilities\VSUsageUtility.cs:22 
UnityEngine.StackTraceUtility:ExtractStackTrace ()
UnityEngine.DebugLogHandler:LogFormat (UnityEngine.LogType,UnityEngine.Object,string,object[])
UnityEngine.Logger:Log (UnityEngine.LogType,object)
UnityEngine.Debug:LogError (object)
UnityEditor.EditorAssemblies:ProcessInitializeOnLoadAttributes (System.Type[])

[Package Manager] Server::EnsureServerProcessIsRunning -- launch failed, reason: Unity was launched with the -noUpm command-line argument
[Package Manager] UpmClient::Send -- Unable to send message (not connected to UPM process).
[Package Manager] Cannot connect to Unity Package Manager local server
Mono: successfully reloaded assembly
- Finished resetting the current domain, in  1.034 seconds
Domain Reload Profiling: 1387ms
	BeginReloadAssembly (127ms)
		ExecutionOrderSort (0ms)
		DisableScriptedObjects (7ms)
		BackupInstance (0ms)
		ReleaseScriptingObjects (0ms)
		CreateAndSetChildDomain (26ms)
	RebuildCommonClasses (22ms)
	RebuildNativeTypeToScriptingClass (7ms)
	initialDomainReloadingComplete (22ms)
	LoadAllAssembliesAndSetupDomain (174ms)
		LoadAssemblies (222ms)
		RebuildTransferFunctionScriptingTraits (0ms)
		AnalyzeDomain (10ms)
			TypeCache.Refresh (4ms)
				TypeCache.ScanAssembly (0ms)
			ScanForSourceGeneratedMonoScriptInfo (0ms)
			ResolveRequiredComponents (5ms)
	FinalizeReload (1034ms)
		ReleaseScriptCaches (0ms)
		RebuildScriptCaches (0ms)
		SetupLoadedEditorAssemblies (461ms)
			LogAssemblyErrors (0ms)
			InitializePlatformSupportModulesInManaged (6ms)
			SetLoadedEditorAssemblies (4ms)
			RefreshPlugins (0ms)
			BeforeProcessingInitializeOnLoad (50ms)
			ProcessInitializeOnLoadAttributes (375ms)
			ProcessInitializeOnLoadMethodAttributes (19ms)
			AfterProcessingInitializeOnLoad (6ms)
			EditorAssembliesLoaded (0ms)
		ExecutionOrderSort2 (0ms)
		AwakeInstancesAfterBackupRestoration (9ms)
Refreshing native plugins compatible for Editor in 4.56 ms, found 4 plugins.
Preloading 0 native plugins for Editor in 0.00 ms.
Unloading 4063 Unused Serialized files (Serialized files now loaded: 0)
Unloading 25 unused Assets / (213.8 KB). Loaded Objects now: 4915.
Memory consumption went from 147.9 MB to 147.7 MB.
Total: 6.994600 ms (FindLiveObjects: 0.212300 ms CreateObjectMapping: 0.102200 ms MarkObjects: 6.544500 ms  DeleteObjects: 0.134700 ms)

Prepare: number of updated asset objects reloaded= 0
AssetImportParameters requested are different than current active one (requested -> active):
  custom:container-demuxer-ogg: 62fdf1f143b41e24485cea50d1cbac27 -> 
  custom:scripting/monoscript/fileName/text hitpoints.cs: d36093d1da3b739b778440323f6d28ae -> 
  custom:scripting/monoscript/fileName/enemyvalues.cs: 6d3759815fd7be00f9546723da6f552c -> b2871cba44f342a4684feb21ced01089
  custom:scripting/monoscript/fileName/playerhealth.cs: 627fa3622fd9609fbcb99df0f0e3ffd2 -> 
  custom:video-decoder-ogg-theora: a1e56fd34408186e4bbccfd4996cb3dc -> 
  custom:framework-win-MediaFoundation: 216162199b28c13a410421893ffa2e32 -> 
  custom:scripting/monoscript/fileName/health.cs: b1303998ffee75aadca64949bf0a2211 -> 
  custom:CustomObjectIndexerAttribute: 9a22284fe3817be447336de3de66b15e -> 
  custom:scripting/monoscript/fileName/playervalues.cs: b765fddbee80866c9f4d7e2bde69eaa4 -> fefad19e05659674120111df3ff930d2
  custom:container-demuxer-webm: 4f35f7cbe854078d1ac9338744f61a02 -> 
  custom:scripting/monoscript/fileName/Health.cs: 0e01c5d611b7e6f68d551fd8377c081b -> 
  custom:container-muxer-webm: aa71ff27fc2769a1b78a27578f13a17b -> 
  custom:video-decoder-webm-vp8: 9c59270c3fd7afecdb556c50c9e8de78 -> 
  custom:SearchIndexIgnoredProperties: e643bd26f0fe6173181afceb89e7c659 -> 
  custom:AudioImporter_EditorPlatform: d09bf68614088b80899f8185d706f6e7 -> 
  custom:video-encoder-webm-vp8: eb34c28f22e8b96e1ab97ce403110664 -> 
  custom:scripting/monoscript/fileName/player.cs: b1b0b99e0fbd8450a8ac2481988cbaeb -> 
  custom:scripting/monoscript/fileName/combatsystem.cs: 6cab728e1d8cac4dad7bf9e415b8112a -> 8872a57b1c80ec4a65fcbcdad3cdf073
  custom:audio-decoder-ogg-vorbis: bf7c407c2cedff20999df2af8eb42d56 -> 
  custom:scripting/monoscript/fileName/fill.cs: 8a130407ab27c51b3a1b3dbce120d7b8 -> 
  custom:scripting/monoscript/fileName/health system.cs: e0852ac835be5566af11b3affa17d44c -> 
  custom:audio-encoder-webm-vorbis: bf7c407c2cedff20999df2af8eb42d56 -> 
  custom:scripting/precompiled-assembly-types:Assembly-CSharp: fc6c06edcaf9647d67ea1d2a4938dcd4 -> db58d614c6af3664d2fa6bb6dd40fe47
========================================================================
Received Prepare
Caller must complete domain reload
Begin MonoManager ReloadAssembly
- Loaded All Assemblies, in  0.687 seconds
Native extension for WindowsStandalone target not found
Native extension for WebGL target not found
System.Exception: Error! Visual Scripting: couldn't find visual scripting package
  at Unity.VisualScripting.PackageVersionUtility.get_version () [0x00043] in .\Library\PackageCache\com.unity.visualscripting@1.9.4\Editor\VisualScripting.Core\Utilities\PackageVersionUtility.cs:31 
  at Unity.VisualScripting.BoltCoreManifest.get_version () [0x00000] in .\Library\PackageCache\com.unity.visualscripting@1.9.4\Editor\VisualScripting.Core\Plugin\BoltCoreManifest.cs:11 
  at Unity.VisualScripting.PluginManifest.get_currentVersion () [0x00000] in .\Library\PackageCache\com.unity.visualscripting@1.9.4\Editor\VisualScripting.Core\Plugins\PluginManifest.cs:33 
  at Unity.VisualScripting.PluginManifest.get_versionMismatch () [0x00000] in .\Library\PackageCache\com.unity.visualscripting@1.9.4\Editor\VisualScripting.Core\Plugins\PluginManifest.cs:48 
  at Unity.VisualScripting.PluginContainer.Initialize () [0x00525] in .\Library\PackageCache\com.unity.visualscripting@1.9.4\Editor\VisualScripting.Core\Plugins\PluginContainer.cs:208 
  at Unity.VisualScripting.PluginContainer.InitializeOnLoad () [0x00009] in .\Library\PackageCache\com.unity.visualscripting@1.9.4\Editor\VisualScripting.Core\Plugins\PluginContainer.cs:32 
  at Unity.VisualScripting.VSUsageUtility.DoInitializeOnLoadCalls () [0x00034] in .\Library\PackageCache\com.unity.visualscripting@1.9.4\Editor\VisualScripting.Core\Utilities\VSUsageUtility.cs:76 
  at Unity.VisualScripting.VSUsageUtility.set_isVisualScriptingUsed (System.Boolean value) [0x0002c] in .\Library\PackageCache\com.unity.visualscripting@1.9.4\Editor\VisualScripting.Core\Utilities\VSUsageUtility.cs:114 
  at Unity.VisualScripting.VSUsageUtility.CheckAndSetIsVisualScriptingUsed () [0x0000d] in .\Library\PackageCache\com.unity.visualscripting@1.9.4\Editor\VisualScripting.Core\Utilities\VSUsageUtility.cs:33 
  at Unity.VisualScripting.VSUsageUtility..cctor () [0x00000] in .\Library\PackageCache\com.unity.visualscripting@1.9.4\Editor\VisualScripting.Core\Utilities\VSUsageUtility.cs:22 
UnityEngine.StackTraceUtility:ExtractStackTrace ()
UnityEngine.DebugLogHandler:LogFormat (UnityEngine.LogType,UnityEngine.Object,string,object[])
UnityEngine.Logger:Log (UnityEngine.LogType,object)
UnityEngine.Debug:LogError (object)
UnityEditor.EditorAssemblies:ProcessInitializeOnLoadAttributes (System.Type[])

[Package Manager] Server::EnsureServerProcessIsRunning -- launch failed, reason: Unity was launched with the -noUpm command-line argument
[Package Manager] UpmClient::Send -- Unable to send message (not connected to UPM process).
[Package Manager] Cannot connect to Unity Package Manager local server
Mono: successfully reloaded assembly
- Finished resetting the current domain, in  1.175 seconds
Domain Reload Profiling: 1853ms
	BeginReloadAssembly (216ms)
		ExecutionOrderSort (0ms)
		DisableScriptedObjects (13ms)
		BackupInstance (0ms)
		ReleaseScriptingObjects (0ms)
		CreateAndSetChildDomain (41ms)
	RebuildCommonClasses (41ms)
	RebuildNativeTypeToScriptingClass (13ms)
	initialDomainReloadingComplete (44ms)
	LoadAllAssembliesAndSetupDomain (363ms)
		LoadAssemblies (436ms)
		RebuildTransferFunctionScriptingTraits (0ms)
		AnalyzeDomain (32ms)
			TypeCache.Refresh (11ms)
				TypeCache.ScanAssembly (1ms)
			ScanForSourceGeneratedMonoScriptInfo (12ms)
			ResolveRequiredComponents (9ms)
	FinalizeReload (1175ms)
		ReleaseScriptCaches (0ms)
		RebuildScriptCaches (0ms)
		SetupLoadedEditorAssemblies (457ms)
			LogAssemblyErrors (0ms)
			InitializePlatformSupportModulesInManaged (5ms)
			SetLoadedEditorAssemblies (4ms)
			RefreshPlugins (0ms)
			BeforeProcessingInitializeOnLoad (55ms)
			ProcessInitializeOnLoadAttributes (363ms)
			ProcessInitializeOnLoadMethodAttributes (23ms)
			AfterProcessingInitializeOnLoad (6ms)
			EditorAssembliesLoaded (0ms)
		ExecutionOrderSort2 (0ms)
		AwakeInstancesAfterBackupRestoration (9ms)
Refreshing native plugins compatible for Editor in 6.71 ms, found 4 plugins.
Preloading 0 native plugins for Editor in 0.00 ms.
Unloading 4063 Unused Serialized files (Serialized files now loaded: 0)
Unloading 25 unused Assets / (213.8 KB). Loaded Objects now: 4920.
Memory consumption went from 147.9 MB to 147.7 MB.
Total: 7.881900 ms (FindLiveObjects: 0.477300 ms CreateObjectMapping: 0.149100 ms MarkObjects: 7.114300 ms  DeleteObjects: 0.139600 ms)

Prepare: number of updated asset objects reloaded= 0
AssetImportParameters requested are different than current active one (requested -> active):
  custom:container-demuxer-ogg: 62fdf1f143b41e24485cea50d1cbac27 -> 
  custom:scripting/monoscript/fileName/text hitpoints.cs: d36093d1da3b739b778440323f6d28ae -> 
  custom:scripting/monoscript/fileName/enemyvalues.cs: 6d3759815fd7be00f9546723da6f552c -> b2871cba44f342a4684feb21ced01089
  custom:scripting/monoscript/fileName/playerhealth.cs: 627fa3622fd9609fbcb99df0f0e3ffd2 -> 
  custom:video-decoder-ogg-theora: a1e56fd34408186e4bbccfd4996cb3dc -> 
  custom:framework-win-MediaFoundation: 216162199b28c13a410421893ffa2e32 -> 
  custom:scripting/monoscript/fileName/health.cs: b1303998ffee75aadca64949bf0a2211 -> 
  custom:CustomObjectIndexerAttribute: 9a22284fe3817be447336de3de66b15e -> 
  custom:scripting/monoscript/fileName/playervalues.cs: b765fddbee80866c9f4d7e2bde69eaa4 -> fefad19e05659674120111df3ff930d2
  custom:container-demuxer-webm: 4f35f7cbe854078d1ac9338744f61a02 -> 
  custom:scripting/monoscript/fileName/Health.cs: 0e01c5d611b7e6f68d551fd8377c081b -> 
  custom:container-muxer-webm: aa71ff27fc2769a1b78a27578f13a17b -> 
  custom:video-decoder-webm-vp8: 9c59270c3fd7afecdb556c50c9e8de78 -> 
  custom:SearchIndexIgnoredProperties: e643bd26f0fe6173181afceb89e7c659 -> 
  custom:AudioImporter_EditorPlatform: d09bf68614088b80899f8185d706f6e7 -> 
  custom:video-encoder-webm-vp8: eb34c28f22e8b96e1ab97ce403110664 -> 
  custom:scripting/monoscript/fileName/player.cs: b1b0b99e0fbd8450a8ac2481988cbaeb -> 
  custom:scripting/monoscript/fileName/combatsystem.cs: 6cab728e1d8cac4dad7bf9e415b8112a -> 8872a57b1c80ec4a65fcbcdad3cdf073
  custom:audio-decoder-ogg-vorbis: bf7c407c2cedff20999df2af8eb42d56 -> 
  custom:scripting/monoscript/fileName/fill.cs: 8a130407ab27c51b3a1b3dbce120d7b8 -> 
  custom:scripting/monoscript/fileName/health system.cs: e0852ac835be5566af11b3affa17d44c -> 
  custom:audio-encoder-webm-vorbis: bf7c407c2cedff20999df2af8eb42d56 -> 
  custom:scripting/precompiled-assembly-types:Assembly-CSharp: fc6c06edcaf9647d67ea1d2a4938dcd4 -> db58d614c6af3664d2fa6bb6dd40fe47
========================================================================
Received Prepare
Caller must complete domain reload
Begin MonoManager ReloadAssembly
- Loaded All Assemblies, in  0.355 seconds
Native extension for WindowsStandalone target not found
Native extension for WebGL target not found
System.Exception: Error! Visual Scripting: couldn't find visual scripting package
  at Unity.VisualScripting.PackageVersionUtility.get_version () [0x00043] in .\Library\PackageCache\com.unity.visualscripting@1.9.4\Editor\VisualScripting.Core\Utilities\PackageVersionUtility.cs:31 
  at Unity.VisualScripting.BoltCoreManifest.get_version () [0x00000] in .\Library\PackageCache\com.unity.visualscripting@1.9.4\Editor\VisualScripting.Core\Plugin\BoltCoreManifest.cs:11 
  at Unity.VisualScripting.PluginManifest.get_currentVersion () [0x00000] in .\Library\PackageCache\com.unity.visualscripting@1.9.4\Editor\VisualScripting.Core\Plugins\PluginManifest.cs:33 
  at Unity.VisualScripting.PluginManifest.get_versionMismatch () [0x00000] in .\Library\PackageCache\com.unity.visualscripting@1.9.4\Editor\VisualScripting.Core\Plugins\PluginManifest.cs:48 
  at Unity.VisualScripting.PluginContainer.Initialize () [0x00525] in .\Library\PackageCache\com.unity.visualscripting@1.9.4\Editor\VisualScripting.Core\Plugins\PluginContainer.cs:208 
  at Unity.VisualScripting.PluginContainer.InitializeOnLoad () [0x00009] in .\Library\PackageCache\com.unity.visualscripting@1.9.4\Editor\VisualScripting.Core\Plugins\PluginContainer.cs:32 
  at Unity.VisualScripting.VSUsageUtility.DoInitializeOnLoadCalls () [0x00034] in .\Library\PackageCache\com.unity.visualscripting@1.9.4\Editor\VisualScripting.Core\Utilities\VSUsageUtility.cs:76 
  at Unity.VisualScripting.VSUsageUtility.set_isVisualScriptingUsed (System.Boolean value) [0x0002c] in .\Library\PackageCache\com.unity.visualscripting@1.9.4\Editor\VisualScripting.Core\Utilities\VSUsageUtility.cs:114 
  at Unity.VisualScripting.VSUsageUtility.CheckAndSetIsVisualScriptingUsed () [0x0000d] in .\Library\PackageCache\com.unity.visualscripting@1.9.4\Editor\VisualScripting.Core\Utilities\VSUsageUtility.cs:33 
  at Unity.VisualScripting.VSUsageUtility..cctor () [0x00000] in .\Library\PackageCache\com.unity.visualscripting@1.9.4\Editor\VisualScripting.Core\Utilities\VSUsageUtility.cs:22 
UnityEngine.StackTraceUtility:ExtractStackTrace ()
UnityEngine.DebugLogHandler:LogFormat (UnityEngine.LogType,UnityEngine.Object,string,object[])
UnityEngine.Logger:Log (UnityEngine.LogType,object)
UnityEngine.Debug:LogError (object)
UnityEditor.EditorAssemblies:ProcessInitializeOnLoadAttributes (System.Type[])

[Package Manager] Server::EnsureServerProcessIsRunning -- launch failed, reason: Unity was launched with the -noUpm command-line argument
[Package Manager] UpmClient::Send -- Unable to send message (not connected to UPM process).
[Package Manager] Cannot connect to Unity Package Manager local server
Mono: successfully reloaded assembly
- Finished resetting the current domain, in  1.016 seconds
Domain Reload Profiling: 1367ms
	BeginReloadAssembly (123ms)
		ExecutionOrderSort (0ms)
		DisableScriptedObjects (7ms)
		BackupInstance (0ms)
		ReleaseScriptingObjects (0ms)
		CreateAndSetChildDomain (25ms)
	RebuildCommonClasses (20ms)
	RebuildNativeTypeToScriptingClass (7ms)
	initialDomainReloadingComplete (24ms)
	LoadAllAssembliesAndSetupDomain (177ms)
		LoadAssemblies (223ms)
		RebuildTransferFunctionScriptingTraits (0ms)
		AnalyzeDomain (9ms)
			TypeCache.Refresh (4ms)
				TypeCache.ScanAssembly (0ms)
			ScanForSourceGeneratedMonoScriptInfo (0ms)
			ResolveRequiredComponents (4ms)
	FinalizeReload (1017ms)
		ReleaseScriptCaches (0ms)
		RebuildScriptCaches (0ms)
		SetupLoadedEditorAssemblies (457ms)
			LogAssemblyErrors (0ms)
			InitializePlatformSupportModulesInManaged (6ms)
			SetLoadedEditorAssemblies (4ms)
			RefreshPlugins (0ms)
			BeforeProcessingInitializeOnLoad (50ms)
			ProcessInitializeOnLoadAttributes (368ms)
			ProcessInitializeOnLoadMethodAttributes (22ms)
			AfterProcessingInitializeOnLoad (6ms)
			EditorAssembliesLoaded (0ms)
		ExecutionOrderSort2 (0ms)
		AwakeInstancesAfterBackupRestoration (8ms)
Refreshing native plugins compatible for Editor in 8.34 ms, found 4 plugins.
Preloading 0 native plugins for Editor in 0.00 ms.
Unloading 4063 Unused Serialized files (Serialized files now loaded: 0)
Unloading 25 unused Assets / (213.6 KB). Loaded Objects now: 4925.
Memory consumption went from 147.9 MB to 147.7 MB.
Total: 7.628100 ms (FindLiveObjects: 0.493600 ms CreateObjectMapping: 0.157600 ms MarkObjects: 6.843100 ms  DeleteObjects: 0.132600 ms)

Prepare: number of updated asset objects reloaded= 0
AssetImportParameters requested are different than current active one (requested -> active):
  custom:container-demuxer-ogg: 62fdf1f143b41e24485cea50d1cbac27 -> 
  custom:scripting/monoscript/fileName/text hitpoints.cs: d36093d1da3b739b778440323f6d28ae -> 
  custom:scripting/monoscript/fileName/enemyvalues.cs: 6d3759815fd7be00f9546723da6f552c -> b2871cba44f342a4684feb21ced01089
  custom:scripting/monoscript/fileName/playerhealth.cs: 627fa3622fd9609fbcb99df0f0e3ffd2 -> 
  custom:video-decoder-ogg-theora: a1e56fd34408186e4bbccfd4996cb3dc -> 
  custom:framework-win-MediaFoundation: 216162199b28c13a410421893ffa2e32 -> 
  custom:scripting/monoscript/fileName/health.cs: b1303998ffee75aadca64949bf0a2211 -> 
  custom:CustomObjectIndexerAttribute: 9a22284fe3817be447336de3de66b15e -> 
  custom:scripting/monoscript/fileName/playervalues.cs: b765fddbee80866c9f4d7e2bde69eaa4 -> fefad19e05659674120111df3ff930d2
  custom:container-demuxer-webm: 4f35f7cbe854078d1ac9338744f61a02 -> 
  custom:scripting/monoscript/fileName/Health.cs: 0e01c5d611b7e6f68d551fd8377c081b -> 
  custom:container-muxer-webm: aa71ff27fc2769a1b78a27578f13a17b -> 
  custom:video-decoder-webm-vp8: 9c59270c3fd7afecdb556c50c9e8de78 -> 
  custom:SearchIndexIgnoredProperties: e643bd26f0fe6173181afceb89e7c659 -> 
  custom:AudioImporter_EditorPlatform: d09bf68614088b80899f8185d706f6e7 -> 
  custom:video-encoder-webm-vp8: eb34c28f22e8b96e1ab97ce403110664 -> 
  custom:scripting/monoscript/fileName/player.cs: b1b0b99e0fbd8450a8ac2481988cbaeb -> 
  custom:scripting/monoscript/fileName/combatsystem.cs: 6cab728e1d8cac4dad7bf9e415b8112a -> 8872a57b1c80ec4a65fcbcdad3cdf073
  custom:audio-decoder-ogg-vorbis: bf7c407c2cedff20999df2af8eb42d56 -> 
  custom:scripting/monoscript/fileName/fill.cs: 8a130407ab27c51b3a1b3dbce120d7b8 -> 
  custom:scripting/monoscript/fileName/health system.cs: e0852ac835be5566af11b3affa17d44c -> 
  custom:audio-encoder-webm-vorbis: bf7c407c2cedff20999df2af8eb42d56 -> 
  custom:scripting/precompiled-assembly-types:Assembly-CSharp: fc6c06edcaf9647d67ea1d2a4938dcd4 -> db58d614c6af3664d2fa6bb6dd40fe47
========================================================================
Received Prepare
Caller must complete domain reload
Begin MonoManager ReloadAssembly
- Loaded All Assemblies, in  0.360 seconds
Native extension for WindowsStandalone target not found
Native extension for WebGL target not found
System.Exception: Error! Visual Scripting: couldn't find visual scripting package
  at Unity.VisualScripting.PackageVersionUtility.get_version () [0x00043] in .\Library\PackageCache\com.unity.visualscripting@1.9.4\Editor\VisualScripting.Core\Utilities\PackageVersionUtility.cs:31 
  at Unity.VisualScripting.BoltCoreManifest.get_version () [0x00000] in .\Library\PackageCache\com.unity.visualscripting@1.9.4\Editor\VisualScripting.Core\Plugin\BoltCoreManifest.cs:11 
  at Unity.VisualScripting.PluginManifest.get_currentVersion () [0x00000] in .\Library\PackageCache\com.unity.visualscripting@1.9.4\Editor\VisualScripting.Core\Plugins\PluginManifest.cs:33 
  at Unity.VisualScripting.PluginManifest.get_versionMismatch () [0x00000] in .\Library\PackageCache\com.unity.visualscripting@1.9.4\Editor\VisualScripting.Core\Plugins\PluginManifest.cs:48 
  at Unity.VisualScripting.PluginContainer.Initialize () [0x00525] in .\Library\PackageCache\com.unity.visualscripting@1.9.4\Editor\VisualScripting.Core\Plugins\PluginContainer.cs:208 
  at Unity.VisualScripting.PluginContainer.InitializeOnLoad () [0x00009] in .\Library\PackageCache\com.unity.visualscripting@1.9.4\Editor\VisualScripting.Core\Plugins\PluginContainer.cs:32 
  at Unity.VisualScripting.VSUsageUtility.DoInitializeOnLoadCalls () [0x00034] in .\Library\PackageCache\com.unity.visualscripting@1.9.4\Editor\VisualScripting.Core\Utilities\VSUsageUtility.cs:76 
  at Unity.VisualScripting.VSUsageUtility.set_isVisualScriptingUsed (System.Boolean value) [0x0002c] in .\Library\PackageCache\com.unity.visualscripting@1.9.4\Editor\VisualScripting.Core\Utilities\VSUsageUtility.cs:114 
  at Unity.VisualScripting.VSUsageUtility.CheckAndSetIsVisualScriptingUsed () [0x0000d] in .\Library\PackageCache\com.unity.visualscripting@1.9.4\Editor\VisualScripting.Core\Utilities\VSUsageUtility.cs:33 
  at Unity.VisualScripting.VSUsageUtility..cctor () [0x00000] in .\Library\PackageCache\com.unity.visualscripting@1.9.4\Editor\VisualScripting.Core\Utilities\VSUsageUtility.cs:22 
UnityEngine.StackTraceUtility:ExtractStackTrace ()
UnityEngine.DebugLogHandler:LogFormat (UnityEngine.LogType,UnityEngine.Object,string,object[])
UnityEngine.Logger:Log (UnityEngine.LogType,object)
UnityEngine.Debug:LogError (object)
UnityEditor.EditorAssemblies:ProcessInitializeOnLoadAttributes (System.Type[])

[Package Manager] Server::EnsureServerProcessIsRunning -- launch failed, reason: Unity was launched with the -noUpm command-line argument
[Package Manager] UpmClient::Send -- Unable to send message (not connected to UPM process).
[Package Manager] Cannot connect to Unity Package Manager local server
Mono: successfully reloaded assembly
- Finished resetting the current domain, in  1.037 seconds
Domain Reload Profiling: 1394ms
	BeginReloadAssembly (128ms)
		ExecutionOrderSort (0ms)
		DisableScriptedObjects (7ms)
		BackupInstance (0ms)
		ReleaseScriptingObjects (0ms)
		CreateAndSetChildDomain (26ms)
	RebuildCommonClasses (22ms)
	RebuildNativeTypeToScriptingClass (6ms)
	initialDomainReloadingComplete (23ms)
	LoadAllAssembliesAndSetupDomain (176ms)
		LoadAssemblies (225ms)
		RebuildTransferFunctionScriptingTraits (0ms)
		AnalyzeDomain (10ms)
			TypeCache.Refresh (4ms)
				TypeCache.ScanAssembly (0ms)
			ScanForSourceGeneratedMonoScriptInfo (0ms)
			ResolveRequiredComponents (4ms)
	FinalizeReload (1038ms)
		ReleaseScriptCaches (0ms)
		RebuildScriptCaches (0ms)
		SetupLoadedEditorAssemblies (466ms)
			LogAssemblyErrors (0ms)
			InitializePlatformSupportModulesInManaged (6ms)
			SetLoadedEditorAssemblies (4ms)
			RefreshPlugins (0ms)
			BeforeProcessingInitializeOnLoad (57ms)
			ProcessInitializeOnLoadAttributes (369ms)
			ProcessInitializeOnLoadMethodAttributes (22ms)
			AfterProcessingInitializeOnLoad (7ms)
			EditorAssembliesLoaded (0ms)
		ExecutionOrderSort2 (0ms)
		AwakeInstancesAfterBackupRestoration (9ms)
Refreshing native plugins compatible for Editor in 6.38 ms, found 4 plugins.
Preloading 0 native plugins for Editor in 0.00 ms.
Unloading 4063 Unused Serialized files (Serialized files now loaded: 0)
Unloading 25 unused Assets / (213.8 KB). Loaded Objects now: 4930.
Memory consumption went from 147.9 MB to 147.7 MB.
Total: 7.574200 ms (FindLiveObjects: 0.218100 ms CreateObjectMapping: 0.101800 ms MarkObjects: 7.115900 ms  DeleteObjects: 0.137100 ms)

Prepare: number of updated asset objects reloaded= 0
AssetImportParameters requested are different than current active one (requested -> active):
  custom:container-demuxer-ogg: 62fdf1f143b41e24485cea50d1cbac27 -> 
  custom:scripting/monoscript/fileName/text hitpoints.cs: d36093d1da3b739b778440323f6d28ae -> 
  custom:scripting/monoscript/fileName/enemyvalues.cs: 6d3759815fd7be00f9546723da6f552c -> b2871cba44f342a4684feb21ced01089
  custom:scripting/monoscript/fileName/playerhealth.cs: 627fa3622fd9609fbcb99df0f0e3ffd2 -> 
  custom:video-decoder-ogg-theora: a1e56fd34408186e4bbccfd4996cb3dc -> 
  custom:framework-win-MediaFoundation: 216162199b28c13a410421893ffa2e32 -> 
  custom:scripting/monoscript/fileName/health.cs: b1303998ffee75aadca64949bf0a2211 -> 
  custom:CustomObjectIndexerAttribute: 9a22284fe3817be447336de3de66b15e -> 
  custom:scripting/monoscript/fileName/playervalues.cs: b765fddbee80866c9f4d7e2bde69eaa4 -> fefad19e05659674120111df3ff930d2
  custom:container-demuxer-webm: 4f35f7cbe854078d1ac9338744f61a02 -> 
  custom:scripting/monoscript/fileName/Health.cs: 0e01c5d611b7e6f68d551fd8377c081b -> 
  custom:container-muxer-webm: aa71ff27fc2769a1b78a27578f13a17b -> 
  custom:video-decoder-webm-vp8: 9c59270c3fd7afecdb556c50c9e8de78 -> 
  custom:SearchIndexIgnoredProperties: e643bd26f0fe6173181afceb89e7c659 -> 
  custom:AudioImporter_EditorPlatform: d09bf68614088b80899f8185d706f6e7 -> 
  custom:video-encoder-webm-vp8: eb34c28f22e8b96e1ab97ce403110664 -> 
  custom:scripting/monoscript/fileName/player.cs: b1b0b99e0fbd8450a8ac2481988cbaeb -> 
  custom:scripting/monoscript/fileName/combatsystem.cs: 6cab728e1d8cac4dad7bf9e415b8112a -> 8872a57b1c80ec4a65fcbcdad3cdf073
  custom:audio-decoder-ogg-vorbis: bf7c407c2cedff20999df2af8eb42d56 -> 
  custom:scripting/monoscript/fileName/fill.cs: 8a130407ab27c51b3a1b3dbce120d7b8 -> 
  custom:scripting/monoscript/fileName/health system.cs: e0852ac835be5566af11b3affa17d44c -> 
  custom:audio-encoder-webm-vorbis: bf7c407c2cedff20999df2af8eb42d56 -> 
  custom:scripting/precompiled-assembly-types:Assembly-CSharp: fc6c06edcaf9647d67ea1d2a4938dcd4 -> db58d614c6af3664d2fa6bb6dd40fe47
========================================================================
Received Prepare
Caller must complete domain reload
Begin MonoManager ReloadAssembly
- Loaded All Assemblies, in  0.367 seconds
Native extension for WindowsStandalone target not found
Native extension for WebGL target not found
System.Exception: Error! Visual Scripting: couldn't find visual scripting package
  at Unity.VisualScripting.PackageVersionUtility.get_version () [0x00043] in .\Library\PackageCache\com.unity.visualscripting@1.9.4\Editor\VisualScripting.Core\Utilities\PackageVersionUtility.cs:31 
  at Unity.VisualScripting.BoltCoreManifest.get_version () [0x00000] in .\Library\PackageCache\com.unity.visualscripting@1.9.4\Editor\VisualScripting.Core\Plugin\BoltCoreManifest.cs:11 
  at Unity.VisualScripting.PluginManifest.get_currentVersion () [0x00000] in .\Library\PackageCache\com.unity.visualscripting@1.9.4\Editor\VisualScripting.Core\Plugins\PluginManifest.cs:33 
  at Unity.VisualScripting.PluginManifest.get_versionMismatch () [0x00000] in .\Library\PackageCache\com.unity.visualscripting@1.9.4\Editor\VisualScripting.Core\Plugins\PluginManifest.cs:48 
  at Unity.VisualScripting.PluginContainer.Initialize () [0x00525] in .\Library\PackageCache\com.unity.visualscripting@1.9.4\Editor\VisualScripting.Core\Plugins\PluginContainer.cs:208 
  at Unity.VisualScripting.PluginContainer.InitializeOnLoad () [0x00009] in .\Library\PackageCache\com.unity.visualscripting@1.9.4\Editor\VisualScripting.Core\Plugins\PluginContainer.cs:32 
  at Unity.VisualScripting.VSUsageUtility.DoInitializeOnLoadCalls () [0x00034] in .\Library\PackageCache\com.unity.visualscripting@1.9.4\Editor\VisualScripting.Core\Utilities\VSUsageUtility.cs:76 
  at Unity.VisualScripting.VSUsageUtility.set_isVisualScriptingUsed (System.Boolean value) [0x0002c] in .\Library\PackageCache\com.unity.visualscripting@1.9.4\Editor\VisualScripting.Core\Utilities\VSUsageUtility.cs:114 
  at Unity.VisualScripting.VSUsageUtility.CheckAndSetIsVisualScriptingUsed () [0x0000d] in .\Library\PackageCache\com.unity.visualscripting@1.9.4\Editor\VisualScripting.Core\Utilities\VSUsageUtility.cs:33 
  at Unity.VisualScripting.VSUsageUtility..cctor () [0x00000] in .\Library\PackageCache\com.unity.visualscripting@1.9.4\Editor\VisualScripting.Core\Utilities\VSUsageUtility.cs:22 
UnityEngine.StackTraceUtility:ExtractStackTrace ()
UnityEngine.DebugLogHandler:LogFormat (UnityEngine.LogType,UnityEngine.Object,string,object[])
UnityEngine.Logger:Log (UnityEngine.LogType,object)
UnityEngine.Debug:LogError (object)
UnityEditor.EditorAssemblies:ProcessInitializeOnLoadAttributes (System.Type[])

[Package Manager] Server::EnsureServerProcessIsRunning -- launch failed, reason: Unity was launched with the -noUpm command-line argument
[Package Manager] UpmClient::Send -- Unable to send message (not connected to UPM process).
[Package Manager] Cannot connect to Unity Package Manager local server
Mono: successfully reloaded assembly
- Finished resetting the current domain, in  1.057 seconds
Domain Reload Profiling: 1419ms
	BeginReloadAssembly (130ms)
		ExecutionOrderSort (0ms)
		DisableScriptedObjects (8ms)
		BackupInstance (0ms)
		ReleaseScriptingObjects (0ms)
		CreateAndSetChildDomain (25ms)
	RebuildCommonClasses (27ms)
	RebuildNativeTypeToScriptingClass (9ms)
	initialDomainReloadingComplete (22ms)
	LoadAllAssembliesAndSetupDomain (173ms)
		LoadAssemblies (219ms)
		RebuildTransferFunctionScriptingTraits (0ms)
		AnalyzeDomain (10ms)
			TypeCache.Refresh (4ms)
				TypeCache.ScanAssembly (0ms)
			ScanForSourceGeneratedMonoScriptInfo (0ms)
			ResolveRequiredComponents (5ms)
	FinalizeReload (1057ms)
		ReleaseScriptCaches (0ms)
		RebuildScriptCaches (0ms)
		SetupLoadedEditorAssemblies (470ms)
			LogAssemblyErrors (0ms)
			InitializePlatformSupportModulesInManaged (8ms)
			SetLoadedEditorAssemblies (5ms)
			RefreshPlugins (0ms)
			BeforeProcessingInitializeOnLoad (56ms)
			ProcessInitializeOnLoadAttributes (372ms)
			ProcessInitializeOnLoadMethodAttributes (22ms)
			AfterProcessingInitializeOnLoad (6ms)
			EditorAssembliesLoaded (0ms)
		ExecutionOrderSort2 (0ms)
		AwakeInstancesAfterBackupRestoration (8ms)
Refreshing native plugins compatible for Editor in 6.83 ms, found 4 plugins.
Preloading 0 native plugins for Editor in 0.00 ms.
Unloading 4063 Unused Serialized files (Serialized files now loaded: 0)
Unloading 25 unused Assets / (213.6 KB). Loaded Objects now: 4935.
Memory consumption went from 147.9 MB to 147.7 MB.
Total: 7.382900 ms (FindLiveObjects: 0.215700 ms CreateObjectMapping: 0.111200 ms MarkObjects: 6.918600 ms  DeleteObjects: 0.136700 ms)

Prepare: number of updated asset objects reloaded= 0
AssetImportParameters requested are different than current active one (requested -> active):
  custom:container-demuxer-ogg: 62fdf1f143b41e24485cea50d1cbac27 -> 
  custom:scripting/monoscript/fileName/text hitpoints.cs: d36093d1da3b739b778440323f6d28ae -> 
  custom:scripting/monoscript/fileName/enemyvalues.cs: 6d3759815fd7be00f9546723da6f552c -> b2871cba44f342a4684feb21ced01089
  custom:scripting/monoscript/fileName/playerhealth.cs: 627fa3622fd9609fbcb99df0f0e3ffd2 -> 
  custom:video-decoder-ogg-theora: a1e56fd34408186e4bbccfd4996cb3dc -> 
  custom:framework-win-MediaFoundation: 216162199b28c13a410421893ffa2e32 -> 
  custom:scripting/monoscript/fileName/health.cs: b1303998ffee75aadca64949bf0a2211 -> 
  custom:CustomObjectIndexerAttribute: 9a22284fe3817be447336de3de66b15e -> 
  custom:scripting/monoscript/fileName/playervalues.cs: b765fddbee80866c9f4d7e2bde69eaa4 -> fefad19e05659674120111df3ff930d2
  custom:container-demuxer-webm: 4f35f7cbe854078d1ac9338744f61a02 -> 
  custom:scripting/monoscript/fileName/Health.cs: 0e01c5d611b7e6f68d551fd8377c081b -> 
  custom:container-muxer-webm: aa71ff27fc2769a1b78a27578f13a17b -> 
  custom:video-decoder-webm-vp8: 9c59270c3fd7afecdb556c50c9e8de78 -> 
  custom:SearchIndexIgnoredProperties: e643bd26f0fe6173181afceb89e7c659 -> 
  custom:AudioImporter_EditorPlatform: d09bf68614088b80899f8185d706f6e7 -> 
  custom:video-encoder-webm-vp8: eb34c28f22e8b96e1ab97ce403110664 -> 
  custom:scripting/monoscript/fileName/player.cs: b1b0b99e0fbd8450a8ac2481988cbaeb -> 
  custom:scripting/monoscript/fileName/combatsystem.cs: 6cab728e1d8cac4dad7bf9e415b8112a -> 8872a57b1c80ec4a65fcbcdad3cdf073
  custom:audio-decoder-ogg-vorbis: bf7c407c2cedff20999df2af8eb42d56 -> 
  custom:scripting/monoscript/fileName/fill.cs: 8a130407ab27c51b3a1b3dbce120d7b8 -> 
  custom:scripting/monoscript/fileName/health system.cs: e0852ac835be5566af11b3affa17d44c -> 
  custom:audio-encoder-webm-vorbis: bf7c407c2cedff20999df2af8eb42d56 -> 
  custom:scripting/precompiled-assembly-types:Assembly-CSharp: fc6c06edcaf9647d67ea1d2a4938dcd4 -> db58d614c6af3664d2fa6bb6dd40fe47
========================================================================
Received Prepare
Caller must complete domain reload
Begin MonoManager ReloadAssembly
- Loaded All Assemblies, in  0.444 seconds
Native extension for WindowsStandalone target not found
Native extension for WebGL target not found
System.Exception: Error! Visual Scripting: couldn't find visual scripting package
  at Unity.VisualScripting.PackageVersionUtility.get_version () [0x00043] in .\Library\PackageCache\com.unity.visualscripting@1.9.4\Editor\VisualScripting.Core\Utilities\PackageVersionUtility.cs:31 
  at Unity.VisualScripting.BoltCoreManifest.get_version () [0x00000] in .\Library\PackageCache\com.unity.visualscripting@1.9.4\Editor\VisualScripting.Core\Plugin\BoltCoreManifest.cs:11 
  at Unity.VisualScripting.PluginManifest.get_currentVersion () [0x00000] in .\Library\PackageCache\com.unity.visualscripting@1.9.4\Editor\VisualScripting.Core\Plugins\PluginManifest.cs:33 
  at Unity.VisualScripting.PluginManifest.get_versionMismatch () [0x00000] in .\Library\PackageCache\com.unity.visualscripting@1.9.4\Editor\VisualScripting.Core\Plugins\PluginManifest.cs:48 
  at Unity.VisualScripting.PluginContainer.Initialize () [0x00525] in .\Library\PackageCache\com.unity.visualscripting@1.9.4\Editor\VisualScripting.Core\Plugins\PluginContainer.cs:208 
  at Unity.VisualScripting.PluginContainer.InitializeOnLoad () [0x00009] in .\Library\PackageCache\com.unity.visualscripting@1.9.4\Editor\VisualScripting.Core\Plugins\PluginContainer.cs:32 
  at Unity.VisualScripting.VSUsageUtility.DoInitializeOnLoadCalls () [0x00034] in .\Library\PackageCache\com.unity.visualscripting@1.9.4\Editor\VisualScripting.Core\Utilities\VSUsageUtility.cs:76 
  at Unity.VisualScripting.VSUsageUtility.set_isVisualScriptingUsed (System.Boolean value) [0x0002c] in .\Library\PackageCache\com.unity.visualscripting@1.9.4\Editor\VisualScripting.Core\Utilities\VSUsageUtility.cs:114 
  at Unity.VisualScripting.VSUsageUtility.CheckAndSetIsVisualScriptingUsed () [0x0000d] in .\Library\PackageCache\com.unity.visualscripting@1.9.4\Editor\VisualScripting.Core\Utilities\VSUsageUtility.cs:33 
  at Unity.VisualScripting.VSUsageUtility..cctor () [0x00000] in .\Library\PackageCache\com.unity.visualscripting@1.9.4\Editor\VisualScripting.Core\Utilities\VSUsageUtility.cs:22 
UnityEngine.StackTraceUtility:ExtractStackTrace ()
UnityEngine.DebugLogHandler:LogFormat (UnityEngine.LogType,UnityEngine.Object,string,object[])
UnityEngine.Logger:Log (UnityEngine.LogType,object)
UnityEngine.Debug:LogError (object)
UnityEditor.EditorAssemblies:ProcessInitializeOnLoadAttributes (System.Type[])

[Package Manager] Server::EnsureServerProcessIsRunning -- launch failed, reason: Unity was launched with the -noUpm command-line argument
[Package Manager] UpmClient::Send -- Unable to send message (not connected to UPM process).
[Package Manager] Cannot connect to Unity Package Manager local server
Mono: successfully reloaded assembly
- Finished resetting the current domain, in  1.083 seconds
Domain Reload Profiling: 1523ms
	BeginReloadAssembly (205ms)
		ExecutionOrderSort (0ms)
		DisableScriptedObjects (13ms)
		BackupInstance (0ms)
		ReleaseScriptingObjects (0ms)
		CreateAndSetChildDomain (43ms)
	RebuildCommonClasses (21ms)
	RebuildNativeTypeToScriptingClass (7ms)
	initialDomainReloadingComplete (24ms)
	LoadAllAssembliesAndSetupDomain (182ms)
		LoadAssemblies (245ms)
		RebuildTransferFunctionScriptingTraits (0ms)
		AnalyzeDomain (20ms)
			TypeCache.Refresh (8ms)
				TypeCache.ScanAssembly (0ms)
			ScanForSourceGeneratedMonoScriptInfo (8ms)
			ResolveRequiredComponents (4ms)
	FinalizeReload (1083ms)
		ReleaseScriptCaches (0ms)
		RebuildScriptCaches (0ms)
		SetupLoadedEditorAssemblies (470ms)
			LogAssemblyErrors (0ms)
			InitializePlatformSupportModulesInManaged (5ms)
			SetLoadedEditorAssemblies (4ms)
			RefreshPlugins (0ms)
			BeforeProcessingInitializeOnLoad (52ms)
			ProcessInitializeOnLoadAttributes (380ms)
			ProcessInitializeOnLoadMethodAttributes (22ms)
			AfterProcessingInitializeOnLoad (7ms)
			EditorAssembliesLoaded (0ms)
		ExecutionOrderSort2 (0ms)
		AwakeInstancesAfterBackupRestoration (9ms)
Refreshing native plugins compatible for Editor in 4.49 ms, found 4 plugins.
Preloading 0 native plugins for Editor in 0.00 ms.
Unloading 4063 Unused Serialized files (Serialized files now loaded: 0)
Unloading 25 unused Assets / (213.7 KB). Loaded Objects now: 4940.
Memory consumption went from 147.9 MB to 147.7 MB.
Total: 7.008100 ms (FindLiveObjects: 0.194900 ms CreateObjectMapping: 0.091500 ms MarkObjects: 6.594900 ms  DeleteObjects: 0.126100 ms)

Prepare: number of updated asset objects reloaded= 0
AssetImportParameters requested are different than current active one (requested -> active):
  custom:container-demuxer-ogg: 62fdf1f143b41e24485cea50d1cbac27 -> 
  custom:scripting/monoscript/fileName/text hitpoints.cs: d36093d1da3b739b778440323f6d28ae -> 
  custom:scripting/monoscript/fileName/enemyvalues.cs: 6d3759815fd7be00f9546723da6f552c -> b2871cba44f342a4684feb21ced01089
  custom:scripting/monoscript/fileName/playerhealth.cs: 627fa3622fd9609fbcb99df0f0e3ffd2 -> 
  custom:video-decoder-ogg-theora: a1e56fd34408186e4bbccfd4996cb3dc -> 
  custom:framework-win-MediaFoundation: 216162199b28c13a410421893ffa2e32 -> 
  custom:scripting/monoscript/fileName/health.cs: b1303998ffee75aadca64949bf0a2211 -> 
  custom:CustomObjectIndexerAttribute: 9a22284fe3817be447336de3de66b15e -> 
  custom:scripting/monoscript/fileName/playervalues.cs: b765fddbee80866c9f4d7e2bde69eaa4 -> fefad19e05659674120111df3ff930d2
  custom:container-demuxer-webm: 4f35f7cbe854078d1ac9338744f61a02 -> 
  custom:scripting/monoscript/fileName/Health.cs: 0e01c5d611b7e6f68d551fd8377c081b -> 
  custom:container-muxer-webm: aa71ff27fc2769a1b78a27578f13a17b -> 
  custom:video-decoder-webm-vp8: 9c59270c3fd7afecdb556c50c9e8de78 -> 
  custom:SearchIndexIgnoredProperties: e643bd26f0fe6173181afceb89e7c659 -> 
  custom:AudioImporter_EditorPlatform: d09bf68614088b80899f8185d706f6e7 -> 
  custom:video-encoder-webm-vp8: eb34c28f22e8b96e1ab97ce403110664 -> 
  custom:scripting/monoscript/fileName/player.cs: b1b0b99e0fbd8450a8ac2481988cbaeb -> 
  custom:scripting/monoscript/fileName/combatsystem.cs: 6cab728e1d8cac4dad7bf9e415b8112a -> 8872a57b1c80ec4a65fcbcdad3cdf073
  custom:audio-decoder-ogg-vorbis: bf7c407c2cedff20999df2af8eb42d56 -> 
  custom:scripting/monoscript/fileName/fill.cs: 8a130407ab27c51b3a1b3dbce120d7b8 -> 
  custom:scripting/monoscript/fileName/health system.cs: e0852ac835be5566af11b3affa17d44c -> 
  custom:audio-encoder-webm-vorbis: bf7c407c2cedff20999df2af8eb42d56 -> 
  custom:scripting/precompiled-assembly-types:Assembly-CSharp: fc6c06edcaf9647d67ea1d2a4938dcd4 -> db58d614c6af3664d2fa6bb6dd40fe47
========================================================================
Received Prepare
Caller must complete domain reload
Begin MonoManager ReloadAssembly
- Loaded All Assemblies, in  0.356 seconds
Native extension for WindowsStandalone target not found
Native extension for WebGL target not found
System.Exception: Error! Visual Scripting: couldn't find visual scripting package
  at Unity.VisualScripting.PackageVersionUtility.get_version () [0x00043] in .\Library\PackageCache\com.unity.visualscripting@1.9.4\Editor\VisualScripting.Core\Utilities\PackageVersionUtility.cs:31 
  at Unity.VisualScripting.BoltCoreManifest.get_version () [0x00000] in .\Library\PackageCache\com.unity.visualscripting@1.9.4\Editor\VisualScripting.Core\Plugin\BoltCoreManifest.cs:11 
  at Unity.VisualScripting.PluginManifest.get_currentVersion () [0x00000] in .\Library\PackageCache\com.unity.visualscripting@1.9.4\Editor\VisualScripting.Core\Plugins\PluginManifest.cs:33 
  at Unity.VisualScripting.PluginManifest.get_versionMismatch () [0x00000] in .\Library\PackageCache\com.unity.visualscripting@1.9.4\Editor\VisualScripting.Core\Plugins\PluginManifest.cs:48 
  at Unity.VisualScripting.PluginContainer.Initialize () [0x00525] in .\Library\PackageCache\com.unity.visualscripting@1.9.4\Editor\VisualScripting.Core\Plugins\PluginContainer.cs:208 
  at Unity.VisualScripting.PluginContainer.InitializeOnLoad () [0x00009] in .\Library\PackageCache\com.unity.visualscripting@1.9.4\Editor\VisualScripting.Core\Plugins\PluginContainer.cs:32 
  at Unity.VisualScripting.VSUsageUtility.DoInitializeOnLoadCalls () [0x00034] in .\Library\PackageCache\com.unity.visualscripting@1.9.4\Editor\VisualScripting.Core\Utilities\VSUsageUtility.cs:76 
  at Unity.VisualScripting.VSUsageUtility.set_isVisualScriptingUsed (System.Boolean value) [0x0002c] in .\Library\PackageCache\com.unity.visualscripting@1.9.4\Editor\VisualScripting.Core\Utilities\VSUsageUtility.cs:114 
  at Unity.VisualScripting.VSUsageUtility.CheckAndSetIsVisualScriptingUsed () [0x0000d] in .\Library\PackageCache\com.unity.visualscripting@1.9.4\Editor\VisualScripting.Core\Utilities\VSUsageUtility.cs:33 
  at Unity.VisualScripting.VSUsageUtility..cctor () [0x00000] in .\Library\PackageCache\com.unity.visualscripting@1.9.4\Editor\VisualScripting.Core\Utilities\VSUsageUtility.cs:22 
UnityEngine.StackTraceUtility:ExtractStackTrace ()
UnityEngine.DebugLogHandler:LogFormat (UnityEngine.LogType,UnityEngine.Object,string,object[])
UnityEngine.Logger:Log (UnityEngine.LogType,object)
UnityEngine.Debug:LogError (object)
UnityEditor.EditorAssemblies:ProcessInitializeOnLoadAttributes (System.Type[])

[Package Manager] Server::EnsureServerProcessIsRunning -- launch failed, reason: Unity was launched with the -noUpm command-line argument
[Package Manager] UpmClient::Send -- Unable to send message (not connected to UPM process).
[Package Manager] Cannot connect to Unity Package Manager local server
Mono: successfully reloaded assembly
- Finished resetting the current domain, in  1.022 seconds
Domain Reload Profiling: 1374ms
	BeginReloadAssembly (133ms)
		ExecutionOrderSort (0ms)
		DisableScriptedObjects (8ms)
		BackupInstance (0ms)
		ReleaseScriptingObjects (0ms)
		CreateAndSetChildDomain (28ms)
	RebuildCommonClasses (22ms)
	RebuildNativeTypeToScriptingClass (6ms)
	initialDomainReloadingComplete (23ms)
	LoadAllAssembliesAndSetupDomain (167ms)
		LoadAssemblies (211ms)
		RebuildTransferFunctionScriptingTraits (0ms)
		AnalyzeDomain (11ms)
			TypeCache.Refresh (5ms)
				TypeCache.ScanAssembly (0ms)
			ScanForSourceGeneratedMonoScriptInfo (0ms)
			ResolveRequiredComponents (5ms)
	FinalizeReload (1022ms)
		ReleaseScriptCaches (0ms)
		RebuildScriptCaches (0ms)
		SetupLoadedEditorAssemblies (457ms)
			LogAssemblyErrors (0ms)
			InitializePlatformSupportModulesInManaged (6ms)
			SetLoadedEditorAssemblies (2ms)
			RefreshPlugins (0ms)
			BeforeProcessingInitializeOnLoad (53ms)
			ProcessInitializeOnLoadAttributes (368ms)
			ProcessInitializeOnLoadMethodAttributes (22ms)
			AfterProcessingInitializeOnLoad (6ms)
			EditorAssembliesLoaded (0ms)
		ExecutionOrderSort2 (0ms)
		AwakeInstancesAfterBackupRestoration (8ms)
Refreshing native plugins compatible for Editor in 7.74 ms, found 4 plugins.
Preloading 0 native plugins for Editor in 0.00 ms.
Unloading 4063 Unused Serialized files (Serialized files now loaded: 0)
Unloading 25 unused Assets / (213.8 KB). Loaded Objects now: 4945.
Memory consumption went from 147.9 MB to 147.7 MB.
Total: 7.432600 ms (FindLiveObjects: 0.207300 ms CreateObjectMapping: 0.092000 ms MarkObjects: 6.990800 ms  DeleteObjects: 0.141500 ms)

Prepare: number of updated asset objects reloaded= 0
AssetImportParameters requested are different than current active one (requested -> active):
  custom:container-demuxer-ogg: 62fdf1f143b41e24485cea50d1cbac27 -> 
  custom:scripting/monoscript/fileName/text hitpoints.cs: d36093d1da3b739b778440323f6d28ae -> 
  custom:scripting/monoscript/fileName/enemyvalues.cs: 6d3759815fd7be00f9546723da6f552c -> b2871cba44f342a4684feb21ced01089
  custom:scripting/monoscript/fileName/playerhealth.cs: 627fa3622fd9609fbcb99df0f0e3ffd2 -> 
  custom:video-decoder-ogg-theora: a1e56fd34408186e4bbccfd4996cb3dc -> 
  custom:framework-win-MediaFoundation: 216162199b28c13a410421893ffa2e32 -> 
  custom:scripting/monoscript/fileName/health.cs: b1303998ffee75aadca64949bf0a2211 -> 
  custom:CustomObjectIndexerAttribute: 9a22284fe3817be447336de3de66b15e -> 
  custom:scripting/monoscript/fileName/playervalues.cs: b765fddbee80866c9f4d7e2bde69eaa4 -> fefad19e05659674120111df3ff930d2
  custom:container-demuxer-webm: 4f35f7cbe854078d1ac9338744f61a02 -> 
  custom:scripting/monoscript/fileName/Health.cs: 0e01c5d611b7e6f68d551fd8377c081b -> 
  custom:container-muxer-webm: aa71ff27fc2769a1b78a27578f13a17b -> 
  custom:video-decoder-webm-vp8: 9c59270c3fd7afecdb556c50c9e8de78 -> 
  custom:SearchIndexIgnoredProperties: e643bd26f0fe6173181afceb89e7c659 -> 
  custom:AudioImporter_EditorPlatform: d09bf68614088b80899f8185d706f6e7 -> 
  custom:video-encoder-webm-vp8: eb34c28f22e8b96e1ab97ce403110664 -> 
  custom:scripting/monoscript/fileName/player.cs: b1b0b99e0fbd8450a8ac2481988cbaeb -> 
  custom:scripting/monoscript/fileName/combatsystem.cs: 6cab728e1d8cac4dad7bf9e415b8112a -> 8872a57b1c80ec4a65fcbcdad3cdf073
  custom:audio-decoder-ogg-vorbis: bf7c407c2cedff20999df2af8eb42d56 -> 
  custom:scripting/monoscript/fileName/fill.cs: 8a130407ab27c51b3a1b3dbce120d7b8 -> 
  custom:scripting/monoscript/fileName/health system.cs: e0852ac835be5566af11b3affa17d44c -> 
  custom:audio-encoder-webm-vorbis: bf7c407c2cedff20999df2af8eb42d56 -> 
  custom:scripting/precompiled-assembly-types:Assembly-CSharp: fc6c06edcaf9647d67ea1d2a4938dcd4 -> db58d614c6af3664d2fa6bb6dd40fe47
========================================================================
Received Prepare
Caller must complete domain reload
Begin MonoManager ReloadAssembly
- Loaded All Assemblies, in  0.394 seconds
Native extension for WindowsStandalone target not found
Native extension for WebGL target not found
System.Exception: Error! Visual Scripting: couldn't find visual scripting package
  at Unity.VisualScripting.PackageVersionUtility.get_version () [0x00043] in .\Library\PackageCache\com.unity.visualscripting@1.9.4\Editor\VisualScripting.Core\Utilities\PackageVersionUtility.cs:31 
  at Unity.VisualScripting.BoltCoreManifest.get_version () [0x00000] in .\Library\PackageCache\com.unity.visualscripting@1.9.4\Editor\VisualScripting.Core\Plugin\BoltCoreManifest.cs:11 
  at Unity.VisualScripting.PluginManifest.get_currentVersion () [0x00000] in .\Library\PackageCache\com.unity.visualscripting@1.9.4\Editor\VisualScripting.Core\Plugins\PluginManifest.cs:33 
  at Unity.VisualScripting.PluginManifest.get_versionMismatch () [0x00000] in .\Library\PackageCache\com.unity.visualscripting@1.9.4\Editor\VisualScripting.Core\Plugins\PluginManifest.cs:48 
  at Unity.VisualScripting.PluginContainer.Initialize () [0x00525] in .\Library\PackageCache\com.unity.visualscripting@1.9.4\Editor\VisualScripting.Core\Plugins\PluginContainer.cs:208 
  at Unity.VisualScripting.PluginContainer.InitializeOnLoad () [0x00009] in .\Library\PackageCache\com.unity.visualscripting@1.9.4\Editor\VisualScripting.Core\Plugins\PluginContainer.cs:32 
  at Unity.VisualScripting.VSUsageUtility.DoInitializeOnLoadCalls () [0x00034] in .\Library\PackageCache\com.unity.visualscripting@1.9.4\Editor\VisualScripting.Core\Utilities\VSUsageUtility.cs:76 
  at Unity.VisualScripting.VSUsageUtility.set_isVisualScriptingUsed (System.Boolean value) [0x0002c] in .\Library\PackageCache\com.unity.visualscripting@1.9.4\Editor\VisualScripting.Core\Utilities\VSUsageUtility.cs:114 
  at Unity.VisualScripting.VSUsageUtility.CheckAndSetIsVisualScriptingUsed () [0x0000d] in .\Library\PackageCache\com.unity.visualscripting@1.9.4\Editor\VisualScripting.Core\Utilities\VSUsageUtility.cs:33 
  at Unity.VisualScripting.VSUsageUtility..cctor () [0x00000] in .\Library\PackageCache\com.unity.visualscripting@1.9.4\Editor\VisualScripting.Core\Utilities\VSUsageUtility.cs:22 
UnityEngine.StackTraceUtility:ExtractStackTrace ()
UnityEngine.DebugLogHandler:LogFormat (UnityEngine.LogType,UnityEngine.Object,string,object[])
UnityEngine.Logger:Log (UnityEngine.LogType,object)
UnityEngine.Debug:LogError (object)
UnityEditor.EditorAssemblies:ProcessInitializeOnLoadAttributes (System.Type[])

[Package Manager] Server::EnsureServerProcessIsRunning -- launch failed, reason: Unity was launched with the -noUpm command-line argument
[Package Manager] UpmClient::Send -- Unable to send message (not connected to UPM process).
[Package Manager] Cannot connect to Unity Package Manager local server
Mono: successfully reloaded assembly
- Finished resetting the current domain, in  1.053 seconds
Domain Reload Profiling: 1443ms
	BeginReloadAssembly (135ms)
		ExecutionOrderSort (0ms)
		DisableScriptedObjects (8ms)
		BackupInstance (0ms)
		ReleaseScriptingObjects (0ms)
		CreateAndSetChildDomain (27ms)
	RebuildCommonClasses (22ms)
	RebuildNativeTypeToScriptingClass (7ms)
	initialDomainReloadingComplete (25ms)
	LoadAllAssembliesAndSetupDomain (202ms)
		LoadAssemblies (241ms)
		RebuildTransferFunctionScriptingTraits (0ms)
		AnalyzeDomain (19ms)
			TypeCache.Refresh (7ms)
				TypeCache.ScanAssembly (0ms)
			ScanForSourceGeneratedMonoScriptInfo (7ms)
			ResolveRequiredComponents (4ms)
	FinalizeReload (1053ms)
		ReleaseScriptCaches (0ms)
		RebuildScriptCaches (0ms)
		SetupLoadedEditorAssemblies (454ms)
			LogAssemblyErrors (0ms)
			InitializePlatformSupportModulesInManaged (5ms)
			SetLoadedEditorAssemblies (3ms)
			RefreshPlugins (0ms)
			BeforeProcessingInitializeOnLoad (52ms)
			ProcessInitializeOnLoadAttributes (365ms)
			ProcessInitializeOnLoadMethodAttributes (23ms)
			AfterProcessingInitializeOnLoad (6ms)
			EditorAssembliesLoaded (0ms)
		ExecutionOrderSort2 (0ms)
		AwakeInstancesAfterBackupRestoration (9ms)
Refreshing native plugins compatible for Editor in 5.47 ms, found 4 plugins.
Preloading 0 native plugins for Editor in 0.00 ms.
Unloading 4063 Unused Serialized files (Serialized files now loaded: 0)
Unloading 25 unused Assets / (215.8 KB). Loaded Objects now: 4950.
Memory consumption went from 147.9 MB to 147.7 MB.
Total: 11.165600 ms (FindLiveObjects: 0.465600 ms CreateObjectMapping: 0.160200 ms MarkObjects: 10.397600 ms  DeleteObjects: 0.140800 ms)

Prepare: number of updated asset objects reloaded= 0
AssetImportParameters requested are different than current active one (requested -> active):
  custom:container-demuxer-ogg: 62fdf1f143b41e24485cea50d1cbac27 -> 
  custom:scripting/monoscript/fileName/text hitpoints.cs: d36093d1da3b739b778440323f6d28ae -> 
  custom:scripting/monoscript/fileName/enemyvalues.cs: 6d3759815fd7be00f9546723da6f552c -> b2871cba44f342a4684feb21ced01089
  custom:scripting/monoscript/fileName/playerhealth.cs: 627fa3622fd9609fbcb99df0f0e3ffd2 -> 
  custom:video-decoder-ogg-theora: a1e56fd34408186e4bbccfd4996cb3dc -> 
  custom:framework-win-MediaFoundation: 216162199b28c13a410421893ffa2e32 -> 
  custom:scripting/monoscript/fileName/health.cs: b1303998ffee75aadca64949bf0a2211 -> 
  custom:CustomObjectIndexerAttribute: 9a22284fe3817be447336de3de66b15e -> 
  custom:scripting/monoscript/fileName/playervalues.cs: b765fddbee80866c9f4d7e2bde69eaa4 -> fefad19e05659674120111df3ff930d2
  custom:container-demuxer-webm: 4f35f7cbe854078d1ac9338744f61a02 -> 
  custom:scripting/monoscript/fileName/Health.cs: 0e01c5d611b7e6f68d551fd8377c081b -> 
  custom:container-muxer-webm: aa71ff27fc2769a1b78a27578f13a17b -> 
  custom:video-decoder-webm-vp8: 9c59270c3fd7afecdb556c50c9e8de78 -> 
  custom:SearchIndexIgnoredProperties: e643bd26f0fe6173181afceb89e7c659 -> 
  custom:AudioImporter_EditorPlatform: d09bf68614088b80899f8185d706f6e7 -> 
  custom:video-encoder-webm-vp8: eb34c28f22e8b96e1ab97ce403110664 -> 
  custom:scripting/monoscript/fileName/player.cs: b1b0b99e0fbd8450a8ac2481988cbaeb -> 
  custom:scripting/monoscript/fileName/combatsystem.cs: 6cab728e1d8cac4dad7bf9e415b8112a -> 8872a57b1c80ec4a65fcbcdad3cdf073
  custom:audio-decoder-ogg-vorbis: bf7c407c2cedff20999df2af8eb42d56 -> 
  custom:scripting/monoscript/fileName/fill.cs: 8a130407ab27c51b3a1b3dbce120d7b8 -> 
  custom:scripting/monoscript/fileName/health system.cs: e0852ac835be5566af11b3affa17d44c -> 
  custom:audio-encoder-webm-vorbis: bf7c407c2cedff20999df2af8eb42d56 -> 
  custom:scripting/precompiled-assembly-types:Assembly-CSharp: fc6c06edcaf9647d67ea1d2a4938dcd4 -> db58d614c6af3664d2fa6bb6dd40fe47
========================================================================
Received Prepare
Caller must complete domain reload
Begin MonoManager ReloadAssembly
- Loaded All Assemblies, in  0.349 seconds
Native extension for WindowsStandalone target not found
Native extension for WebGL target not found
System.Exception: Error! Visual Scripting: couldn't find visual scripting package
  at Unity.VisualScripting.PackageVersionUtility.get_version () [0x00043] in .\Library\PackageCache\com.unity.visualscripting@1.9.4\Editor\VisualScripting.Core\Utilities\PackageVersionUtility.cs:31 
  at Unity.VisualScripting.BoltCoreManifest.get_version () [0x00000] in .\Library\PackageCache\com.unity.visualscripting@1.9.4\Editor\VisualScripting.Core\Plugin\BoltCoreManifest.cs:11 
  at Unity.VisualScripting.PluginManifest.get_currentVersion () [0x00000] in .\Library\PackageCache\com.unity.visualscripting@1.9.4\Editor\VisualScripting.Core\Plugins\PluginManifest.cs:33 
  at Unity.VisualScripting.PluginManifest.get_versionMismatch () [0x00000] in .\Library\PackageCache\com.unity.visualscripting@1.9.4\Editor\VisualScripting.Core\Plugins\PluginManifest.cs:48 
  at Unity.VisualScripting.PluginContainer.Initialize () [0x00525] in .\Library\PackageCache\com.unity.visualscripting@1.9.4\Editor\VisualScripting.Core\Plugins\PluginContainer.cs:208 
  at Unity.VisualScripting.PluginContainer.InitializeOnLoad () [0x00009] in .\Library\PackageCache\com.unity.visualscripting@1.9.4\Editor\VisualScripting.Core\Plugins\PluginContainer.cs:32 
  at Unity.VisualScripting.VSUsageUtility.DoInitializeOnLoadCalls () [0x00034] in .\Library\PackageCache\com.unity.visualscripting@1.9.4\Editor\VisualScripting.Core\Utilities\VSUsageUtility.cs:76 
  at Unity.VisualScripting.VSUsageUtility.set_isVisualScriptingUsed (System.Boolean value) [0x0002c] in .\Library\PackageCache\com.unity.visualscripting@1.9.4\Editor\VisualScripting.Core\Utilities\VSUsageUtility.cs:114 
  at Unity.VisualScripting.VSUsageUtility.CheckAndSetIsVisualScriptingUsed () [0x0000d] in .\Library\PackageCache\com.unity.visualscripting@1.9.4\Editor\VisualScripting.Core\Utilities\VSUsageUtility.cs:33 
  at Unity.VisualScripting.VSUsageUtility..cctor () [0x00000] in .\Library\PackageCache\com.unity.visualscripting@1.9.4\Editor\VisualScripting.Core\Utilities\VSUsageUtility.cs:22 
UnityEngine.StackTraceUtility:ExtractStackTrace ()
UnityEngine.DebugLogHandler:LogFormat (UnityEngine.LogType,UnityEngine.Object,string,object[])
UnityEngine.Logger:Log (UnityEngine.LogType,object)
UnityEngine.Debug:LogError (object)
UnityEditor.EditorAssemblies:ProcessInitializeOnLoadAttributes (System.Type[])

[Package Manager] Server::EnsureServerProcessIsRunning -- launch failed, reason: Unity was launched with the -noUpm command-line argument
[Package Manager] UpmClient::Send -- Unable to send message (not connected to UPM process).
[Package Manager] Cannot connect to Unity Package Manager local server
Mono: successfully reloaded assembly
- Finished resetting the current domain, in  1.039 seconds
Domain Reload Profiling: 1385ms
	BeginReloadAssembly (128ms)
		ExecutionOrderSort (0ms)
		DisableScriptedObjects (7ms)
		BackupInstance (0ms)
		ReleaseScriptingObjects (0ms)
		CreateAndSetChildDomain (25ms)
	RebuildCommonClasses (20ms)
	RebuildNativeTypeToScriptingClass (7ms)
	initialDomainReloadingComplete (23ms)
	LoadAllAssembliesAndSetupDomain (167ms)
		LoadAssemblies (211ms)
		RebuildTransferFunctionScriptingTraits (0ms)
		AnalyzeDomain (10ms)
			TypeCache.Refresh (5ms)
				TypeCache.ScanAssembly (0ms)
			ScanForSourceGeneratedMonoScriptInfo (0ms)
			ResolveRequiredComponents (4ms)
	FinalizeReload (1039ms)
		ReleaseScriptCaches (0ms)
		RebuildScriptCaches (0ms)
		SetupLoadedEditorAssemblies (468ms)
			LogAssemblyErrors (0ms)
			InitializePlatformSupportModulesInManaged (6ms)
			SetLoadedEditorAssemblies (2ms)
			RefreshPlugins (0ms)
			BeforeProcessingInitializeOnLoad (53ms)
			ProcessInitializeOnLoadAttributes (378ms)
			ProcessInitializeOnLoadMethodAttributes (22ms)
			AfterProcessingInitializeOnLoad (6ms)
			EditorAssembliesLoaded (0ms)
		ExecutionOrderSort2 (0ms)
		AwakeInstancesAfterBackupRestoration (8ms)
Refreshing native plugins compatible for Editor in 7.47 ms, found 4 plugins.
Preloading 0 native plugins for Editor in 0.00 ms.
Unloading 4063 Unused Serialized files (Serialized files now loaded: 0)
Unloading 25 unused Assets / (213.6 KB). Loaded Objects now: 4955.
Memory consumption went from 148.0 MB to 147.8 MB.
Total: 7.485900 ms (FindLiveObjects: 0.216900 ms CreateObjectMapping: 0.099300 ms MarkObjects: 7.036900 ms  DeleteObjects: 0.129900 ms)

Prepare: number of updated asset objects reloaded= 0
AssetImportParameters requested are different than current active one (requested -> active):
  custom:container-demuxer-ogg: 62fdf1f143b41e24485cea50d1cbac27 -> 
  custom:scripting/monoscript/fileName/text hitpoints.cs: d36093d1da3b739b778440323f6d28ae -> 
  custom:scripting/monoscript/fileName/enemyvalues.cs: 6d3759815fd7be00f9546723da6f552c -> b2871cba44f342a4684feb21ced01089
  custom:scripting/monoscript/fileName/playerhealth.cs: 627fa3622fd9609fbcb99df0f0e3ffd2 -> 
  custom:video-decoder-ogg-theora: a1e56fd34408186e4bbccfd4996cb3dc -> 
  custom:framework-win-MediaFoundation: 216162199b28c13a410421893ffa2e32 -> 
  custom:scripting/monoscript/fileName/health.cs: b1303998ffee75aadca64949bf0a2211 -> 
  custom:CustomObjectIndexerAttribute: 9a22284fe3817be447336de3de66b15e -> 
  custom:scripting/monoscript/fileName/playervalues.cs: b765fddbee80866c9f4d7e2bde69eaa4 -> fefad19e05659674120111df3ff930d2
  custom:container-demuxer-webm: 4f35f7cbe854078d1ac9338744f61a02 -> 
  custom:scripting/monoscript/fileName/Health.cs: 0e01c5d611b7e6f68d551fd8377c081b -> 
  custom:container-muxer-webm: aa71ff27fc2769a1b78a27578f13a17b -> 
  custom:video-decoder-webm-vp8: 9c59270c3fd7afecdb556c50c9e8de78 -> 
  custom:SearchIndexIgnoredProperties: e643bd26f0fe6173181afceb89e7c659 -> 
  custom:AudioImporter_EditorPlatform: d09bf68614088b80899f8185d706f6e7 -> 
  custom:video-encoder-webm-vp8: eb34c28f22e8b96e1ab97ce403110664 -> 
  custom:scripting/monoscript/fileName/player.cs: b1b0b99e0fbd8450a8ac2481988cbaeb -> 
  custom:scripting/monoscript/fileName/combatsystem.cs: 6cab728e1d8cac4dad7bf9e415b8112a -> 8872a57b1c80ec4a65fcbcdad3cdf073
  custom:audio-decoder-ogg-vorbis: bf7c407c2cedff20999df2af8eb42d56 -> 
  custom:scripting/monoscript/fileName/fill.cs: 8a130407ab27c51b3a1b3dbce120d7b8 -> 
  custom:scripting/monoscript/fileName/health system.cs: e0852ac835be5566af11b3affa17d44c -> 
  custom:audio-encoder-webm-vorbis: bf7c407c2cedff20999df2af8eb42d56 -> 
  custom:scripting/precompiled-assembly-types:Assembly-CSharp: fc6c06edcaf9647d67ea1d2a4938dcd4 -> db58d614c6af3664d2fa6bb6dd40fe47
========================================================================
Received Prepare
Caller must complete domain reload
Begin MonoManager ReloadAssembly
- Loaded All Assemblies, in  0.390 seconds
Native extension for WindowsStandalone target not found
Native extension for WebGL target not found
System.Exception: Error! Visual Scripting: couldn't find visual scripting package
  at Unity.VisualScripting.PackageVersionUtility.get_version () [0x00043] in .\Library\PackageCache\com.unity.visualscripting@1.9.4\Editor\VisualScripting.Core\Utilities\PackageVersionUtility.cs:31 
  at Unity.VisualScripting.BoltCoreManifest.get_version () [0x00000] in .\Library\PackageCache\com.unity.visualscripting@1.9.4\Editor\VisualScripting.Core\Plugin\BoltCoreManifest.cs:11 
  at Unity.VisualScripting.PluginManifest.get_currentVersion () [0x00000] in .\Library\PackageCache\com.unity.visualscripting@1.9.4\Editor\VisualScripting.Core\Plugins\PluginManifest.cs:33 
  at Unity.VisualScripting.PluginManifest.get_versionMismatch () [0x00000] in .\Library\PackageCache\com.unity.visualscripting@1.9.4\Editor\VisualScripting.Core\Plugins\PluginManifest.cs:48 
  at Unity.VisualScripting.PluginContainer.Initialize () [0x00525] in .\Library\PackageCache\com.unity.visualscripting@1.9.4\Editor\VisualScripting.Core\Plugins\PluginContainer.cs:208 
  at Unity.VisualScripting.PluginContainer.InitializeOnLoad () [0x00009] in .\Library\PackageCache\com.unity.visualscripting@1.9.4\Editor\VisualScripting.Core\Plugins\PluginContainer.cs:32 
  at Unity.VisualScripting.VSUsageUtility.DoInitializeOnLoadCalls () [0x00034] in .\Library\PackageCache\com.unity.visualscripting@1.9.4\Editor\VisualScripting.Core\Utilities\VSUsageUtility.cs:76 
  at Unity.VisualScripting.VSUsageUtility.set_isVisualScriptingUsed (System.Boolean value) [0x0002c] in .\Library\PackageCache\com.unity.visualscripting@1.9.4\Editor\VisualScripting.Core\Utilities\VSUsageUtility.cs:114 
  at Unity.VisualScripting.VSUsageUtility.CheckAndSetIsVisualScriptingUsed () [0x0000d] in .\Library\PackageCache\com.unity.visualscripting@1.9.4\Editor\VisualScripting.Core\Utilities\VSUsageUtility.cs:33 
  at Unity.VisualScripting.VSUsageUtility..cctor () [0x00000] in .\Library\PackageCache\com.unity.visualscripting@1.9.4\Editor\VisualScripting.Core\Utilities\VSUsageUtility.cs:22 
UnityEngine.StackTraceUtility:ExtractStackTrace ()
UnityEngine.DebugLogHandler:LogFormat (UnityEngine.LogType,UnityEngine.Object,string,object[])
UnityEngine.Logger:Log (UnityEngine.LogType,object)
UnityEngine.Debug:LogError (object)
UnityEditor.EditorAssemblies:ProcessInitializeOnLoadAttributes (System.Type[])

[Package Manager] Server::EnsureServerProcessIsRunning -- launch failed, reason: Unity was launched with the -noUpm command-line argument
[Package Manager] UpmClient::Send -- Unable to send message (not connected to UPM process).
[Package Manager] Cannot connect to Unity Package Manager local server
Mono: successfully reloaded assembly
- Finished resetting the current domain, in  1.027 seconds
Domain Reload Profiling: 1412ms
	BeginReloadAssembly (139ms)
		ExecutionOrderSort (0ms)
		DisableScriptedObjects (7ms)
		BackupInstance (0ms)
		ReleaseScriptingObjects (0ms)
		CreateAndSetChildDomain (27ms)
	RebuildCommonClasses (22ms)
	RebuildNativeTypeToScriptingClass (7ms)
	initialDomainReloadingComplete (23ms)
	LoadAllAssembliesAndSetupDomain (194ms)
		LoadAssemblies (233ms)
		RebuildTransferFunctionScriptingTraits (0ms)
		AnalyzeDomain (20ms)
			TypeCache.Refresh (8ms)
				TypeCache.ScanAssembly (1ms)
			ScanForSourceGeneratedMonoScriptInfo (7ms)
			ResolveRequiredComponents (4ms)
	FinalizeReload (1027ms)
		ReleaseScriptCaches (0ms)
		RebuildScriptCaches (0ms)
		SetupLoadedEditorAssemblies (449ms)
			LogAssemblyErrors (0ms)
			InitializePlatformSupportModulesInManaged (6ms)
			SetLoadedEditorAssemblies (2ms)
			RefreshPlugins (0ms)
			BeforeProcessingInitializeOnLoad (52ms)
			ProcessInitializeOnLoadAttributes (360ms)
			ProcessInitializeOnLoadMethodAttributes (21ms)
			AfterProcessingInitializeOnLoad (6ms)
			EditorAssembliesLoaded (0ms)
		ExecutionOrderSort2 (0ms)
		AwakeInstancesAfterBackupRestoration (8ms)
Refreshing native plugins compatible for Editor in 4.20 ms, found 4 plugins.
Preloading 0 native plugins for Editor in 0.00 ms.
Unloading 4063 Unused Serialized files (Serialized files now loaded: 0)
Unloading 25 unused Assets / (213.5 KB). Loaded Objects now: 4960.
Memory consumption went from 148.0 MB to 147.8 MB.
Total: 7.397500 ms (FindLiveObjects: 0.195800 ms CreateObjectMapping: 0.091600 ms MarkObjects: 6.985600 ms  DeleteObjects: 0.123800 ms)

Prepare: number of updated asset objects reloaded= 0
AssetImportParameters requested are different than current active one (requested -> active):
  custom:container-demuxer-ogg: 62fdf1f143b41e24485cea50d1cbac27 -> 
  custom:scripting/monoscript/fileName/text hitpoints.cs: d36093d1da3b739b778440323f6d28ae -> 
  custom:scripting/monoscript/fileName/enemyvalues.cs: 6d3759815fd7be00f9546723da6f552c -> b2871cba44f342a4684feb21ced01089
  custom:scripting/monoscript/fileName/playerhealth.cs: 627fa3622fd9609fbcb99df0f0e3ffd2 -> 
  custom:video-decoder-ogg-theora: a1e56fd34408186e4bbccfd4996cb3dc -> 
  custom:framework-win-MediaFoundation: 216162199b28c13a410421893ffa2e32 -> 
  custom:scripting/monoscript/fileName/health.cs: b1303998ffee75aadca64949bf0a2211 -> 
  custom:CustomObjectIndexerAttribute: 9a22284fe3817be447336de3de66b15e -> 
  custom:scripting/monoscript/fileName/playervalues.cs: b765fddbee80866c9f4d7e2bde69eaa4 -> fefad19e05659674120111df3ff930d2
  custom:container-demuxer-webm: 4f35f7cbe854078d1ac9338744f61a02 -> 
  custom:scripting/monoscript/fileName/Health.cs: 0e01c5d611b7e6f68d551fd8377c081b -> 
  custom:container-muxer-webm: aa71ff27fc2769a1b78a27578f13a17b -> 
  custom:video-decoder-webm-vp8: 9c59270c3fd7afecdb556c50c9e8de78 -> 
  custom:SearchIndexIgnoredProperties: e643bd26f0fe6173181afceb89e7c659 -> 
  custom:AudioImporter_EditorPlatform: d09bf68614088b80899f8185d706f6e7 -> 
  custom:video-encoder-webm-vp8: eb34c28f22e8b96e1ab97ce403110664 -> 
  custom:scripting/monoscript/fileName/player.cs: b1b0b99e0fbd8450a8ac2481988cbaeb -> 
  custom:scripting/monoscript/fileName/combatsystem.cs: 6cab728e1d8cac4dad7bf9e415b8112a -> 8872a57b1c80ec4a65fcbcdad3cdf073
  custom:audio-decoder-ogg-vorbis: bf7c407c2cedff20999df2af8eb42d56 -> 
  custom:scripting/monoscript/fileName/fill.cs: 8a130407ab27c51b3a1b3dbce120d7b8 -> 
  custom:scripting/monoscript/fileName/health system.cs: e0852ac835be5566af11b3affa17d44c -> 
  custom:audio-encoder-webm-vorbis: bf7c407c2cedff20999df2af8eb42d56 -> 
  custom:scripting/precompiled-assembly-types:Assembly-CSharp: fc6c06edcaf9647d67ea1d2a4938dcd4 -> db58d614c6af3664d2fa6bb6dd40fe47
========================================================================
Received Prepare
Caller must complete domain reload
Begin MonoManager ReloadAssembly
- Loaded All Assemblies, in  0.362 seconds
Native extension for WindowsStandalone target not found
Native extension for WebGL target not found
System.Exception: Error! Visual Scripting: couldn't find visual scripting package
  at Unity.VisualScripting.PackageVersionUtility.get_version () [0x00043] in .\Library\PackageCache\com.unity.visualscripting@1.9.4\Editor\VisualScripting.Core\Utilities\PackageVersionUtility.cs:31 
  at Unity.VisualScripting.BoltCoreManifest.get_version () [0x00000] in .\Library\PackageCache\com.unity.visualscripting@1.9.4\Editor\VisualScripting.Core\Plugin\BoltCoreManifest.cs:11 
  at Unity.VisualScripting.PluginManifest.get_currentVersion () [0x00000] in .\Library\PackageCache\com.unity.visualscripting@1.9.4\Editor\VisualScripting.Core\Plugins\PluginManifest.cs:33 
  at Unity.VisualScripting.PluginManifest.get_versionMismatch () [0x00000] in .\Library\PackageCache\com.unity.visualscripting@1.9.4\Editor\VisualScripting.Core\Plugins\PluginManifest.cs:48 
  at Unity.VisualScripting.PluginContainer.Initialize () [0x00525] in .\Library\PackageCache\com.unity.visualscripting@1.9.4\Editor\VisualScripting.Core\Plugins\PluginContainer.cs:208 
  at Unity.VisualScripting.PluginContainer.InitializeOnLoad () [0x00009] in .\Library\PackageCache\com.unity.visualscripting@1.9.4\Editor\VisualScripting.Core\Plugins\PluginContainer.cs:32 
  at Unity.VisualScripting.VSUsageUtility.DoInitializeOnLoadCalls () [0x00034] in .\Library\PackageCache\com.unity.visualscripting@1.9.4\Editor\VisualScripting.Core\Utilities\VSUsageUtility.cs:76 
  at Unity.VisualScripting.VSUsageUtility.set_isVisualScriptingUsed (System.Boolean value) [0x0002c] in .\Library\PackageCache\com.unity.visualscripting@1.9.4\Editor\VisualScripting.Core\Utilities\VSUsageUtility.cs:114 
  at Unity.VisualScripting.VSUsageUtility.CheckAndSetIsVisualScriptingUsed () [0x0000d] in .\Library\PackageCache\com.unity.visualscripting@1.9.4\Editor\VisualScripting.Core\Utilities\VSUsageUtility.cs:33 
  at Unity.VisualScripting.VSUsageUtility..cctor () [0x00000] in .\Library\PackageCache\com.unity.visualscripting@1.9.4\Editor\VisualScripting.Core\Utilities\VSUsageUtility.cs:22 
UnityEngine.StackTraceUtility:ExtractStackTrace ()
UnityEngine.DebugLogHandler:LogFormat (UnityEngine.LogType,UnityEngine.Object,string,object[])
UnityEngine.Logger:Log (UnityEngine.LogType,object)
UnityEngine.Debug:LogError (object)
UnityEditor.EditorAssemblies:ProcessInitializeOnLoadAttributes (System.Type[])

[Package Manager] Server::EnsureServerProcessIsRunning -- launch failed, reason: Unity was launched with the -noUpm command-line argument
[Package Manager] UpmClient::Send -- Unable to send message (not connected to UPM process).
[Package Manager] Cannot connect to Unity Package Manager local server
Mono: successfully reloaded assembly
- Finished resetting the current domain, in  1.060 seconds
Domain Reload Profiling: 1419ms
	BeginReloadAssembly (128ms)
		ExecutionOrderSort (0ms)
		DisableScriptedObjects (7ms)
		BackupInstance (0ms)
		ReleaseScriptingObjects (0ms)
		CreateAndSetChildDomain (26ms)
	RebuildCommonClasses (22ms)
	RebuildNativeTypeToScriptingClass (7ms)
	initialDomainReloadingComplete (23ms)
	LoadAllAssembliesAndSetupDomain (177ms)
		LoadAssemblies (222ms)
		RebuildTransferFunctionScriptingTraits (0ms)
		AnalyzeDomain (11ms)
			TypeCache.Refresh (5ms)
				TypeCache.ScanAssembly (0ms)
			ScanForSourceGeneratedMonoScriptInfo (0ms)
			ResolveRequiredComponents (4ms)
	FinalizeReload (1061ms)
		ReleaseScriptCaches (0ms)
		RebuildScriptCaches (0ms)
		SetupLoadedEditorAssemblies (467ms)
			LogAssemblyErrors (0ms)
			InitializePlatformSupportModulesInManaged (8ms)
			SetLoadedEditorAssemblies (3ms)
			RefreshPlugins (0ms)
			BeforeProcessingInitializeOnLoad (57ms)
			ProcessInitializeOnLoadAttributes (372ms)
			ProcessInitializeOnLoadMethodAttributes (22ms)
			AfterProcessingInitializeOnLoad (6ms)
			EditorAssembliesLoaded (0ms)
		ExecutionOrderSort2 (0ms)
		AwakeInstancesAfterBackupRestoration (8ms)
Refreshing native plugins compatible for Editor in 5.51 ms, found 4 plugins.
Preloading 0 native plugins for Editor in 0.00 ms.
Unloading 4063 Unused Serialized files (Serialized files now loaded: 0)
Unloading 25 unused Assets / (213.6 KB). Loaded Objects now: 4965.
Memory consumption went from 148.0 MB to 147.8 MB.
Total: 7.408000 ms (FindLiveObjects: 0.217100 ms CreateObjectMapping: 0.094100 ms MarkObjects: 6.897300 ms  DeleteObjects: 0.198500 ms)

Prepare: number of updated asset objects reloaded= 0
AssetImportParameters requested are different than current active one (requested -> active):
  custom:container-demuxer-ogg: 62fdf1f143b41e24485cea50d1cbac27 -> 
  custom:scripting/monoscript/fileName/text hitpoints.cs: d36093d1da3b739b778440323f6d28ae -> 
  custom:scripting/monoscript/fileName/enemyvalues.cs: 6d3759815fd7be00f9546723da6f552c -> b2871cba44f342a4684feb21ced01089
  custom:scripting/monoscript/fileName/playerhealth.cs: 627fa3622fd9609fbcb99df0f0e3ffd2 -> 
  custom:video-decoder-ogg-theora: a1e56fd34408186e4bbccfd4996cb3dc -> 
  custom:framework-win-MediaFoundation: 216162199b28c13a410421893ffa2e32 -> 
  custom:scripting/monoscript/fileName/health.cs: b1303998ffee75aadca64949bf0a2211 -> 
  custom:CustomObjectIndexerAttribute: 9a22284fe3817be447336de3de66b15e -> 
  custom:scripting/monoscript/fileName/playervalues.cs: b765fddbee80866c9f4d7e2bde69eaa4 -> fefad19e05659674120111df3ff930d2
  custom:container-demuxer-webm: 4f35f7cbe854078d1ac9338744f61a02 -> 
  custom:scripting/monoscript/fileName/Health.cs: 0e01c5d611b7e6f68d551fd8377c081b -> 
  custom:container-muxer-webm: aa71ff27fc2769a1b78a27578f13a17b -> 
  custom:video-decoder-webm-vp8: 9c59270c3fd7afecdb556c50c9e8de78 -> 
  custom:SearchIndexIgnoredProperties: e643bd26f0fe6173181afceb89e7c659 -> 
  custom:AudioImporter_EditorPlatform: d09bf68614088b80899f8185d706f6e7 -> 
  custom:video-encoder-webm-vp8: eb34c28f22e8b96e1ab97ce403110664 -> 
  custom:scripting/monoscript/fileName/player.cs: b1b0b99e0fbd8450a8ac2481988cbaeb -> 
  custom:scripting/monoscript/fileName/combatsystem.cs: 6cab728e1d8cac4dad7bf9e415b8112a -> 8872a57b1c80ec4a65fcbcdad3cdf073
  custom:audio-decoder-ogg-vorbis: bf7c407c2cedff20999df2af8eb42d56 -> 
  custom:scripting/monoscript/fileName/fill.cs: 8a130407ab27c51b3a1b3dbce120d7b8 -> 
  custom:scripting/monoscript/fileName/health system.cs: e0852ac835be5566af11b3affa17d44c -> 
  custom:audio-encoder-webm-vorbis: bf7c407c2cedff20999df2af8eb42d56 -> 
  custom:scripting/precompiled-assembly-types:Assembly-CSharp: fc6c06edcaf9647d67ea1d2a4938dcd4 -> db58d614c6af3664d2fa6bb6dd40fe47
========================================================================
Received Prepare
Caller must complete domain reload
Begin MonoManager ReloadAssembly
- Loaded All Assemblies, in  0.361 seconds
Native extension for WindowsStandalone target not found
Native extension for WebGL target not found
System.Exception: Error! Visual Scripting: couldn't find visual scripting package
  at Unity.VisualScripting.PackageVersionUtility.get_version () [0x00043] in .\Library\PackageCache\com.unity.visualscripting@1.9.4\Editor\VisualScripting.Core\Utilities\PackageVersionUtility.cs:31 
  at Unity.VisualScripting.BoltCoreManifest.get_version () [0x00000] in .\Library\PackageCache\com.unity.visualscripting@1.9.4\Editor\VisualScripting.Core\Plugin\BoltCoreManifest.cs:11 
  at Unity.VisualScripting.PluginManifest.get_currentVersion () [0x00000] in .\Library\PackageCache\com.unity.visualscripting@1.9.4\Editor\VisualScripting.Core\Plugins\PluginManifest.cs:33 
  at Unity.VisualScripting.PluginManifest.get_versionMismatch () [0x00000] in .\Library\PackageCache\com.unity.visualscripting@1.9.4\Editor\VisualScripting.Core\Plugins\PluginManifest.cs:48 
  at Unity.VisualScripting.PluginContainer.Initialize () [0x00525] in .\Library\PackageCache\com.unity.visualscripting@1.9.4\Editor\VisualScripting.Core\Plugins\PluginContainer.cs:208 
  at Unity.VisualScripting.PluginContainer.InitializeOnLoad () [0x00009] in .\Library\PackageCache\com.unity.visualscripting@1.9.4\Editor\VisualScripting.Core\Plugins\PluginContainer.cs:32 
  at Unity.VisualScripting.VSUsageUtility.DoInitializeOnLoadCalls () [0x00034] in .\Library\PackageCache\com.unity.visualscripting@1.9.4\Editor\VisualScripting.Core\Utilities\VSUsageUtility.cs:76 
  at Unity.VisualScripting.VSUsageUtility.set_isVisualScriptingUsed (System.Boolean value) [0x0002c] in .\Library\PackageCache\com.unity.visualscripting@1.9.4\Editor\VisualScripting.Core\Utilities\VSUsageUtility.cs:114 
  at Unity.VisualScripting.VSUsageUtility.CheckAndSetIsVisualScriptingUsed () [0x0000d] in .\Library\PackageCache\com.unity.visualscripting@1.9.4\Editor\VisualScripting.Core\Utilities\VSUsageUtility.cs:33 
  at Unity.VisualScripting.VSUsageUtility..cctor () [0x00000] in .\Library\PackageCache\com.unity.visualscripting@1.9.4\Editor\VisualScripting.Core\Utilities\VSUsageUtility.cs:22 
UnityEngine.StackTraceUtility:ExtractStackTrace ()
UnityEngine.DebugLogHandler:LogFormat (UnityEngine.LogType,UnityEngine.Object,string,object[])
UnityEngine.Logger:Log (UnityEngine.LogType,object)
UnityEngine.Debug:LogError (object)
UnityEditor.EditorAssemblies:ProcessInitializeOnLoadAttributes (System.Type[])

[Package Manager] Server::EnsureServerProcessIsRunning -- launch failed, reason: Unity was launched with the -noUpm command-line argument
[Package Manager] UpmClient::Send -- Unable to send message (not connected to UPM process).
[Package Manager] Cannot connect to Unity Package Manager local server
Mono: successfully reloaded assembly
- Finished resetting the current domain, in  1.053 seconds
Domain Reload Profiling: 1409ms
	BeginReloadAssembly (131ms)
		ExecutionOrderSort (0ms)
		DisableScriptedObjects (7ms)
		BackupInstance (0ms)
		ReleaseScriptingObjects (0ms)
		CreateAndSetChildDomain (26ms)
	RebuildCommonClasses (22ms)
	RebuildNativeTypeToScriptingClass (7ms)
	initialDomainReloadingComplete (24ms)
	LoadAllAssembliesAndSetupDomain (173ms)
		LoadAssemblies (219ms)
		RebuildTransferFunctionScriptingTraits (0ms)
		AnalyzeDomain (10ms)
			TypeCache.Refresh (5ms)
				TypeCache.ScanAssembly (0ms)
			ScanForSourceGeneratedMonoScriptInfo (0ms)
			ResolveRequiredComponents (4ms)
	FinalizeReload (1053ms)
		ReleaseScriptCaches (0ms)
		RebuildScriptCaches (0ms)
		SetupLoadedEditorAssemblies (480ms)
			LogAssemblyErrors (0ms)
			InitializePlatformSupportModulesInManaged (5ms)
			SetLoadedEditorAssemblies (2ms)
			RefreshPlugins (0ms)
			BeforeProcessingInitializeOnLoad (56ms)
			ProcessInitializeOnLoadAttributes (384ms)
			ProcessInitializeOnLoadMethodAttributes (25ms)
			AfterProcessingInitializeOnLoad (8ms)
			EditorAssembliesLoaded (0ms)
		ExecutionOrderSort2 (0ms)
		AwakeInstancesAfterBackupRestoration (8ms)
Refreshing native plugins compatible for Editor in 7.55 ms, found 4 plugins.
Preloading 0 native plugins for Editor in 0.00 ms.
Unloading 4063 Unused Serialized files (Serialized files now loaded: 0)
Unloading 25 unused Assets / (213.6 KB). Loaded Objects now: 4970.
Memory consumption went from 148.0 MB to 147.8 MB.
Total: 11.838600 ms (FindLiveObjects: 0.223900 ms CreateObjectMapping: 0.100200 ms MarkObjects: 11.366900 ms  DeleteObjects: 0.146300 ms)

Prepare: number of updated asset objects reloaded= 0
AssetImportParameters requested are different than current active one (requested -> active):
  custom:container-demuxer-ogg: 62fdf1f143b41e24485cea50d1cbac27 -> 
  custom:scripting/monoscript/fileName/text hitpoints.cs: d36093d1da3b739b778440323f6d28ae -> 
  custom:scripting/monoscript/fileName/enemyvalues.cs: 6d3759815fd7be00f9546723da6f552c -> b2871cba44f342a4684feb21ced01089
  custom:scripting/monoscript/fileName/playerhealth.cs: 627fa3622fd9609fbcb99df0f0e3ffd2 -> 
  custom:video-decoder-ogg-theora: a1e56fd34408186e4bbccfd4996cb3dc -> 
  custom:framework-win-MediaFoundation: 216162199b28c13a410421893ffa2e32 -> 
  custom:scripting/monoscript/fileName/health.cs: b1303998ffee75aadca64949bf0a2211 -> 
  custom:CustomObjectIndexerAttribute: 9a22284fe3817be447336de3de66b15e -> 
  custom:scripting/monoscript/fileName/playervalues.cs: b765fddbee80866c9f4d7e2bde69eaa4 -> fefad19e05659674120111df3ff930d2
  custom:container-demuxer-webm: 4f35f7cbe854078d1ac9338744f61a02 -> 
  custom:scripting/monoscript/fileName/Health.cs: 0e01c5d611b7e6f68d551fd8377c081b -> 
  custom:container-muxer-webm: aa71ff27fc2769a1b78a27578f13a17b -> 
  custom:video-decoder-webm-vp8: 9c59270c3fd7afecdb556c50c9e8de78 -> 
  custom:SearchIndexIgnoredProperties: e643bd26f0fe6173181afceb89e7c659 -> 
  custom:AudioImporter_EditorPlatform: d09bf68614088b80899f8185d706f6e7 -> 
  custom:video-encoder-webm-vp8: eb34c28f22e8b96e1ab97ce403110664 -> 
  custom:scripting/monoscript/fileName/player.cs: b1b0b99e0fbd8450a8ac2481988cbaeb -> 
  custom:scripting/monoscript/fileName/combatsystem.cs: 6cab728e1d8cac4dad7bf9e415b8112a -> 8872a57b1c80ec4a65fcbcdad3cdf073
  custom:audio-decoder-ogg-vorbis: bf7c407c2cedff20999df2af8eb42d56 -> 
  custom:scripting/monoscript/fileName/fill.cs: 8a130407ab27c51b3a1b3dbce120d7b8 -> 
  custom:scripting/monoscript/fileName/health system.cs: e0852ac835be5566af11b3affa17d44c -> 
  custom:audio-encoder-webm-vorbis: bf7c407c2cedff20999df2af8eb42d56 -> 
  custom:scripting/precompiled-assembly-types:Assembly-CSharp: fc6c06edcaf9647d67ea1d2a4938dcd4 -> db58d614c6af3664d2fa6bb6dd40fe47
========================================================================
Received Prepare
Caller must complete domain reload
Begin MonoManager ReloadAssembly
- Loaded All Assemblies, in  0.776 seconds
Native extension for WindowsStandalone target not found
Native extension for WebGL target not found
System.Exception: Error! Visual Scripting: couldn't find visual scripting package
  at Unity.VisualScripting.PackageVersionUtility.get_version () [0x00043] in .\Library\PackageCache\com.unity.visualscripting@1.9.4\Editor\VisualScripting.Core\Utilities\PackageVersionUtility.cs:31 
  at Unity.VisualScripting.BoltCoreManifest.get_version () [0x00000] in .\Library\PackageCache\com.unity.visualscripting@1.9.4\Editor\VisualScripting.Core\Plugin\BoltCoreManifest.cs:11 
  at Unity.VisualScripting.PluginManifest.get_currentVersion () [0x00000] in .\Library\PackageCache\com.unity.visualscripting@1.9.4\Editor\VisualScripting.Core\Plugins\PluginManifest.cs:33 
  at Unity.VisualScripting.PluginManifest.get_versionMismatch () [0x00000] in .\Library\PackageCache\com.unity.visualscripting@1.9.4\Editor\VisualScripting.Core\Plugins\PluginManifest.cs:48 
  at Unity.VisualScripting.PluginContainer.Initialize () [0x00525] in .\Library\PackageCache\com.unity.visualscripting@1.9.4\Editor\VisualScripting.Core\Plugins\PluginContainer.cs:208 
  at Unity.VisualScripting.PluginContainer.InitializeOnLoad () [0x00009] in .\Library\PackageCache\com.unity.visualscripting@1.9.4\Editor\VisualScripting.Core\Plugins\PluginContainer.cs:32 
  at Unity.VisualScripting.VSUsageUtility.DoInitializeOnLoadCalls () [0x00034] in .\Library\PackageCache\com.unity.visualscripting@1.9.4\Editor\VisualScripting.Core\Utilities\VSUsageUtility.cs:76 
  at Unity.VisualScripting.VSUsageUtility.set_isVisualScriptingUsed (System.Boolean value) [0x0002c] in .\Library\PackageCache\com.unity.visualscripting@1.9.4\Editor\VisualScripting.Core\Utilities\VSUsageUtility.cs:114 
  at Unity.VisualScripting.VSUsageUtility.CheckAndSetIsVisualScriptingUsed () [0x0000d] in .\Library\PackageCache\com.unity.visualscripting@1.9.4\Editor\VisualScripting.Core\Utilities\VSUsageUtility.cs:33 
  at Unity.VisualScripting.VSUsageUtility..cctor () [0x00000] in .\Library\PackageCache\com.unity.visualscripting@1.9.4\Editor\VisualScripting.Core\Utilities\VSUsageUtility.cs:22 
UnityEngine.StackTraceUtility:ExtractStackTrace ()
UnityEngine.DebugLogHandler:LogFormat (UnityEngine.LogType,UnityEngine.Object,string,object[])
UnityEngine.Logger:Log (UnityEngine.LogType,object)
UnityEngine.Debug:LogError (object)
UnityEditor.EditorAssemblies:ProcessInitializeOnLoadAttributes (System.Type[])

[Package Manager] Server::EnsureServerProcessIsRunning -- launch failed, reason: Unity was launched with the -noUpm command-line argument
[Package Manager] UpmClient::Send -- Unable to send message (not connected to UPM process).
[Package Manager] Cannot connect to Unity Package Manager local server
Mono: successfully reloaded assembly
- Finished resetting the current domain, in  2.119 seconds
Domain Reload Profiling: 2885ms
	BeginReloadAssembly (292ms)
		ExecutionOrderSort (0ms)
		DisableScriptedObjects (12ms)
		BackupInstance (0ms)
		ReleaseScriptingObjects (0ms)
		CreateAndSetChildDomain (46ms)
	RebuildCommonClasses (48ms)
	RebuildNativeTypeToScriptingClass (17ms)
	initialDomainReloadingComplete (62ms)
	LoadAllAssembliesAndSetupDomain (348ms)
		LoadAssemblies (450ms)
		RebuildTransferFunctionScriptingTraits (0ms)
		AnalyzeDomain (34ms)
			TypeCache.Refresh (11ms)
				TypeCache.ScanAssembly (1ms)
			ScanForSourceGeneratedMonoScriptInfo (13ms)
			ResolveRequiredComponents (8ms)
	FinalizeReload (2119ms)
		ReleaseScriptCaches (0ms)
		RebuildScriptCaches (0ms)
		SetupLoadedEditorAssemblies (835ms)
			LogAssemblyErrors (0ms)
			InitializePlatformSupportModulesInManaged (11ms)
			SetLoadedEditorAssemblies (4ms)
			RefreshPlugins (0ms)
			BeforeProcessingInitializeOnLoad (109ms)
			ProcessInitializeOnLoadAttributes (651ms)
			ProcessInitializeOnLoadMethodAttributes (37ms)
			AfterProcessingInitializeOnLoad (23ms)
			EditorAssembliesLoaded (0ms)
		ExecutionOrderSort2 (0ms)
		AwakeInstancesAfterBackupRestoration (15ms)
Refreshing native plugins compatible for Editor in 12.92 ms, found 4 plugins.
Preloading 0 native plugins for Editor in 0.00 ms.
Unloading 4063 Unused Serialized files (Serialized files now loaded: 0)
Unloading 25 unused Assets / (213.6 KB). Loaded Objects now: 4975.
Memory consumption went from 148.0 MB to 147.8 MB.
Total: 13.725600 ms (FindLiveObjects: 0.439200 ms CreateObjectMapping: 0.162900 ms MarkObjects: 12.900100 ms  DeleteObjects: 0.222000 ms)

Prepare: number of updated asset objects reloaded= 0
AssetImportParameters requested are different than current active one (requested -> active):
  custom:container-demuxer-ogg: 62fdf1f143b41e24485cea50d1cbac27 -> 
  custom:scripting/monoscript/fileName/text hitpoints.cs: d36093d1da3b739b778440323f6d28ae -> 
  custom:scripting/monoscript/fileName/enemyvalues.cs: 6d3759815fd7be00f9546723da6f552c -> b2871cba44f342a4684feb21ced01089
  custom:scripting/monoscript/fileName/playerhealth.cs: 627fa3622fd9609fbcb99df0f0e3ffd2 -> 
  custom:video-decoder-ogg-theora: a1e56fd34408186e4bbccfd4996cb3dc -> 
  custom:framework-win-MediaFoundation: 216162199b28c13a410421893ffa2e32 -> 
  custom:scripting/monoscript/fileName/health.cs: b1303998ffee75aadca64949bf0a2211 -> 
  custom:CustomObjectIndexerAttribute: 9a22284fe3817be447336de3de66b15e -> 
  custom:scripting/monoscript/fileName/playervalues.cs: b765fddbee80866c9f4d7e2bde69eaa4 -> fefad19e05659674120111df3ff930d2
  custom:container-demuxer-webm: 4f35f7cbe854078d1ac9338744f61a02 -> 
  custom:scripting/monoscript/fileName/Health.cs: 0e01c5d611b7e6f68d551fd8377c081b -> 
  custom:container-muxer-webm: aa71ff27fc2769a1b78a27578f13a17b -> 
  custom:video-decoder-webm-vp8: 9c59270c3fd7afecdb556c50c9e8de78 -> 
  custom:SearchIndexIgnoredProperties: e643bd26f0fe6173181afceb89e7c659 -> 
  custom:AudioImporter_EditorPlatform: d09bf68614088b80899f8185d706f6e7 -> 
  custom:video-encoder-webm-vp8: eb34c28f22e8b96e1ab97ce403110664 -> 
  custom:scripting/monoscript/fileName/player.cs: b1b0b99e0fbd8450a8ac2481988cbaeb -> 
  custom:scripting/monoscript/fileName/combatsystem.cs: 6cab728e1d8cac4dad7bf9e415b8112a -> 8872a57b1c80ec4a65fcbcdad3cdf073
  custom:audio-decoder-ogg-vorbis: bf7c407c2cedff20999df2af8eb42d56 -> 
  custom:scripting/monoscript/fileName/fill.cs: 8a130407ab27c51b3a1b3dbce120d7b8 -> 
  custom:scripting/monoscript/fileName/health system.cs: e0852ac835be5566af11b3affa17d44c -> 
  custom:audio-encoder-webm-vorbis: bf7c407c2cedff20999df2af8eb42d56 -> 
  custom:scripting/precompiled-assembly-types:Assembly-CSharp: fc6c06edcaf9647d67ea1d2a4938dcd4 -> db58d614c6af3664d2fa6bb6dd40fe47
========================================================================
Received Prepare
Caller must complete domain reload
Begin MonoManager ReloadAssembly
- Loaded All Assemblies, in  0.352 seconds
Native extension for WindowsStandalone target not found
Native extension for WebGL target not found
System.Exception: Error! Visual Scripting: couldn't find visual scripting package
  at Unity.VisualScripting.PackageVersionUtility.get_version () [0x00043] in .\Library\PackageCache\com.unity.visualscripting@1.9.4\Editor\VisualScripting.Core\Utilities\PackageVersionUtility.cs:31 
  at Unity.VisualScripting.BoltCoreManifest.get_version () [0x00000] in .\Library\PackageCache\com.unity.visualscripting@1.9.4\Editor\VisualScripting.Core\Plugin\BoltCoreManifest.cs:11 
  at Unity.VisualScripting.PluginManifest.get_currentVersion () [0x00000] in .\Library\PackageCache\com.unity.visualscripting@1.9.4\Editor\VisualScripting.Core\Plugins\PluginManifest.cs:33 
  at Unity.VisualScripting.PluginManifest.get_versionMismatch () [0x00000] in .\Library\PackageCache\com.unity.visualscripting@1.9.4\Editor\VisualScripting.Core\Plugins\PluginManifest.cs:48 
  at Unity.VisualScripting.PluginContainer.Initialize () [0x00525] in .\Library\PackageCache\com.unity.visualscripting@1.9.4\Editor\VisualScripting.Core\Plugins\PluginContainer.cs:208 
  at Unity.VisualScripting.PluginContainer.InitializeOnLoad () [0x00009] in .\Library\PackageCache\com.unity.visualscripting@1.9.4\Editor\VisualScripting.Core\Plugins\PluginContainer.cs:32 
  at Unity.VisualScripting.VSUsageUtility.DoInitializeOnLoadCalls () [0x00034] in .\Library\PackageCache\com.unity.visualscripting@1.9.4\Editor\VisualScripting.Core\Utilities\VSUsageUtility.cs:76 
  at Unity.VisualScripting.VSUsageUtility.set_isVisualScriptingUsed (System.Boolean value) [0x0002c] in .\Library\PackageCache\com.unity.visualscripting@1.9.4\Editor\VisualScripting.Core\Utilities\VSUsageUtility.cs:114 
  at Unity.VisualScripting.VSUsageUtility.CheckAndSetIsVisualScriptingUsed () [0x0000d] in .\Library\PackageCache\com.unity.visualscripting@1.9.4\Editor\VisualScripting.Core\Utilities\VSUsageUtility.cs:33 
  at Unity.VisualScripting.VSUsageUtility..cctor () [0x00000] in .\Library\PackageCache\com.unity.visualscripting@1.9.4\Editor\VisualScripting.Core\Utilities\VSUsageUtility.cs:22 
UnityEngine.StackTraceUtility:ExtractStackTrace ()
UnityEngine.DebugLogHandler:LogFormat (UnityEngine.LogType,UnityEngine.Object,string,object[])
UnityEngine.Logger:Log (UnityEngine.LogType,object)
UnityEngine.Debug:LogError (object)
UnityEditor.EditorAssemblies:ProcessInitializeOnLoadAttributes (System.Type[])

[Package Manager] Server::EnsureServerProcessIsRunning -- launch failed, reason: Unity was launched with the -noUpm command-line argument
[Package Manager] UpmClient::Send -- Unable to send message (not connected to UPM process).
[Package Manager] Cannot connect to Unity Package Manager local server
Mono: successfully reloaded assembly
- Finished resetting the current domain, in  1.059 seconds
Domain Reload Profiling: 1407ms
	BeginReloadAssembly (132ms)
		ExecutionOrderSort (0ms)
		DisableScriptedObjects (7ms)
		BackupInstance (0ms)
		ReleaseScriptingObjects (0ms)
		CreateAndSetChildDomain (26ms)
	RebuildCommonClasses (22ms)
	RebuildNativeTypeToScriptingClass (7ms)
	initialDomainReloadingComplete (24ms)
	LoadAllAssembliesAndSetupDomain (163ms)
		LoadAssemblies (214ms)
		RebuildTransferFunctionScriptingTraits (0ms)
		AnalyzeDomain (9ms)
			TypeCache.Refresh (4ms)
				TypeCache.ScanAssembly (0ms)
			ScanForSourceGeneratedMonoScriptInfo (0ms)
			ResolveRequiredComponents (4ms)
	FinalizeReload (1059ms)
		ReleaseScriptCaches (0ms)
		RebuildScriptCaches (0ms)
		SetupLoadedEditorAssemblies (480ms)
			LogAssemblyErrors (0ms)
			InitializePlatformSupportModulesInManaged (6ms)
			SetLoadedEditorAssemblies (3ms)
			RefreshPlugins (0ms)
			BeforeProcessingInitializeOnLoad (59ms)
			ProcessInitializeOnLoadAttributes (388ms)
			ProcessInitializeOnLoadMethodAttributes (20ms)
			AfterProcessingInitializeOnLoad (6ms)
			EditorAssembliesLoaded (0ms)
		ExecutionOrderSort2 (0ms)
		AwakeInstancesAfterBackupRestoration (8ms)
Refreshing native plugins compatible for Editor in 4.76 ms, found 4 plugins.
Preloading 0 native plugins for Editor in 0.00 ms.
Unloading 4063 Unused Serialized files (Serialized files now loaded: 0)
Unloading 25 unused Assets / (213.5 KB). Loaded Objects now: 4980.
Memory consumption went from 148.1 MB to 147.8 MB.
Total: 9.685900 ms (FindLiveObjects: 0.241200 ms CreateObjectMapping: 0.107800 ms MarkObjects: 9.195600 ms  DeleteObjects: 0.140100 ms)

Prepare: number of updated asset objects reloaded= 0
AssetImportParameters requested are different than current active one (requested -> active):
  custom:container-demuxer-ogg: 62fdf1f143b41e24485cea50d1cbac27 -> 
  custom:scripting/monoscript/fileName/text hitpoints.cs: d36093d1da3b739b778440323f6d28ae -> 
  custom:scripting/monoscript/fileName/enemyvalues.cs: 6d3759815fd7be00f9546723da6f552c -> b2871cba44f342a4684feb21ced01089
  custom:scripting/monoscript/fileName/playerhealth.cs: 627fa3622fd9609fbcb99df0f0e3ffd2 -> 
  custom:video-decoder-ogg-theora: a1e56fd34408186e4bbccfd4996cb3dc -> 
  custom:framework-win-MediaFoundation: 216162199b28c13a410421893ffa2e32 -> 
  custom:scripting/monoscript/fileName/health.cs: b1303998ffee75aadca64949bf0a2211 -> 
  custom:CustomObjectIndexerAttribute: 9a22284fe3817be447336de3de66b15e -> 
  custom:scripting/monoscript/fileName/playervalues.cs: b765fddbee80866c9f4d7e2bde69eaa4 -> fefad19e05659674120111df3ff930d2
  custom:container-demuxer-webm: 4f35f7cbe854078d1ac9338744f61a02 -> 
  custom:scripting/monoscript/fileName/Health.cs: 0e01c5d611b7e6f68d551fd8377c081b -> 
  custom:container-muxer-webm: aa71ff27fc2769a1b78a27578f13a17b -> 
  custom:video-decoder-webm-vp8: 9c59270c3fd7afecdb556c50c9e8de78 -> 
  custom:SearchIndexIgnoredProperties: e643bd26f0fe6173181afceb89e7c659 -> 
  custom:AudioImporter_EditorPlatform: d09bf68614088b80899f8185d706f6e7 -> 
  custom:video-encoder-webm-vp8: eb34c28f22e8b96e1ab97ce403110664 -> 
  custom:scripting/monoscript/fileName/player.cs: b1b0b99e0fbd8450a8ac2481988cbaeb -> 
  custom:scripting/monoscript/fileName/combatsystem.cs: 6cab728e1d8cac4dad7bf9e415b8112a -> 8872a57b1c80ec4a65fcbcdad3cdf073
  custom:audio-decoder-ogg-vorbis: bf7c407c2cedff20999df2af8eb42d56 -> 
  custom:scripting/monoscript/fileName/fill.cs: 8a130407ab27c51b3a1b3dbce120d7b8 -> 
  custom:scripting/monoscript/fileName/health system.cs: e0852ac835be5566af11b3affa17d44c -> 
  custom:audio-encoder-webm-vorbis: bf7c407c2cedff20999df2af8eb42d56 -> 
  custom:scripting/precompiled-assembly-types:Assembly-CSharp: fc6c06edcaf9647d67ea1d2a4938dcd4 -> db58d614c6af3664d2fa6bb6dd40fe47
========================================================================
Received Prepare
Caller must complete domain reload
Begin MonoManager ReloadAssembly
- Loaded All Assemblies, in  0.380 seconds
Native extension for WindowsStandalone target not found
Native extension for WebGL target not found
System.Exception: Error! Visual Scripting: couldn't find visual scripting package
  at Unity.VisualScripting.PackageVersionUtility.get_version () [0x00043] in .\Library\PackageCache\com.unity.visualscripting@1.9.4\Editor\VisualScripting.Core\Utilities\PackageVersionUtility.cs:31 
  at Unity.VisualScripting.BoltCoreManifest.get_version () [0x00000] in .\Library\PackageCache\com.unity.visualscripting@1.9.4\Editor\VisualScripting.Core\Plugin\BoltCoreManifest.cs:11 
  at Unity.VisualScripting.PluginManifest.get_currentVersion () [0x00000] in .\Library\PackageCache\com.unity.visualscripting@1.9.4\Editor\VisualScripting.Core\Plugins\PluginManifest.cs:33 
  at Unity.VisualScripting.PluginManifest.get_versionMismatch () [0x00000] in .\Library\PackageCache\com.unity.visualscripting@1.9.4\Editor\VisualScripting.Core\Plugins\PluginManifest.cs:48 
  at Unity.VisualScripting.PluginContainer.Initialize () [0x00525] in .\Library\PackageCache\com.unity.visualscripting@1.9.4\Editor\VisualScripting.Core\Plugins\PluginContainer.cs:208 
  at Unity.VisualScripting.PluginContainer.InitializeOnLoad () [0x00009] in .\Library\PackageCache\com.unity.visualscripting@1.9.4\Editor\VisualScripting.Core\Plugins\PluginContainer.cs:32 
  at Unity.VisualScripting.VSUsageUtility.DoInitializeOnLoadCalls () [0x00034] in .\Library\PackageCache\com.unity.visualscripting@1.9.4\Editor\VisualScripting.Core\Utilities\VSUsageUtility.cs:76 
  at Unity.VisualScripting.VSUsageUtility.set_isVisualScriptingUsed (System.Boolean value) [0x0002c] in .\Library\PackageCache\com.unity.visualscripting@1.9.4\Editor\VisualScripting.Core\Utilities\VSUsageUtility.cs:114 
  at Unity.VisualScripting.VSUsageUtility.CheckAndSetIsVisualScriptingUsed () [0x0000d] in .\Library\PackageCache\com.unity.visualscripting@1.9.4\Editor\VisualScripting.Core\Utilities\VSUsageUtility.cs:33 
  at Unity.VisualScripting.VSUsageUtility..cctor () [0x00000] in .\Library\PackageCache\com.unity.visualscripting@1.9.4\Editor\VisualScripting.Core\Utilities\VSUsageUtility.cs:22 
UnityEngine.StackTraceUtility:ExtractStackTrace ()
UnityEngine.DebugLogHandler:LogFormat (UnityEngine.LogType,UnityEngine.Object,string,object[])
UnityEngine.Logger:Log (UnityEngine.LogType,object)
UnityEngine.Debug:LogError (object)
UnityEditor.EditorAssemblies:ProcessInitializeOnLoadAttributes (System.Type[])

[Package Manager] Server::EnsureServerProcessIsRunning -- launch failed, reason: Unity was launched with the -noUpm command-line argument
[Package Manager] UpmClient::Send -- Unable to send message (not connected to UPM process).
[Package Manager] Cannot connect to Unity Package Manager local server
Mono: successfully reloaded assembly
- Finished resetting the current domain, in  1.165 seconds
Domain Reload Profiling: 1542ms
	BeginReloadAssembly (136ms)
		ExecutionOrderSort (0ms)
		DisableScriptedObjects (8ms)
		BackupInstance (0ms)
		ReleaseScriptingObjects (0ms)
		CreateAndSetChildDomain (27ms)
	RebuildCommonClasses (21ms)
	RebuildNativeTypeToScriptingClass (7ms)
	initialDomainReloadingComplete (26ms)
	LoadAllAssembliesAndSetupDomain (187ms)
		LoadAssemblies (225ms)
		RebuildTransferFunctionScriptingTraits (0ms)
		AnalyzeDomain (20ms)
			TypeCache.Refresh (8ms)
				TypeCache.ScanAssembly (0ms)
			ScanForSourceGeneratedMonoScriptInfo (7ms)
			ResolveRequiredComponents (4ms)
	FinalizeReload (1165ms)
		ReleaseScriptCaches (0ms)
		RebuildScriptCaches (0ms)
		SetupLoadedEditorAssemblies (467ms)
			LogAssemblyErrors (0ms)
			InitializePlatformSupportModulesInManaged (6ms)
			SetLoadedEditorAssemblies (2ms)
			RefreshPlugins (0ms)
			BeforeProcessingInitializeOnLoad (59ms)
			ProcessInitializeOnLoadAttributes (372ms)
			ProcessInitializeOnLoadMethodAttributes (21ms)
			AfterProcessingInitializeOnLoad (7ms)
			EditorAssembliesLoaded (0ms)
		ExecutionOrderSort2 (0ms)
		AwakeInstancesAfterBackupRestoration (9ms)
Refreshing native plugins compatible for Editor in 4.67 ms, found 4 plugins.
Preloading 0 native plugins for Editor in 0.00 ms.
Unloading 4063 Unused Serialized files (Serialized files now loaded: 0)
Unloading 25 unused Assets / (213.7 KB). Loaded Objects now: 4985.
Memory consumption went from 148.1 MB to 147.9 MB.
Total: 7.170900 ms (FindLiveObjects: 0.204500 ms CreateObjectMapping: 0.105800 ms MarkObjects: 6.680600 ms  DeleteObjects: 0.178900 ms)

Prepare: number of updated asset objects reloaded= 0
AssetImportParameters requested are different than current active one (requested -> active):
  custom:container-demuxer-ogg: 62fdf1f143b41e24485cea50d1cbac27 -> 
  custom:scripting/monoscript/fileName/text hitpoints.cs: d36093d1da3b739b778440323f6d28ae -> 
  custom:scripting/monoscript/fileName/enemyvalues.cs: 6d3759815fd7be00f9546723da6f552c -> b2871cba44f342a4684feb21ced01089
  custom:scripting/monoscript/fileName/playerhealth.cs: 627fa3622fd9609fbcb99df0f0e3ffd2 -> 
  custom:video-decoder-ogg-theora: a1e56fd34408186e4bbccfd4996cb3dc -> 
  custom:framework-win-MediaFoundation: 216162199b28c13a410421893ffa2e32 -> 
  custom:scripting/monoscript/fileName/health.cs: b1303998ffee75aadca64949bf0a2211 -> 
  custom:CustomObjectIndexerAttribute: 9a22284fe3817be447336de3de66b15e -> 
  custom:scripting/monoscript/fileName/playervalues.cs: b765fddbee80866c9f4d7e2bde69eaa4 -> fefad19e05659674120111df3ff930d2
  custom:container-demuxer-webm: 4f35f7cbe854078d1ac9338744f61a02 -> 
  custom:scripting/monoscript/fileName/Health.cs: 0e01c5d611b7e6f68d551fd8377c081b -> 
  custom:container-muxer-webm: aa71ff27fc2769a1b78a27578f13a17b -> 
  custom:video-decoder-webm-vp8: 9c59270c3fd7afecdb556c50c9e8de78 -> 
  custom:SearchIndexIgnoredProperties: e643bd26f0fe6173181afceb89e7c659 -> 
  custom:AudioImporter_EditorPlatform: d09bf68614088b80899f8185d706f6e7 -> 
  custom:video-encoder-webm-vp8: eb34c28f22e8b96e1ab97ce403110664 -> 
  custom:scripting/monoscript/fileName/player.cs: b1b0b99e0fbd8450a8ac2481988cbaeb -> 
  custom:scripting/monoscript/fileName/combatsystem.cs: 6cab728e1d8cac4dad7bf9e415b8112a -> 8872a57b1c80ec4a65fcbcdad3cdf073
  custom:audio-decoder-ogg-vorbis: bf7c407c2cedff20999df2af8eb42d56 -> 
  custom:scripting/monoscript/fileName/fill.cs: 8a130407ab27c51b3a1b3dbce120d7b8 -> 
  custom:scripting/monoscript/fileName/health system.cs: e0852ac835be5566af11b3affa17d44c -> 
  custom:audio-encoder-webm-vorbis: bf7c407c2cedff20999df2af8eb42d56 -> 
  custom:scripting/precompiled-assembly-types:Assembly-CSharp: fc6c06edcaf9647d67ea1d2a4938dcd4 -> db58d614c6af3664d2fa6bb6dd40fe47
========================================================================
Received Prepare
Caller must complete domain reload
Begin MonoManager ReloadAssembly
- Loaded All Assemblies, in  0.358 seconds
Native extension for WindowsStandalone target not found
Native extension for WebGL target not found
System.Exception: Error! Visual Scripting: couldn't find visual scripting package
  at Unity.VisualScripting.PackageVersionUtility.get_version () [0x00043] in .\Library\PackageCache\com.unity.visualscripting@1.9.4\Editor\VisualScripting.Core\Utilities\PackageVersionUtility.cs:31 
  at Unity.VisualScripting.BoltCoreManifest.get_version () [0x00000] in .\Library\PackageCache\com.unity.visualscripting@1.9.4\Editor\VisualScripting.Core\Plugin\BoltCoreManifest.cs:11 
  at Unity.VisualScripting.PluginManifest.get_currentVersion () [0x00000] in .\Library\PackageCache\com.unity.visualscripting@1.9.4\Editor\VisualScripting.Core\Plugins\PluginManifest.cs:33 
  at Unity.VisualScripting.PluginManifest.get_versionMismatch () [0x00000] in .\Library\PackageCache\com.unity.visualscripting@1.9.4\Editor\VisualScripting.Core\Plugins\PluginManifest.cs:48 
  at Unity.VisualScripting.PluginContainer.Initialize () [0x00525] in .\Library\PackageCache\com.unity.visualscripting@1.9.4\Editor\VisualScripting.Core\Plugins\PluginContainer.cs:208 
  at Unity.VisualScripting.PluginContainer.InitializeOnLoad () [0x00009] in .\Library\PackageCache\com.unity.visualscripting@1.9.4\Editor\VisualScripting.Core\Plugins\PluginContainer.cs:32 
  at Unity.VisualScripting.VSUsageUtility.DoInitializeOnLoadCalls () [0x00034] in .\Library\PackageCache\com.unity.visualscripting@1.9.4\Editor\VisualScripting.Core\Utilities\VSUsageUtility.cs:76 
  at Unity.VisualScripting.VSUsageUtility.set_isVisualScriptingUsed (System.Boolean value) [0x0002c] in .\Library\PackageCache\com.unity.visualscripting@1.9.4\Editor\VisualScripting.Core\Utilities\VSUsageUtility.cs:114 
  at Unity.VisualScripting.VSUsageUtility.CheckAndSetIsVisualScriptingUsed () [0x0000d] in .\Library\PackageCache\com.unity.visualscripting@1.9.4\Editor\VisualScripting.Core\Utilities\VSUsageUtility.cs:33 
  at Unity.VisualScripting.VSUsageUtility..cctor () [0x00000] in .\Library\PackageCache\com.unity.visualscripting@1.9.4\Editor\VisualScripting.Core\Utilities\VSUsageUtility.cs:22 
UnityEngine.StackTraceUtility:ExtractStackTrace ()
UnityEngine.DebugLogHandler:LogFormat (UnityEngine.LogType,UnityEngine.Object,string,object[])
UnityEngine.Logger:Log (UnityEngine.LogType,object)
UnityEngine.Debug:LogError (object)
UnityEditor.EditorAssemblies:ProcessInitializeOnLoadAttributes (System.Type[])

[Package Manager] Server::EnsureServerProcessIsRunning -- launch failed, reason: Unity was launched with the -noUpm command-line argument
[Package Manager] UpmClient::Send -- Unable to send message (not connected to UPM process).
[Package Manager] Cannot connect to Unity Package Manager local server
Mono: successfully reloaded assembly
- Finished resetting the current domain, in  1.053 seconds
Domain Reload Profiling: 1407ms
	BeginReloadAssembly (135ms)
		ExecutionOrderSort (0ms)
		DisableScriptedObjects (8ms)
		BackupInstance (0ms)
		ReleaseScriptingObjects (0ms)
		CreateAndSetChildDomain (27ms)
	RebuildCommonClasses (20ms)
	RebuildNativeTypeToScriptingClass (7ms)
	initialDomainReloadingComplete (24ms)
	LoadAllAssembliesAndSetupDomain (168ms)
		LoadAssemblies (213ms)
		RebuildTransferFunctionScriptingTraits (0ms)
		AnalyzeDomain (10ms)
			TypeCache.Refresh (5ms)
				TypeCache.ScanAssembly (0ms)
			ScanForSourceGeneratedMonoScriptInfo (0ms)
			ResolveRequiredComponents (4ms)
	FinalizeReload (1053ms)
		ReleaseScriptCaches (0ms)
		RebuildScriptCaches (0ms)
		SetupLoadedEditorAssemblies (477ms)
			LogAssemblyErrors (0ms)
			InitializePlatformSupportModulesInManaged (5ms)
			SetLoadedEditorAssemblies (2ms)
			RefreshPlugins (0ms)
			BeforeProcessingInitializeOnLoad (57ms)
			ProcessInitializeOnLoadAttributes (386ms)
			ProcessInitializeOnLoadMethodAttributes (20ms)
			AfterProcessingInitializeOnLoad (6ms)
			EditorAssembliesLoaded (0ms)
		ExecutionOrderSort2 (0ms)
		AwakeInstancesAfterBackupRestoration (8ms)
Refreshing native plugins compatible for Editor in 5.57 ms, found 4 plugins.
Preloading 0 native plugins for Editor in 0.00 ms.
Unloading 4063 Unused Serialized files (Serialized files now loaded: 0)
Unloading 25 unused Assets / (213.7 KB). Loaded Objects now: 4990.
Memory consumption went from 148.1 MB to 147.9 MB.
Total: 10.455800 ms (FindLiveObjects: 0.494500 ms CreateObjectMapping: 0.184700 ms MarkObjects: 9.630100 ms  DeleteObjects: 0.145300 ms)

Prepare: number of updated asset objects reloaded= 0
AssetImportParameters requested are different than current active one (requested -> active):
  custom:container-demuxer-ogg: 62fdf1f143b41e24485cea50d1cbac27 -> 
  custom:scripting/monoscript/fileName/text hitpoints.cs: d36093d1da3b739b778440323f6d28ae -> 
  custom:scripting/monoscript/fileName/enemyvalues.cs: 6d3759815fd7be00f9546723da6f552c -> b2871cba44f342a4684feb21ced01089
  custom:scripting/monoscript/fileName/playerhealth.cs: 627fa3622fd9609fbcb99df0f0e3ffd2 -> 
  custom:video-decoder-ogg-theora: a1e56fd34408186e4bbccfd4996cb3dc -> 
  custom:framework-win-MediaFoundation: 216162199b28c13a410421893ffa2e32 -> 
  custom:scripting/monoscript/fileName/health.cs: b1303998ffee75aadca64949bf0a2211 -> 
  custom:CustomObjectIndexerAttribute: 9a22284fe3817be447336de3de66b15e -> 
  custom:scripting/monoscript/fileName/playervalues.cs: b765fddbee80866c9f4d7e2bde69eaa4 -> fefad19e05659674120111df3ff930d2
  custom:container-demuxer-webm: 4f35f7cbe854078d1ac9338744f61a02 -> 
  custom:scripting/monoscript/fileName/Health.cs: 0e01c5d611b7e6f68d551fd8377c081b -> 
  custom:container-muxer-webm: aa71ff27fc2769a1b78a27578f13a17b -> 
  custom:video-decoder-webm-vp8: 9c59270c3fd7afecdb556c50c9e8de78 -> 
  custom:SearchIndexIgnoredProperties: e643bd26f0fe6173181afceb89e7c659 -> 
  custom:AudioImporter_EditorPlatform: d09bf68614088b80899f8185d706f6e7 -> 
  custom:video-encoder-webm-vp8: eb34c28f22e8b96e1ab97ce403110664 -> 
  custom:scripting/monoscript/fileName/player.cs: b1b0b99e0fbd8450a8ac2481988cbaeb -> 
  custom:scripting/monoscript/fileName/combatsystem.cs: 6cab728e1d8cac4dad7bf9e415b8112a -> 8872a57b1c80ec4a65fcbcdad3cdf073
  custom:audio-decoder-ogg-vorbis: bf7c407c2cedff20999df2af8eb42d56 -> 
  custom:scripting/monoscript/fileName/fill.cs: 8a130407ab27c51b3a1b3dbce120d7b8 -> 
  custom:scripting/monoscript/fileName/health system.cs: e0852ac835be5566af11b3affa17d44c -> 
  custom:audio-encoder-webm-vorbis: bf7c407c2cedff20999df2af8eb42d56 -> 
  custom:scripting/precompiled-assembly-types:Assembly-CSharp: fc6c06edcaf9647d67ea1d2a4938dcd4 -> db58d614c6af3664d2fa6bb6dd40fe47
========================================================================
Received Prepare
Caller must complete domain reload
Begin MonoManager ReloadAssembly
- Loaded All Assemblies, in  0.803 seconds
Native extension for WindowsStandalone target not found
Native extension for WebGL target not found
System.Exception: Error! Visual Scripting: couldn't find visual scripting package
  at Unity.VisualScripting.PackageVersionUtility.get_version () [0x00043] in .\Library\PackageCache\com.unity.visualscripting@1.9.4\Editor\VisualScripting.Core\Utilities\PackageVersionUtility.cs:31 
  at Unity.VisualScripting.BoltCoreManifest.get_version () [0x00000] in .\Library\PackageCache\com.unity.visualscripting@1.9.4\Editor\VisualScripting.Core\Plugin\BoltCoreManifest.cs:11 
  at Unity.VisualScripting.PluginManifest.get_currentVersion () [0x00000] in .\Library\PackageCache\com.unity.visualscripting@1.9.4\Editor\VisualScripting.Core\Plugins\PluginManifest.cs:33 
  at Unity.VisualScripting.PluginManifest.get_versionMismatch () [0x00000] in .\Library\PackageCache\com.unity.visualscripting@1.9.4\Editor\VisualScripting.Core\Plugins\PluginManifest.cs:48 
  at Unity.VisualScripting.PluginContainer.Initialize () [0x00525] in .\Library\PackageCache\com.unity.visualscripting@1.9.4\Editor\VisualScripting.Core\Plugins\PluginContainer.cs:208 
  at Unity.VisualScripting.PluginContainer.InitializeOnLoad () [0x00009] in .\Library\PackageCache\com.unity.visualscripting@1.9.4\Editor\VisualScripting.Core\Plugins\PluginContainer.cs:32 
  at Unity.VisualScripting.VSUsageUtility.DoInitializeOnLoadCalls () [0x00034] in .\Library\PackageCache\com.unity.visualscripting@1.9.4\Editor\VisualScripting.Core\Utilities\VSUsageUtility.cs:76 
  at Unity.VisualScripting.VSUsageUtility.set_isVisualScriptingUsed (System.Boolean value) [0x0002c] in .\Library\PackageCache\com.unity.visualscripting@1.9.4\Editor\VisualScripting.Core\Utilities\VSUsageUtility.cs:114 
  at Unity.VisualScripting.VSUsageUtility.CheckAndSetIsVisualScriptingUsed () [0x0000d] in .\Library\PackageCache\com.unity.visualscripting@1.9.4\Editor\VisualScripting.Core\Utilities\VSUsageUtility.cs:33 
  at Unity.VisualScripting.VSUsageUtility..cctor () [0x00000] in .\Library\PackageCache\com.unity.visualscripting@1.9.4\Editor\VisualScripting.Core\Utilities\VSUsageUtility.cs:22 
UnityEngine.StackTraceUtility:ExtractStackTrace ()
UnityEngine.DebugLogHandler:LogFormat (UnityEngine.LogType,UnityEngine.Object,string,object[])
UnityEngine.Logger:Log (UnityEngine.LogType,object)
UnityEngine.Debug:LogError (object)
UnityEditor.EditorAssemblies:ProcessInitializeOnLoadAttributes (System.Type[])

[Package Manager] Server::EnsureServerProcessIsRunning -- launch failed, reason: Unity was launched with the -noUpm command-line argument
[Package Manager] UpmClient::Send -- Unable to send message (not connected to UPM process).
[Package Manager] Cannot connect to Unity Package Manager local server
Mono: successfully reloaded assembly
- Finished resetting the current domain, in  1.334 seconds
Domain Reload Profiling: 2129ms
	BeginReloadAssembly (229ms)
		ExecutionOrderSort (0ms)
		DisableScriptedObjects (14ms)
		BackupInstance (0ms)
		ReleaseScriptingObjects (0ms)
		CreateAndSetChildDomain (43ms)
	RebuildCommonClasses (42ms)
	RebuildNativeTypeToScriptingClass (14ms)
	initialDomainReloadingComplete (44ms)
	LoadAllAssembliesAndSetupDomain (466ms)
		LoadAssemblies (531ms)
		RebuildTransferFunctionScriptingTraits (0ms)
		AnalyzeDomain (39ms)
			TypeCache.Refresh (11ms)
				TypeCache.ScanAssembly (1ms)
			ScanForSourceGeneratedMonoScriptInfo (15ms)
			ResolveRequiredComponents (10ms)
	FinalizeReload (1335ms)
		ReleaseScriptCaches (0ms)
		RebuildScriptCaches (0ms)
		SetupLoadedEditorAssemblies (466ms)
			LogAssemblyErrors (0ms)
			InitializePlatformSupportModulesInManaged (6ms)
			SetLoadedEditorAssemblies (2ms)
			RefreshPlugins (0ms)
			BeforeProcessingInitializeOnLoad (55ms)
			ProcessInitializeOnLoadAttributes (372ms)
			ProcessInitializeOnLoadMethodAttributes (24ms)
			AfterProcessingInitializeOnLoad (7ms)
			EditorAssembliesLoaded (0ms)
		ExecutionOrderSort2 (0ms)
		AwakeInstancesAfterBackupRestoration (9ms)
Refreshing native plugins compatible for Editor in 6.78 ms, found 4 plugins.
Preloading 0 native plugins for Editor in 0.00 ms.
Unloading 4063 Unused Serialized files (Serialized files now loaded: 0)
Unloading 25 unused Assets / (213.7 KB). Loaded Objects now: 4995.
Memory consumption went from 148.1 MB to 147.9 MB.
Total: 7.588600 ms (FindLiveObjects: 0.208500 ms CreateObjectMapping: 0.092000 ms MarkObjects: 7.148800 ms  DeleteObjects: 0.138400 ms)

Prepare: number of updated asset objects reloaded= 0
AssetImportParameters requested are different than current active one (requested -> active):
  custom:container-demuxer-ogg: 62fdf1f143b41e24485cea50d1cbac27 -> 
  custom:scripting/monoscript/fileName/text hitpoints.cs: d36093d1da3b739b778440323f6d28ae -> 
  custom:scripting/monoscript/fileName/enemyvalues.cs: 6d3759815fd7be00f9546723da6f552c -> b2871cba44f342a4684feb21ced01089
  custom:scripting/monoscript/fileName/playerhealth.cs: 627fa3622fd9609fbcb99df0f0e3ffd2 -> 
  custom:video-decoder-ogg-theora: a1e56fd34408186e4bbccfd4996cb3dc -> 
  custom:framework-win-MediaFoundation: 216162199b28c13a410421893ffa2e32 -> 
  custom:scripting/monoscript/fileName/health.cs: b1303998ffee75aadca64949bf0a2211 -> 
  custom:CustomObjectIndexerAttribute: 9a22284fe3817be447336de3de66b15e -> 
  custom:scripting/monoscript/fileName/playervalues.cs: b765fddbee80866c9f4d7e2bde69eaa4 -> fefad19e05659674120111df3ff930d2
  custom:container-demuxer-webm: 4f35f7cbe854078d1ac9338744f61a02 -> 
  custom:scripting/monoscript/fileName/Health.cs: 0e01c5d611b7e6f68d551fd8377c081b -> 
  custom:container-muxer-webm: aa71ff27fc2769a1b78a27578f13a17b -> 
  custom:video-decoder-webm-vp8: 9c59270c3fd7afecdb556c50c9e8de78 -> 
  custom:SearchIndexIgnoredProperties: e643bd26f0fe6173181afceb89e7c659 -> 
  custom:AudioImporter_EditorPlatform: d09bf68614088b80899f8185d706f6e7 -> 
  custom:video-encoder-webm-vp8: eb34c28f22e8b96e1ab97ce403110664 -> 
  custom:scripting/monoscript/fileName/player.cs: b1b0b99e0fbd8450a8ac2481988cbaeb -> 
  custom:scripting/monoscript/fileName/combatsystem.cs: 6cab728e1d8cac4dad7bf9e415b8112a -> 8872a57b1c80ec4a65fcbcdad3cdf073
  custom:audio-decoder-ogg-vorbis: bf7c407c2cedff20999df2af8eb42d56 -> 
  custom:scripting/monoscript/fileName/fill.cs: 8a130407ab27c51b3a1b3dbce120d7b8 -> 
  custom:scripting/monoscript/fileName/health system.cs: e0852ac835be5566af11b3affa17d44c -> 
  custom:audio-encoder-webm-vorbis: bf7c407c2cedff20999df2af8eb42d56 -> 
  custom:scripting/precompiled-assembly-types:Assembly-CSharp: fc6c06edcaf9647d67ea1d2a4938dcd4 -> db58d614c6af3664d2fa6bb6dd40fe47
========================================================================
Received Prepare
Caller must complete domain reload
Begin MonoManager ReloadAssembly
- Loaded All Assemblies, in  0.361 seconds
Native extension for WindowsStandalone target not found
Native extension for WebGL target not found
System.Exception: Error! Visual Scripting: couldn't find visual scripting package
  at Unity.VisualScripting.PackageVersionUtility.get_version () [0x00043] in .\Library\PackageCache\com.unity.visualscripting@1.9.4\Editor\VisualScripting.Core\Utilities\PackageVersionUtility.cs:31 
  at Unity.VisualScripting.BoltCoreManifest.get_version () [0x00000] in .\Library\PackageCache\com.unity.visualscripting@1.9.4\Editor\VisualScripting.Core\Plugin\BoltCoreManifest.cs:11 
  at Unity.VisualScripting.PluginManifest.get_currentVersion () [0x00000] in .\Library\PackageCache\com.unity.visualscripting@1.9.4\Editor\VisualScripting.Core\Plugins\PluginManifest.cs:33 
  at Unity.VisualScripting.PluginManifest.get_versionMismatch () [0x00000] in .\Library\PackageCache\com.unity.visualscripting@1.9.4\Editor\VisualScripting.Core\Plugins\PluginManifest.cs:48 
  at Unity.VisualScripting.PluginContainer.Initialize () [0x00525] in .\Library\PackageCache\com.unity.visualscripting@1.9.4\Editor\VisualScripting.Core\Plugins\PluginContainer.cs:208 
  at Unity.VisualScripting.PluginContainer.InitializeOnLoad () [0x00009] in .\Library\PackageCache\com.unity.visualscripting@1.9.4\Editor\VisualScripting.Core\Plugins\PluginContainer.cs:32 
  at Unity.VisualScripting.VSUsageUtility.DoInitializeOnLoadCalls () [0x00034] in .\Library\PackageCache\com.unity.visualscripting@1.9.4\Editor\VisualScripting.Core\Utilities\VSUsageUtility.cs:76 
  at Unity.VisualScripting.VSUsageUtility.set_isVisualScriptingUsed (System.Boolean value) [0x0002c] in .\Library\PackageCache\com.unity.visualscripting@1.9.4\Editor\VisualScripting.Core\Utilities\VSUsageUtility.cs:114 
  at Unity.VisualScripting.VSUsageUtility.CheckAndSetIsVisualScriptingUsed () [0x0000d] in .\Library\PackageCache\com.unity.visualscripting@1.9.4\Editor\VisualScripting.Core\Utilities\VSUsageUtility.cs:33 
  at Unity.VisualScripting.VSUsageUtility..cctor () [0x00000] in .\Library\PackageCache\com.unity.visualscripting@1.9.4\Editor\VisualScripting.Core\Utilities\VSUsageUtility.cs:22 
UnityEngine.StackTraceUtility:ExtractStackTrace ()
UnityEngine.DebugLogHandler:LogFormat (UnityEngine.LogType,UnityEngine.Object,string,object[])
UnityEngine.Logger:Log (UnityEngine.LogType,object)
UnityEngine.Debug:LogError (object)
UnityEditor.EditorAssemblies:ProcessInitializeOnLoadAttributes (System.Type[])

[Package Manager] Server::EnsureServerProcessIsRunning -- launch failed, reason: Unity was launched with the -noUpm command-line argument
[Package Manager] UpmClient::Send -- Unable to send message (not connected to UPM process).
[Package Manager] Cannot connect to Unity Package Manager local server
Mono: successfully reloaded assembly
- Finished resetting the current domain, in  1.037 seconds
Domain Reload Profiling: 1394ms
	BeginReloadAssembly (130ms)
		ExecutionOrderSort (0ms)
		DisableScriptedObjects (7ms)
		BackupInstance (0ms)
		ReleaseScriptingObjects (0ms)
		CreateAndSetChildDomain (26ms)
	RebuildCommonClasses (21ms)
	RebuildNativeTypeToScriptingClass (7ms)
	initialDomainReloadingComplete (25ms)
	LoadAllAssembliesAndSetupDomain (174ms)
		LoadAssemblies (221ms)
		RebuildTransferFunctionScriptingTraits (0ms)
		AnalyzeDomain (10ms)
			TypeCache.Refresh (5ms)
				TypeCache.ScanAssembly (0ms)
			ScanForSourceGeneratedMonoScriptInfo (0ms)
			ResolveRequiredComponents (4ms)
	FinalizeReload (1038ms)
		ReleaseScriptCaches (0ms)
		RebuildScriptCaches (0ms)
		SetupLoadedEditorAssemblies (461ms)
			LogAssemblyErrors (0ms)
			InitializePlatformSupportModulesInManaged (5ms)
			SetLoadedEditorAssemblies (2ms)
			RefreshPlugins (0ms)
			BeforeProcessingInitializeOnLoad (56ms)
			ProcessInitializeOnLoadAttributes (369ms)
			ProcessInitializeOnLoadMethodAttributes (22ms)
			AfterProcessingInitializeOnLoad (6ms)
			EditorAssembliesLoaded (0ms)
		ExecutionOrderSort2 (0ms)
		AwakeInstancesAfterBackupRestoration (9ms)
Refreshing native plugins compatible for Editor in 5.91 ms, found 4 plugins.
Preloading 0 native plugins for Editor in 0.00 ms.
Unloading 4063 Unused Serialized files (Serialized files now loaded: 0)
Unloading 25 unused Assets / (215.9 KB). Loaded Objects now: 5000.
Memory consumption went from 148.1 MB to 147.9 MB.
Total: 10.935000 ms (FindLiveObjects: 0.494600 ms CreateObjectMapping: 0.172700 ms MarkObjects: 10.124100 ms  DeleteObjects: 0.142300 ms)

Prepare: number of updated asset objects reloaded= 0
AssetImportParameters requested are different than current active one (requested -> active):
  custom:container-demuxer-ogg: 62fdf1f143b41e24485cea50d1cbac27 -> 
  custom:scripting/monoscript/fileName/text hitpoints.cs: d36093d1da3b739b778440323f6d28ae -> 
  custom:scripting/monoscript/fileName/enemyvalues.cs: 6d3759815fd7be00f9546723da6f552c -> b2871cba44f342a4684feb21ced01089
  custom:scripting/monoscript/fileName/playerhealth.cs: 627fa3622fd9609fbcb99df0f0e3ffd2 -> 
  custom:video-decoder-ogg-theora: a1e56fd34408186e4bbccfd4996cb3dc -> 
  custom:framework-win-MediaFoundation: 216162199b28c13a410421893ffa2e32 -> 
  custom:scripting/monoscript/fileName/health.cs: b1303998ffee75aadca64949bf0a2211 -> 
  custom:CustomObjectIndexerAttribute: 9a22284fe3817be447336de3de66b15e -> 
  custom:scripting/monoscript/fileName/playervalues.cs: b765fddbee80866c9f4d7e2bde69eaa4 -> fefad19e05659674120111df3ff930d2
  custom:container-demuxer-webm: 4f35f7cbe854078d1ac9338744f61a02 -> 
  custom:scripting/monoscript/fileName/Health.cs: 0e01c5d611b7e6f68d551fd8377c081b -> 
  custom:container-muxer-webm: aa71ff27fc2769a1b78a27578f13a17b -> 
  custom:video-decoder-webm-vp8: 9c59270c3fd7afecdb556c50c9e8de78 -> 
  custom:SearchIndexIgnoredProperties: e643bd26f0fe6173181afceb89e7c659 -> 
  custom:AudioImporter_EditorPlatform: d09bf68614088b80899f8185d706f6e7 -> 
  custom:video-encoder-webm-vp8: eb34c28f22e8b96e1ab97ce403110664 -> 
  custom:scripting/monoscript/fileName/player.cs: b1b0b99e0fbd8450a8ac2481988cbaeb -> 
  custom:scripting/monoscript/fileName/combatsystem.cs: 6cab728e1d8cac4dad7bf9e415b8112a -> 8872a57b1c80ec4a65fcbcdad3cdf073
  custom:audio-decoder-ogg-vorbis: bf7c407c2cedff20999df2af8eb42d56 -> 
  custom:scripting/monoscript/fileName/fill.cs: 8a130407ab27c51b3a1b3dbce120d7b8 -> 
  custom:scripting/monoscript/fileName/health system.cs: e0852ac835be5566af11b3affa17d44c -> 
  custom:audio-encoder-webm-vorbis: bf7c407c2cedff20999df2af8eb42d56 -> 
  custom:scripting/precompiled-assembly-types:Assembly-CSharp: fc6c06edcaf9647d67ea1d2a4938dcd4 -> db58d614c6af3664d2fa6bb6dd40fe47
