Using pre-set license
Built from '2022.3/staging' branch; Version is '2022.3.47f1 (88c277b85d21) revision 8962679'; Using compiler version '192829333'; Build Type 'Release'
OS: 'Windows 11  (10.0.22631) 64bit Core' Language: 'en' Physical Memory: 16227 MB
BatchMode: 1, IsHumanControllingUs: 0, StartBugReporterOnCrash: 0, Is64bit: 1, IsPro: 1

COMMAND LINE ARGUMENTS:
C:\Program Files\Unity\Hub\Editor\2022.3.47f1\Editor\Unity.exe
-adb2
-batchMode
-noUpm
-name
AssetImportWorker4
-projectPath
C:/Users/ryanm/OneDrive/Desktop/I2GT24_25_RMurphy_40180992/UnityEssentials - Get Creating/Knight quest (revamp)
-logFile
Logs/AssetImportWorker4.log
-srvPort
50404
Successfully changed project path to: C:/Users/ryanm/OneDrive/Desktop/I2GT24_25_RMurphy_40180992/UnityEssentials - Get Creating/Knight quest (revamp)
C:/Users/ryanm/OneDrive/Desktop/I2GT24_25_RMurphy_40180992/UnityEssentials - Get Creating/Knight quest (revamp)
[UnityMemory] Configuration Parameters - Can be set up in boot.config
    "memorysetup-bucket-allocator-granularity=16"
    "memorysetup-bucket-allocator-bucket-count=8"
    "memorysetup-bucket-allocator-block-size=33554432"
    "memorysetup-bucket-allocator-block-count=8"
    "memorysetup-main-allocator-block-size=16777216"
    "memorysetup-thread-allocator-block-size=16777216"
    "memorysetup-gfx-main-allocator-block-size=16777216"
    "memorysetup-gfx-thread-allocator-block-size=16777216"
    "memorysetup-cache-allocator-block-size=4194304"
    "memorysetup-typetree-allocator-block-size=2097152"
    "memorysetup-profiler-bucket-allocator-granularity=16"
    "memorysetup-profiler-bucket-allocator-bucket-count=8"
    "memorysetup-profiler-bucket-allocator-block-size=33554432"
    "memorysetup-profiler-bucket-allocator-block-count=8"
    "memorysetup-profiler-allocator-block-size=16777216"
    "memorysetup-profiler-editor-allocator-block-size=1048576"
    "memorysetup-temp-allocator-size-main=16777216"
    "memorysetup-job-temp-allocator-block-size=2097152"
    "memorysetup-job-temp-allocator-block-size-background=1048576"
    "memorysetup-job-temp-allocator-reduction-small-platforms=262144"
    "memorysetup-allocator-temp-initial-block-size-main=262144"
    "memorysetup-allocator-temp-initial-block-size-worker=262144"
    "memorysetup-temp-allocator-size-background-worker=32768"
    "memorysetup-temp-allocator-size-job-worker=262144"
    "memorysetup-temp-allocator-size-preload-manager=33554432"
    "memorysetup-temp-allocator-size-nav-mesh-worker=65536"
    "memorysetup-temp-allocator-size-audio-worker=65536"
    "memorysetup-temp-allocator-size-cloud-worker=32768"
    "memorysetup-temp-allocator-size-gi-baking-worker=262144"
    "memorysetup-temp-allocator-size-gfx=262144"
Player connection [27860]  Target information:

Player connection [27860]  * "[IP] 192.168.0.118 [Port] 0 [Flags] 2 [Guid] 1493314441 [EditorId] 1493314441 [Version] 1048832 [Id] WindowsEditor(7,RyanPC) [Debug] 1 [PackageName] WindowsEditor [ProjectName] Editor" 

Player connection [27860] Host joined multi-casting on [225.0.0.222:54997]...
Player connection [27860] Host joined alternative multi-casting on [225.0.0.222:34997]...
[PhysX] Initialized MultithreadedTaskDispatcher with 20 workers.
Refreshing native plugins compatible for Editor in 11.42 ms, found 4 plugins.
Preloading 0 native plugins for Editor in 0.00 ms.
Initialize engine version: 2022.3.47f1 (88c277b85d21)
[Subsystems] Discovering subsystems at path C:/Program Files/Unity/Hub/Editor/2022.3.47f1/Editor/Data/Resources/UnitySubsystems
[Subsystems] Discovering subsystems at path C:/Users/ryanm/OneDrive/Desktop/I2GT24_25_RMurphy_40180992/UnityEssentials - Get Creating/Knight quest (revamp)/Assets
GfxDevice: creating device client; threaded=0; jobified=0
Direct3D:
    Version:  Direct3D 11.0 [level 11.1]
    Renderer: NVIDIA GeForce RTX 3070 (ID=0x2488)
    Vendor:   NVIDIA
    VRAM:     8032 MB
    Driver:   31.0.15.3699
Initialize mono
Mono path[0] = 'C:/Program Files/Unity/Hub/Editor/2022.3.47f1/Editor/Data/Managed'
Mono path[1] = 'C:/Program Files/Unity/Hub/Editor/2022.3.47f1/Editor/Data/MonoBleedingEdge/lib/mono/unityjit-win32'
Mono config path = 'C:/Program Files/Unity/Hub/Editor/2022.3.47f1/Editor/Data/MonoBleedingEdge/etc'
Using monoOptions --debugger-agent=transport=dt_socket,embedding=1,server=y,suspend=n,address=127.0.0.1:56048
Begin MonoManager ReloadAssembly
Registering precompiled unity dll's ...
Register platform support module: C:/Program Files/Unity/Hub/Editor/2022.3.47f1/Editor/Data/PlaybackEngines/WebGLSupport/UnityEditor.WebGL.Extensions.dll
Register platform support module: C:/Program Files/Unity/Hub/Editor/2022.3.47f1/Editor/Data/PlaybackEngines/WindowsStandaloneSupport/UnityEditor.WindowsStandalone.Extensions.dll
Registered in 0.006826 seconds.
- Loaded All Assemblies, in  0.239 seconds
Native extension for WindowsStandalone target not found
Native extension for WebGL target not found
Mono: successfully reloaded assembly
- Finished resetting the current domain, in  0.178 seconds
Domain Reload Profiling: 415ms
	BeginReloadAssembly (73ms)
		ExecutionOrderSort (0ms)
		DisableScriptedObjects (0ms)
		BackupInstance (0ms)
		ReleaseScriptingObjects (0ms)
		CreateAndSetChildDomain (1ms)
	RebuildCommonClasses (22ms)
	RebuildNativeTypeToScriptingClass (7ms)
	initialDomainReloadingComplete (43ms)
	LoadAllAssembliesAndSetupDomain (93ms)
		LoadAssemblies (71ms)
		RebuildTransferFunctionScriptingTraits (0ms)
		AnalyzeDomain (91ms)
			TypeCache.Refresh (90ms)
				TypeCache.ScanAssembly (81ms)
			ScanForSourceGeneratedMonoScriptInfo (0ms)
			ResolveRequiredComponents (0ms)
	FinalizeReload (178ms)
		ReleaseScriptCaches (0ms)
		RebuildScriptCaches (0ms)
		SetupLoadedEditorAssemblies (147ms)
			LogAssemblyErrors (0ms)
			InitializePlatformSupportModulesInManaged (8ms)
			SetLoadedEditorAssemblies (4ms)
			RefreshPlugins (0ms)
			BeforeProcessingInitializeOnLoad (2ms)
			ProcessInitializeOnLoadAttributes (103ms)
			ProcessInitializeOnLoadMethodAttributes (31ms)
			AfterProcessingInitializeOnLoad (0ms)
			EditorAssembliesLoaded (0ms)
		ExecutionOrderSort2 (0ms)
		AwakeInstancesAfterBackupRestoration (0ms)
========================================================================
Worker process is ready to serve import requests
Caller must complete domain reload
Begin MonoManager ReloadAssembly
- Loaded All Assemblies, in  0.488 seconds
Native extension for WindowsStandalone target not found
Native extension for WebGL target not found
System.Exception: Error! Visual Scripting: couldn't find visual scripting package
  at Unity.VisualScripting.PackageVersionUtility.get_version () [0x00043] in .\Library\PackageCache\com.unity.visualscripting@1.9.4\Editor\VisualScripting.Core\Utilities\PackageVersionUtility.cs:31 
  at Unity.VisualScripting.BoltCoreManifest.get_version () [0x00000] in .\Library\PackageCache\com.unity.visualscripting@1.9.4\Editor\VisualScripting.Core\Plugin\BoltCoreManifest.cs:11 
  at Unity.VisualScripting.PluginManifest.get_currentVersion () [0x00000] in .\Library\PackageCache\com.unity.visualscripting@1.9.4\Editor\VisualScripting.Core\Plugins\PluginManifest.cs:33 
  at Unity.VisualScripting.PluginManifest.get_versionMismatch () [0x00000] in .\Library\PackageCache\com.unity.visualscripting@1.9.4\Editor\VisualScripting.Core\Plugins\PluginManifest.cs:48 
  at Unity.VisualScripting.PluginContainer.Initialize () [0x00525] in .\Library\PackageCache\com.unity.visualscripting@1.9.4\Editor\VisualScripting.Core\Plugins\PluginContainer.cs:208 
  at Unity.VisualScripting.PluginContainer.InitializeOnLoad () [0x00009] in .\Library\PackageCache\com.unity.visualscripting@1.9.4\Editor\VisualScripting.Core\Plugins\PluginContainer.cs:32 
  at Unity.VisualScripting.VSUsageUtility.DoInitializeOnLoadCalls () [0x00034] in .\Library\PackageCache\com.unity.visualscripting@1.9.4\Editor\VisualScripting.Core\Utilities\VSUsageUtility.cs:76 
  at Unity.VisualScripting.VSUsageUtility.set_isVisualScriptingUsed (System.Boolean value) [0x0002c] in .\Library\PackageCache\com.unity.visualscripting@1.9.4\Editor\VisualScripting.Core\Utilities\VSUsageUtility.cs:114 
  at Unity.VisualScripting.VSUsageUtility.CheckAndSetIsVisualScriptingUsed () [0x00032] in .\Library\PackageCache\com.unity.visualscripting@1.9.4\Editor\VisualScripting.Core\Utilities\VSUsageUtility.cs:48 
  at Unity.VisualScripting.VSUsageUtility..cctor () [0x00000] in .\Library\PackageCache\com.unity.visualscripting@1.9.4\Editor\VisualScripting.Core\Utilities\VSUsageUtility.cs:22 
UnityEngine.StackTraceUtility:ExtractStackTrace ()
UnityEngine.DebugLogHandler:LogFormat (UnityEngine.LogType,UnityEngine.Object,string,object[])
UnityEngine.Logger:Log (UnityEngine.LogType,object)
UnityEngine.Debug:LogError (object)
UnityEditor.EditorAssemblies:ProcessInitializeOnLoadAttributes (System.Type[])

Package Manager log level set to [2]
[Package Manager] Server::EnsureServerProcessIsRunning -- launch failed, reason: Unity was launched with the -noUpm command-line argument
[Package Manager] UpmClient::Send -- Unable to send message (not connected to UPM process).
[Package Manager] Cannot connect to Unity Package Manager local server
Mono: successfully reloaded assembly
- Finished resetting the current domain, in  0.645 seconds
Domain Reload Profiling: 1125ms
	BeginReloadAssembly (107ms)
		ExecutionOrderSort (0ms)
		DisableScriptedObjects (3ms)
		BackupInstance (0ms)
		ReleaseScriptingObjects (0ms)
		CreateAndSetChildDomain (14ms)
	RebuildCommonClasses (22ms)
	RebuildNativeTypeToScriptingClass (7ms)
	initialDomainReloadingComplete (35ms)
	LoadAllAssembliesAndSetupDomain (309ms)
		LoadAssemblies (261ms)
		RebuildTransferFunctionScriptingTraits (0ms)
		AnalyzeDomain (113ms)
			TypeCache.Refresh (97ms)
				TypeCache.ScanAssembly (87ms)
			ScanForSourceGeneratedMonoScriptInfo (12ms)
			ResolveRequiredComponents (3ms)
	FinalizeReload (645ms)
		ReleaseScriptCaches (0ms)
		RebuildScriptCaches (0ms)
		SetupLoadedEditorAssemblies (559ms)
			LogAssemblyErrors (0ms)
			InitializePlatformSupportModulesInManaged (5ms)
			SetLoadedEditorAssemblies (2ms)
			RefreshPlugins (0ms)
			BeforeProcessingInitializeOnLoad (47ms)
			ProcessInitializeOnLoadAttributes (476ms)
			ProcessInitializeOnLoadMethodAttributes (23ms)
			AfterProcessingInitializeOnLoad (6ms)
			EditorAssembliesLoaded (0ms)
		ExecutionOrderSort2 (0ms)
		AwakeInstancesAfterBackupRestoration (4ms)
Launched and connected shader compiler UnityShaderCompiler.exe after 0.06 seconds
Refreshing native plugins compatible for Editor in 5.65 ms, found 4 plugins.
Preloading 0 native plugins for Editor in 0.00 ms.
Unloading 4027 Unused Serialized files (Serialized files now loaded: 0)
Unloading 38 unused Assets / (241.8 KB). Loaded Objects now: 4491.
Memory consumption went from 141.1 MB to 140.9 MB.
Total: 11.195300 ms (FindLiveObjects: 0.187100 ms CreateObjectMapping: 0.097400 ms MarkObjects: 10.747500 ms  DeleteObjects: 0.160900 ms)

AssetImportParameters requested are different than current active one (requested -> active):
  custom:container-demuxer-ogg: 62fdf1f143b41e24485cea50d1cbac27 -> 
  custom:video-decoder-ogg-theora: a1e56fd34408186e4bbccfd4996cb3dc -> 
  custom:framework-win-MediaFoundation: 216162199b28c13a410421893ffa2e32 -> 
  custom:CustomObjectIndexerAttribute: 9a22284fe3817be447336de3de66b15e -> 
  custom:container-demuxer-webm: 4f35f7cbe854078d1ac9338744f61a02 -> 
  custom:container-muxer-webm: aa71ff27fc2769a1b78a27578f13a17b -> 
  custom:video-decoder-webm-vp8: 9c59270c3fd7afecdb556c50c9e8de78 -> 
  custom:SearchIndexIgnoredProperties: e643bd26f0fe6173181afceb89e7c659 -> 
  custom:AudioImporter_EditorPlatform: d09bf68614088b80899f8185d706f6e7 -> 
  custom:video-encoder-webm-vp8: eb34c28f22e8b96e1ab97ce403110664 -> 
  custom:audio-decoder-ogg-vorbis: bf7c407c2cedff20999df2af8eb42d56 -> 
  custom:audio-encoder-webm-vorbis: bf7c407c2cedff20999df2af8eb42d56 -> 
========================================================================
Received Import Request.
  Time since last request: 1671.629078 seconds.
  path: Assets/Free Pixel Battle Backgrounds + Free Pixel Characters/Backgrounds/002.png
  artifactKey: Guid(935a4070e98995d429fcb3f7d1f1063a) Importer(815301076,1909f56bfc062723c751e8b465ee728b)
Start importing Assets/Free Pixel Battle Backgrounds + Free Pixel Characters/Backgrounds/002.png using Guid(935a4070e98995d429fcb3f7d1f1063a) Importer(815301076,1909f56bfc062723c751e8b465ee728b) [PhysX] Initialized MultithreadedTaskDispatcher with 20 workers.
[PhysX] Initialized MultithreadedTaskDispatcher with 20 workers.
 -> (artifact id: '3fc32d5b41cdeceeb6b559fcdc99bb70') in 0.098327 seconds
Number of updated asset objects reloaded before import = 0
Number of asset objects unloaded after import = 3
========================================================================
Received Import Request.
  Time since last request: 0.000019 seconds.
  path: Assets/Free Pixel Battle Backgrounds + Free Pixel Characters/Backgrounds/125.png
  artifactKey: Guid(6cfdc707bbbd8c449810ebb902480533) Importer(815301076,1909f56bfc062723c751e8b465ee728b)
Start importing Assets/Free Pixel Battle Backgrounds + Free Pixel Characters/Backgrounds/125.png using Guid(6cfdc707bbbd8c449810ebb902480533) Importer(815301076,1909f56bfc062723c751e8b465ee728b) [PhysX] Initialized MultithreadedTaskDispatcher with 20 workers.
[PhysX] Initialized MultithreadedTaskDispatcher with 20 workers.
 -> (artifact id: '3c031265cbf17ce53515b2a612c44a8a') in 0.073875 seconds
Number of updated asset objects reloaded before import = 0
Number of asset objects unloaded after import = 3
========================================================================
Received Import Request.
  Time since last request: 0.000022 seconds.
  path: Assets/Free Pixel Battle Backgrounds + Free Pixel Characters/Backgrounds/010.png
  artifactKey: Guid(8c2dab3d9ebdc3e44bf0672fd9bd5aa1) Importer(815301076,1909f56bfc062723c751e8b465ee728b)
Start importing Assets/Free Pixel Battle Backgrounds + Free Pixel Characters/Backgrounds/010.png using Guid(8c2dab3d9ebdc3e44bf0672fd9bd5aa1) Importer(815301076,1909f56bfc062723c751e8b465ee728b) [PhysX] Initialized MultithreadedTaskDispatcher with 20 workers.
[PhysX] Initialized MultithreadedTaskDispatcher with 20 workers.
 -> (artifact id: 'ce18934d0c285d3e2cfd2263b111592c') in 0.042104 seconds
Number of updated asset objects reloaded before import = 0
Number of asset objects unloaded after import = 3
========================================================================
Received Import Request.
  Time since last request: 0.583257 seconds.
  path: Assets/Free Pixel Battle Backgrounds + Free Pixel Characters/Characters/Enemy 1.png
  artifactKey: Guid(af87d6334d9427c45a0ebeb8b44df130) Importer(815301076,1909f56bfc062723c751e8b465ee728b)
Start importing Assets/Free Pixel Battle Backgrounds + Free Pixel Characters/Characters/Enemy 1.png using Guid(af87d6334d9427c45a0ebeb8b44df130) Importer(815301076,1909f56bfc062723c751e8b465ee728b) [PhysX] Initialized MultithreadedTaskDispatcher with 20 workers.
[PhysX] Initialized MultithreadedTaskDispatcher with 20 workers.
 -> (artifact id: 'd8d198f1b82de667aca5160e24bfe6ed') in 0.007662 seconds
Number of updated asset objects reloaded before import = 0
Number of asset objects unloaded after import = 3
========================================================================
Received Import Request.
  Time since last request: 0.000015 seconds.
  path: Assets/Free Pixel Battle Backgrounds + Free Pixel Characters/Characters/Enemy 4.png
  artifactKey: Guid(2bcbb3fad6e43a0409a24dd5438f0d06) Importer(815301076,1909f56bfc062723c751e8b465ee728b)
Start importing Assets/Free Pixel Battle Backgrounds + Free Pixel Characters/Characters/Enemy 4.png using Guid(2bcbb3fad6e43a0409a24dd5438f0d06) Importer(815301076,1909f56bfc062723c751e8b465ee728b) [PhysX] Initialized MultithreadedTaskDispatcher with 20 workers.
[PhysX] Initialized MultithreadedTaskDispatcher with 20 workers.
 -> (artifact id: '2d40083d9e58d5bdb4be4895f9d2ad51') in 0.007999 seconds
Number of updated asset objects reloaded before import = 0
Number of asset objects unloaded after import = 3
========================================================================
Received Import Request.
  Time since last request: 0.000014 seconds.
  path: Assets/Free Pixel Battle Backgrounds + Free Pixel Characters/Characters/Hero.png
  artifactKey: Guid(e215ba7208518494291074d9ddb160c8) Importer(815301076,1909f56bfc062723c751e8b465ee728b)
Start importing Assets/Free Pixel Battle Backgrounds + Free Pixel Characters/Characters/Hero.png using Guid(e215ba7208518494291074d9ddb160c8) Importer(815301076,1909f56bfc062723c751e8b465ee728b) [PhysX] Initialized MultithreadedTaskDispatcher with 20 workers.
[PhysX] Initialized MultithreadedTaskDispatcher with 20 workers.
 -> (artifact id: 'a60600a2a21911d0e769378876267fc9') in 0.006408 seconds
Number of updated asset objects reloaded before import = 0
Number of asset objects unloaded after import = 3
========================================================================
Received Import Request.
  Time since last request: 37.003478 seconds.
  path: Assets/characters
  artifactKey: Guid(caaf2d1e1a1f05740a874fb0890d4458) Importer(815301076,1909f56bfc062723c751e8b465ee728b)
Start importing Assets/characters using Guid(caaf2d1e1a1f05740a874fb0890d4458) Importer(815301076,1909f56bfc062723c751e8b465ee728b) [PhysX] Initialized MultithreadedTaskDispatcher with 20 workers.
 -> (artifact id: 'd04ff4f6dd9ee7398553ae014c8ac7c3') in 0.000411 seconds
Number of updated asset objects reloaded before import = 0
Number of asset objects unloaded after import = 0
========================================================================
Received Import Request.
  Time since last request: 0.979613 seconds.
  path: Assets/characters
  artifactKey: Guid(caaf2d1e1a1f05740a874fb0890d4458) Importer(2089858483,0ecaa5967403d082aa24f35e1b516d23)
Start importing Assets/characters using Guid(caaf2d1e1a1f05740a874fb0890d4458) Importer(2089858483,0ecaa5967403d082aa24f35e1b516d23) [PhysX] Initialized MultithreadedTaskDispatcher with 20 workers.
 -> (artifact id: 'b410cac6baeb13741ba87729522da6a4') in 0.031406 seconds
Number of updated asset objects reloaded before import = 0
Number of asset objects unloaded after import = 1
========================================================================
Received Import Request.
  Time since last request: 19.254932 seconds.
  path: Assets/scenes
  artifactKey: Guid(06f61c6150443cb428fd7fc6faa503f7) Importer(815301076,1909f56bfc062723c751e8b465ee728b)
Start importing Assets/scenes using Guid(06f61c6150443cb428fd7fc6faa503f7) Importer(815301076,1909f56bfc062723c751e8b465ee728b) [PhysX] Initialized MultithreadedTaskDispatcher with 20 workers.
 -> (artifact id: '2982e951afe9fcea124db8ac40358085') in 0.000454 seconds
Number of updated asset objects reloaded before import = 0
Number of asset objects unloaded after import = 0
========================================================================
Received Import Request.
  Time since last request: 0.982968 seconds.
  path: Assets/scenes
  artifactKey: Guid(06f61c6150443cb428fd7fc6faa503f7) Importer(2089858483,0ecaa5967403d082aa24f35e1b516d23)
Start importing Assets/scenes using Guid(06f61c6150443cb428fd7fc6faa503f7) Importer(2089858483,0ecaa5967403d082aa24f35e1b516d23) [PhysX] Initialized MultithreadedTaskDispatcher with 20 workers.
 -> (artifact id: 'af3925df1f9c32e97504a4552fc93218') in 0.005100 seconds
Number of updated asset objects reloaded before import = 0
Number of asset objects unloaded after import = 1
========================================================================
Received Import Request.
  Time since last request: 10.712028 seconds.
  path: Assets/UI
  artifactKey: Guid(a9e18993575e870449158750b283c82c) Importer(815301076,1909f56bfc062723c751e8b465ee728b)
Start importing Assets/UI using Guid(a9e18993575e870449158750b283c82c) Importer(815301076,1909f56bfc062723c751e8b465ee728b) [PhysX] Initialized MultithreadedTaskDispatcher with 20 workers.
 -> (artifact id: '905609793fd0de2cc0320533fbcefc3e') in 0.000775 seconds
Number of updated asset objects reloaded before import = 0
Number of asset objects unloaded after import = 0
========================================================================
Received Import Request.
  Time since last request: 0.981178 seconds.
  path: Assets/UI
  artifactKey: Guid(a9e18993575e870449158750b283c82c) Importer(2089858483,0ecaa5967403d082aa24f35e1b516d23)
Start importing Assets/UI using Guid(a9e18993575e870449158750b283c82c) Importer(2089858483,0ecaa5967403d082aa24f35e1b516d23) [PhysX] Initialized MultithreadedTaskDispatcher with 20 workers.
 -> (artifact id: '7c16a6ee5a32e0d90a84a6d8c38b368d') in 0.003305 seconds
Number of updated asset objects reloaded before import = 0
Number of asset objects unloaded after import = 1
========================================================================
Received Import Request.
  Time since last request: 8.322582 seconds.
  path: Assets/scenes/combat scene.unity
  artifactKey: Guid(f76cfeca41292b141b6e2e6075312f77) Importer(815301076,1909f56bfc062723c751e8b465ee728b)
Start importing Assets/scenes/combat scene.unity using Guid(f76cfeca41292b141b6e2e6075312f77) Importer(815301076,1909f56bfc062723c751e8b465ee728b) [PhysX] Initialized MultithreadedTaskDispatcher with 20 workers.
 -> (artifact id: '46b17a55d5e9876580ef9bb60554d0e2') in 0.000461 seconds
Number of updated asset objects reloaded before import = 0
Number of asset objects unloaded after import = 0
========================================================================
Received Import Request.
  Time since last request: 0.981376 seconds.
  path: Assets/scenes/combat scene.unity
  artifactKey: Guid(f76cfeca41292b141b6e2e6075312f77) Importer(2089858483,0ecaa5967403d082aa24f35e1b516d23)
Start importing Assets/scenes/combat scene.unity using Guid(f76cfeca41292b141b6e2e6075312f77) Importer(2089858483,0ecaa5967403d082aa24f35e1b516d23) [PhysX] Initialized MultithreadedTaskDispatcher with 20 workers.
 -> (artifact id: 'c98844daab4146f63259acadbea9d92c') in 0.006856 seconds
Number of updated asset objects reloaded before import = 0
Number of asset objects unloaded after import = 1
========================================================================
Received Import Request.
  Time since last request: 78.526137 seconds.
  path: Assets/Free Pixel Battle Backgrounds + Free Pixel Characters/Characters/knight.png
  artifactKey: Guid(af87d6334d9427c45a0ebeb8b44df130) Importer(815301076,1909f56bfc062723c751e8b465ee728b)
Start importing Assets/Free Pixel Battle Backgrounds + Free Pixel Characters/Characters/knight.png using Guid(af87d6334d9427c45a0ebeb8b44df130) Importer(815301076,1909f56bfc062723c751e8b465ee728b) [PhysX] Initialized MultithreadedTaskDispatcher with 20 workers.
[PhysX] Initialized MultithreadedTaskDispatcher with 20 workers.
 -> (artifact id: '426d4640b363471ab8affbe0aa65cb03') in 0.219269 seconds
Number of updated asset objects reloaded before import = 0
Number of asset objects unloaded after import = 3
========================================================================
Received Import Request.
  Time since last request: 0.750571 seconds.
  path: Assets/Free Pixel Battle Backgrounds + Free Pixel Characters/Characters/knight.png
  artifactKey: Guid(af87d6334d9427c45a0ebeb8b44df130) Importer(2089858483,0ecaa5967403d082aa24f35e1b516d23)
Start importing Assets/Free Pixel Battle Backgrounds + Free Pixel Characters/Characters/knight.png using Guid(af87d6334d9427c45a0ebeb8b44df130) Importer(2089858483,0ecaa5967403d082aa24f35e1b516d23) [PhysX] Initialized MultithreadedTaskDispatcher with 20 workers.
 -> (artifact id: '61b878b0f5b6f082f0871bf48edf6eb9') in 0.043663 seconds
Number of updated asset objects reloaded before import = 0
Number of asset objects unloaded after import = 3
========================================================================
Received Import Request.
  Time since last request: 8.437740 seconds.
  path: Assets/Free Pixel Battle Backgrounds + Free Pixel Characters/Characters/princess.png
  artifactKey: Guid(e215ba7208518494291074d9ddb160c8) Importer(815301076,1909f56bfc062723c751e8b465ee728b)
Start importing Assets/Free Pixel Battle Backgrounds + Free Pixel Characters/Characters/princess.png using Guid(e215ba7208518494291074d9ddb160c8) Importer(815301076,1909f56bfc062723c751e8b465ee728b) [PhysX] Initialized MultithreadedTaskDispatcher with 20 workers.
[PhysX] Initialized MultithreadedTaskDispatcher with 20 workers.
 -> (artifact id: '955964ab54cd6b5ba8db12de1e0b07d8') in 0.006060 seconds
Number of updated asset objects reloaded before import = 0
Number of asset objects unloaded after import = 3
========================================================================
Received Import Request.
  Time since last request: 0.962167 seconds.
  path: Assets/Free Pixel Battle Backgrounds + Free Pixel Characters/Characters/princess.png
  artifactKey: Guid(e215ba7208518494291074d9ddb160c8) Importer(2089858483,0ecaa5967403d082aa24f35e1b516d23)
Start importing Assets/Free Pixel Battle Backgrounds + Free Pixel Characters/Characters/princess.png using Guid(e215ba7208518494291074d9ddb160c8) Importer(2089858483,0ecaa5967403d082aa24f35e1b516d23) [PhysX] Initialized MultithreadedTaskDispatcher with 20 workers.
 -> (artifact id: '39cd1bf1042b251866a5897d0bb7eaba') in 0.007645 seconds
Number of updated asset objects reloaded before import = 0
Number of asset objects unloaded after import = 3
========================================================================
Received Import Request.
  Time since last request: 138.199914 seconds.
  path: Assets/Free Pixel Battle Backgrounds + Free Pixel Characters/Scenes/Demo 1.unity
  artifactKey: Guid(55334364b887af945882725f639e445c) Importer(815301076,1909f56bfc062723c751e8b465ee728b)
Start importing Assets/Free Pixel Battle Backgrounds + Free Pixel Characters/Scenes/Demo 1.unity using Guid(55334364b887af945882725f639e445c) Importer(815301076,1909f56bfc062723c751e8b465ee728b) [PhysX] Initialized MultithreadedTaskDispatcher with 20 workers.
 -> (artifact id: '2b67c043a510ea16bb1a83e280900c6b') in 0.000865 seconds
Number of updated asset objects reloaded before import = 0
Number of asset objects unloaded after import = 0
========================================================================
Received Import Request.
  Time since last request: 7.698600 seconds.
  path: Assets/Free Pixel Battle Backgrounds + Free Pixel Characters/Scenes/Demo 6.unity
  artifactKey: Guid(2f5804031ec656648a52078d273f0e2c) Importer(815301076,1909f56bfc062723c751e8b465ee728b)
Start importing Assets/Free Pixel Battle Backgrounds + Free Pixel Characters/Scenes/Demo 6.unity using Guid(2f5804031ec656648a52078d273f0e2c) Importer(815301076,1909f56bfc062723c751e8b465ee728b) [PhysX] Initialized MultithreadedTaskDispatcher with 20 workers.
 -> (artifact id: '7ed1be2935615904fcd42027a80fc361') in 0.000498 seconds
Number of updated asset objects reloaded before import = 0
Number of asset objects unloaded after import = 0
========================================================================
Received Import Request.
  Time since last request: 0.602256 seconds.
  path: Assets/Free Pixel Battle Backgrounds + Free Pixel Characters/Scenes/Demo 5.unity
  artifactKey: Guid(48e32580ca5e277498d1736f2accfe20) Importer(815301076,1909f56bfc062723c751e8b465ee728b)
Start importing Assets/Free Pixel Battle Backgrounds + Free Pixel Characters/Scenes/Demo 5.unity using Guid(48e32580ca5e277498d1736f2accfe20) Importer(815301076,1909f56bfc062723c751e8b465ee728b) [PhysX] Initialized MultithreadedTaskDispatcher with 20 workers.
 -> (artifact id: '384403f35842684c359f0fd4012ff536') in 0.000453 seconds
Number of updated asset objects reloaded before import = 0
Number of asset objects unloaded after import = 0
========================================================================
Received Import Request.
  Time since last request: 12.063520 seconds.
  path: Assets/Free Pixel Battle Backgrounds + Free Pixel Characters/Scenes/Demo 2.unity
  artifactKey: Guid(a78d4c99b44e941469c549c5d9f6c6bd) Importer(815301076,1909f56bfc062723c751e8b465ee728b)
Start importing Assets/Free Pixel Battle Backgrounds + Free Pixel Characters/Scenes/Demo 2.unity using Guid(a78d4c99b44e941469c549c5d9f6c6bd) Importer(815301076,1909f56bfc062723c751e8b465ee728b) [PhysX] Initialized MultithreadedTaskDispatcher with 20 workers.
 -> (artifact id: '5b1c99adac762594aa27320e68472326') in 0.000490 seconds
Number of updated asset objects reloaded before import = 0
Number of asset objects unloaded after import = 0
========================================================================
Received Import Request.
  Time since last request: 8.762895 seconds.
  path: Assets/Free Pixel Battle Backgrounds + Free Pixel Characters/Scenes/Demo 4.unity
  artifactKey: Guid(34d99f53a2646664486c6cd2e49e03b1) Importer(815301076,1909f56bfc062723c751e8b465ee728b)
Start importing Assets/Free Pixel Battle Backgrounds + Free Pixel Characters/Scenes/Demo 4.unity using Guid(34d99f53a2646664486c6cd2e49e03b1) Importer(815301076,1909f56bfc062723c751e8b465ee728b) [PhysX] Initialized MultithreadedTaskDispatcher with 20 workers.
 -> (artifact id: '234a309cde7684702ccf43d224326073') in 0.000481 seconds
Number of updated asset objects reloaded before import = 0
Number of asset objects unloaded after import = 0
========================================================================
Received Import Request.
  Time since last request: 0.735807 seconds.
  path: Assets/Free Pixel Battle Backgrounds + Free Pixel Characters/Scenes/Demo 3.unity
  artifactKey: Guid(2cda990e2423bbf4892e6590ba056729) Importer(815301076,1909f56bfc062723c751e8b465ee728b)
Start importing Assets/Free Pixel Battle Backgrounds + Free Pixel Characters/Scenes/Demo 3.unity using Guid(2cda990e2423bbf4892e6590ba056729) Importer(815301076,1909f56bfc062723c751e8b465ee728b) [PhysX] Initialized MultithreadedTaskDispatcher with 20 workers.
 -> (artifact id: '60e3a594b03f805c3b49f9ec82fa8a78') in 0.000487 seconds
Number of updated asset objects reloaded before import = 0
Number of asset objects unloaded after import = 0
========================================================================
Received Import Request.
  Time since last request: 25.217504 seconds.
  path: Assets/Free Pixel Battle Backgrounds + Free Pixel Characters/Backgrounds
  artifactKey: Guid(c9c8b39b7614da54e888d9869228b4e7) Importer(815301076,1909f56bfc062723c751e8b465ee728b)
Start importing Assets/Free Pixel Battle Backgrounds + Free Pixel Characters/Backgrounds using Guid(c9c8b39b7614da54e888d9869228b4e7) Importer(815301076,1909f56bfc062723c751e8b465ee728b) [PhysX] Initialized MultithreadedTaskDispatcher with 20 workers.
 -> (artifact id: 'f3e3add2ff8736880daad17bee5c0b70') in 0.000432 seconds
Number of updated asset objects reloaded before import = 0
Number of asset objects unloaded after import = 0
========================================================================
Received Import Request.
  Time since last request: 13.725616 seconds.
  path: Assets/Free Pixel Battle Backgrounds + Free Pixel Characters/Characters
  artifactKey: Guid(344215b89572d6e4f9a853da92d47df0) Importer(815301076,1909f56bfc062723c751e8b465ee728b)
Start importing Assets/Free Pixel Battle Backgrounds + Free Pixel Characters/Characters using Guid(344215b89572d6e4f9a853da92d47df0) Importer(815301076,1909f56bfc062723c751e8b465ee728b) [PhysX] Initialized MultithreadedTaskDispatcher with 20 workers.
 -> (artifact id: '2eaea0116ebbb4fade52d6c70e67405f') in 0.000499 seconds
Number of updated asset objects reloaded before import = 0
Number of asset objects unloaded after import = 0
========================================================================
Received Import Request.
  Time since last request: 6.233413 seconds.
  path: Assets/characters/knight.png
  artifactKey: Guid(af87d6334d9427c45a0ebeb8b44df130) Importer(2089858483,0ecaa5967403d082aa24f35e1b516d23)
Start importing Assets/characters/knight.png using Guid(af87d6334d9427c45a0ebeb8b44df130) Importer(2089858483,0ecaa5967403d082aa24f35e1b516d23) [PhysX] Initialized MultithreadedTaskDispatcher with 20 workers.
 -> (artifact id: '274b24584dfe40e5ebecd91c15c896b9') in 0.009522 seconds
Number of updated asset objects reloaded before import = 0
Number of asset objects unloaded after import = 3
========================================================================
Received Import Request.
  Time since last request: 3.824680 seconds.
  path: Assets/characters/princess.png
  artifactKey: Guid(e215ba7208518494291074d9ddb160c8) Importer(2089858483,0ecaa5967403d082aa24f35e1b516d23)
Start importing Assets/characters/princess.png using Guid(e215ba7208518494291074d9ddb160c8) Importer(2089858483,0ecaa5967403d082aa24f35e1b516d23) [PhysX] Initialized MultithreadedTaskDispatcher with 20 workers.
 -> (artifact id: 'f23910fae4f2d79ffc2b1c5cfd6cd8de') in 0.008353 seconds
Number of updated asset objects reloaded before import = 0
Number of asset objects unloaded after import = 3
========================================================================
Received Import Request.
  Time since last request: 4.242868 seconds.
  path: Assets/characters/Enemy 3.png
  artifactKey: Guid(fad25665f97d80a499995cfa6027520c) Importer(2089858483,0ecaa5967403d082aa24f35e1b516d23)
Start importing Assets/characters/Enemy 3.png using Guid(fad25665f97d80a499995cfa6027520c) Importer(2089858483,0ecaa5967403d082aa24f35e1b516d23) [PhysX] Initialized MultithreadedTaskDispatcher with 20 workers.
 -> (artifact id: '557d1be94e6885c0b36773c77c2b7446') in 0.008707 seconds
Number of updated asset objects reloaded before import = 0
Number of asset objects unloaded after import = 3
========================================================================
Received Import Request.
  Time since last request: 12.058016 seconds.
  path: Assets/characters/goblin.png
  artifactKey: Guid(fad25665f97d80a499995cfa6027520c) Importer(815301076,1909f56bfc062723c751e8b465ee728b)
Start importing Assets/characters/goblin.png using Guid(fad25665f97d80a499995cfa6027520c) Importer(815301076,1909f56bfc062723c751e8b465ee728b) [PhysX] Initialized MultithreadedTaskDispatcher with 20 workers.
[PhysX] Initialized MultithreadedTaskDispatcher with 20 workers.
 -> (artifact id: '678d03c2370fc7ed814da4078fcc0dbc') in 0.236615 seconds
Number of updated asset objects reloaded before import = 0
Number of asset objects unloaded after import = 3
========================================================================
Received Import Request.
  Time since last request: 0.737260 seconds.
  path: Assets/characters/goblin.png
  artifactKey: Guid(fad25665f97d80a499995cfa6027520c) Importer(2089858483,0ecaa5967403d082aa24f35e1b516d23)
Start importing Assets/characters/goblin.png using Guid(fad25665f97d80a499995cfa6027520c) Importer(2089858483,0ecaa5967403d082aa24f35e1b516d23) [PhysX] Initialized MultithreadedTaskDispatcher with 20 workers.
 -> (artifact id: 'efd78c50a567f8fb19d22b259aa9d5a6') in 0.007235 seconds
Number of updated asset objects reloaded before import = 0
Number of asset objects unloaded after import = 3
========================================================================
Received Import Request.
  Time since last request: 125.300691 seconds.
  path: Assets/UI Toolkit/UnityThemes/UnityDefaultRuntimeTheme.tss
  artifactKey: Guid(fc9345d09818fd3468059e87782c460a) Importer(2089858483,0ecaa5967403d082aa24f35e1b516d23)
Start importing Assets/UI Toolkit/UnityThemes/UnityDefaultRuntimeTheme.tss using Guid(fc9345d09818fd3468059e87782c460a) Importer(2089858483,0ecaa5967403d082aa24f35e1b516d23) [PhysX] Initialized MultithreadedTaskDispatcher with 20 workers.
 -> (artifact id: '966a644d779dcd128353537d874f47d4') in 0.072922 seconds
Number of updated asset objects reloaded before import = 0
Number of asset objects unloaded after import = 24
========================================================================
Received Import Request.
  Time since last request: 4.193651 seconds.
  path: Assets/characters/New Panel Settings.asset
  artifactKey: Guid(fa65f12ade02f6b43a75c4664c245a4c) Importer(815301076,1909f56bfc062723c751e8b465ee728b)
Start importing Assets/characters/New Panel Settings.asset using Guid(fa65f12ade02f6b43a75c4664c245a4c) Importer(815301076,1909f56bfc062723c751e8b465ee728b) [PhysX] Initialized MultithreadedTaskDispatcher with 20 workers.
 -> (artifact id: 'ad62c3d02000d5e9472e42b46392bf55') in 0.009333 seconds
Number of updated asset objects reloaded before import = 0
Number of asset objects unloaded after import = 24
========================================================================
Received Import Request.
  Time since last request: 0.821531 seconds.
  path: Assets/UI Toolkit/UnityThemes/UnityDefaultRuntimeTheme.tss
  artifactKey: Guid(fc9345d09818fd3468059e87782c460a) Importer(815301076,1909f56bfc062723c751e8b465ee728b)
Start importing Assets/UI Toolkit/UnityThemes/UnityDefaultRuntimeTheme.tss using Guid(fc9345d09818fd3468059e87782c460a) Importer(815301076,1909f56bfc062723c751e8b465ee728b) [PhysX] Initialized MultithreadedTaskDispatcher with 20 workers.
[PhysX] Initialized MultithreadedTaskDispatcher with 20 workers.
[PhysX] Initialized MultithreadedTaskDispatcher with 20 workers.
[PhysX] Initialized MultithreadedTaskDispatcher with 20 workers.
[PhysX] Initialized MultithreadedTaskDispatcher with 20 workers.
[PhysX] Initialized MultithreadedTaskDispatcher with 20 workers.
[PhysX] Initialized MultithreadedTaskDispatcher with 20 workers.
[PhysX] Initialized MultithreadedTaskDispatcher with 20 workers.
[PhysX] Initialized MultithreadedTaskDispatcher with 20 workers.
[PhysX] Initialized MultithreadedTaskDispatcher with 20 workers.
[PhysX] Initialized MultithreadedTaskDispatcher with 20 workers.
[PhysX] Initialized MultithreadedTaskDispatcher with 20 workers.
[PhysX] Initialized MultithreadedTaskDispatcher with 20 workers.
[PhysX] Initialized MultithreadedTaskDispatcher with 20 workers.
[PhysX] Initialized MultithreadedTaskDispatcher with 20 workers.
[PhysX] Initialized MultithreadedTaskDispatcher with 20 workers.
[PhysX] Initialized MultithreadedTaskDispatcher with 20 workers.
[PhysX] Initialized MultithreadedTaskDispatcher with 20 workers.
[PhysX] Initialized MultithreadedTaskDispatcher with 20 workers.
[PhysX] Initialized MultithreadedTaskDispatcher with 20 workers.
[PhysX] Initialized MultithreadedTaskDispatcher with 20 workers.
 -> (artifact id: 'd33757c368379ef0bac0c8b59381b776') in 0.251098 seconds
Number of updated asset objects reloaded before import = 0
Number of asset objects unloaded after import = 24
========================================================================
Received Import Request.
  Time since last request: 4.818365 seconds.
  path: Assets/UI Toolkit/UnityThemes
  artifactKey: Guid(2bffe82814c6bdc4b82ebd089369f55a) Importer(815301076,1909f56bfc062723c751e8b465ee728b)
Start importing Assets/UI Toolkit/UnityThemes using Guid(2bffe82814c6bdc4b82ebd089369f55a) Importer(815301076,1909f56bfc062723c751e8b465ee728b) [PhysX] Initialized MultithreadedTaskDispatcher with 20 workers.
 -> (artifact id: '072a82ccce8b76906d7ff786061b7461') in 0.000597 seconds
Number of updated asset objects reloaded before import = 0
Number of asset objects unloaded after import = 0
========================================================================
Received Import Request.
  Time since last request: 88.654613 seconds.
  path: Assets/New Text Color Gradient.asset
  artifactKey: Guid(8da1231952bf854448491a52b2d95cdf) Importer(815301076,1909f56bfc062723c751e8b465ee728b)
Start importing Assets/New Text Color Gradient.asset using Guid(8da1231952bf854448491a52b2d95cdf) Importer(815301076,1909f56bfc062723c751e8b465ee728b) [PhysX] Initialized MultithreadedTaskDispatcher with 20 workers.
 -> (artifact id: 'a0eafe6fece04128d4b11f2fd8955fc0') in 0.001238 seconds
Number of updated asset objects reloaded before import = 0
Number of asset objects unloaded after import = 1
========================================================================
Received Import Request.
  Time since last request: 0.981992 seconds.
  path: Assets/New Text Color Gradient.asset
  artifactKey: Guid(8da1231952bf854448491a52b2d95cdf) Importer(2089858483,0ecaa5967403d082aa24f35e1b516d23)
Start importing Assets/New Text Color Gradient.asset using Guid(8da1231952bf854448491a52b2d95cdf) Importer(2089858483,0ecaa5967403d082aa24f35e1b516d23) [PhysX] Initialized MultithreadedTaskDispatcher with 20 workers.
 -> (artifact id: 'a34c5c23ef52b8b7f54530de68b3da17') in 0.007374 seconds
Number of updated asset objects reloaded before import = 0
Number of asset objects unloaded after import = 2
========================================================================
Received Import Request.
  Time since last request: 987.892125 seconds.
  path: Assets/Violet Theme Ui/White Icons/White Camera.png
  artifactKey: Guid(a2dee8c396b41da45833505aefb0c05e) Importer(2089858483,0ecaa5967403d082aa24f35e1b516d23)
Start importing Assets/Violet Theme Ui/White Icons/White Camera.png using Guid(a2dee8c396b41da45833505aefb0c05e) Importer(2089858483,0ecaa5967403d082aa24f35e1b516d23) [PhysX] Initialized MultithreadedTaskDispatcher with 20 workers.
 -> (artifact id: '0aaa2a2dbfc93cd60f6250c765f27f18') in 0.012971 seconds
Number of updated asset objects reloaded before import = 0
Number of asset objects unloaded after import = 4
========================================================================
Received Import Request.
  Time since last request: 0.032933 seconds.
  path: Assets/Violet Theme Ui/White Icons/White Shield 1.png
  artifactKey: Guid(247317e5e362b92489f2c513aa2657d2) Importer(2089858483,0ecaa5967403d082aa24f35e1b516d23)
Start importing Assets/Violet Theme Ui/White Icons/White Shield 1.png using Guid(247317e5e362b92489f2c513aa2657d2) Importer(2089858483,0ecaa5967403d082aa24f35e1b516d23) [PhysX] Initialized MultithreadedTaskDispatcher with 20 workers.
 -> (artifact id: 'ed837334a28281486c868cc25fc0cf35') in 0.008258 seconds
Number of updated asset objects reloaded before import = 0
Number of asset objects unloaded after import = 3
========================================================================
Received Import Request.
  Time since last request: 0.024494 seconds.
  path: Assets/Violet Theme Ui/Switch/Switch On Purple.png
  artifactKey: Guid(d142bc3b7eadc7c43bb6bdb9b40b51d8) Importer(2089858483,0ecaa5967403d082aa24f35e1b516d23)
Start importing Assets/Violet Theme Ui/Switch/Switch On Purple.png using Guid(d142bc3b7eadc7c43bb6bdb9b40b51d8) Importer(2089858483,0ecaa5967403d082aa24f35e1b516d23) [PhysX] Initialized MultithreadedTaskDispatcher with 20 workers.
 -> (artifact id: '90a9bba8a8d8bae2fc93ca707cb05768') in 0.008023 seconds
Number of updated asset objects reloaded before import = 0
Number of asset objects unloaded after import = 3
========================================================================
Received Import Request.
  Time since last request: 0.025187 seconds.
  path: Assets/Violet Theme Ui/White Icons/White ID.png
  artifactKey: Guid(3c2f0d6381150ac409a8a545cbf26ed4) Importer(2089858483,0ecaa5967403d082aa24f35e1b516d23)
Start importing Assets/Violet Theme Ui/White Icons/White ID.png using Guid(3c2f0d6381150ac409a8a545cbf26ed4) Importer(2089858483,0ecaa5967403d082aa24f35e1b516d23) [PhysX] Initialized MultithreadedTaskDispatcher with 20 workers.
 -> (artifact id: '6642c8ecf4a97c120d5abd5e09409837') in 0.010088 seconds
Number of updated asset objects reloaded before import = 0
Number of asset objects unloaded after import = 3
========================================================================
Received Import Request.
  Time since last request: 0.000021 seconds.
  path: Assets/Violet Theme Ui/Progress Bars/Progress Bar Red.png
  artifactKey: Guid(1e8ffb2f21a909b46bb2883ddb8a7b21) Importer(2089858483,0ecaa5967403d082aa24f35e1b516d23)
Start importing Assets/Violet Theme Ui/Progress Bars/Progress Bar Red.png using Guid(1e8ffb2f21a909b46bb2883ddb8a7b21) Importer(2089858483,0ecaa5967403d082aa24f35e1b516d23) [PhysX] Initialized MultithreadedTaskDispatcher with 20 workers.
 -> (artifact id: '6f629fa6205389a5755b9288583812c2') in 0.013273 seconds
Number of updated asset objects reloaded before import = 0
Number of asset objects unloaded after import = 3
========================================================================
Received Import Request.
  Time since last request: 0.000021 seconds.
  path: Assets/Violet Theme Ui/Colored Icons/Book.png
  artifactKey: Guid(29243acfb820a2c4bbc18d922ca0c39f) Importer(2089858483,0ecaa5967403d082aa24f35e1b516d23)
Start importing Assets/Violet Theme Ui/Colored Icons/Book.png using Guid(29243acfb820a2c4bbc18d922ca0c39f) Importer(2089858483,0ecaa5967403d082aa24f35e1b516d23) [PhysX] Initialized MultithreadedTaskDispatcher with 20 workers.
 -> (artifact id: '817f8fff35b03ee7a0c54d2e5c7c900d') in 0.010372 seconds
Number of updated asset objects reloaded before import = 0
Number of asset objects unloaded after import = 3
========================================================================
Received Import Request.
  Time since last request: 0.000019 seconds.
  path: Assets/Violet Theme Ui/Colored Icons/target.png
  artifactKey: Guid(6d0d8e88f558fdd45822018b80ab2b02) Importer(2089858483,0ecaa5967403d082aa24f35e1b516d23)
Start importing Assets/Violet Theme Ui/Colored Icons/target.png using Guid(6d0d8e88f558fdd45822018b80ab2b02) Importer(2089858483,0ecaa5967403d082aa24f35e1b516d23) [PhysX] Initialized MultithreadedTaskDispatcher with 20 workers.
 -> (artifact id: '86bb6313f6acc0c46137c59d11c55439') in 0.007959 seconds
Number of updated asset objects reloaded before import = 0
Number of asset objects unloaded after import = 3
========================================================================
Received Import Request.
  Time since last request: 0.000017 seconds.
  path: Assets/Violet Theme Ui/White Icons/White Signal.png
  artifactKey: Guid(55d1f27c687c07f40b78a9099b7ad0fc) Importer(2089858483,0ecaa5967403d082aa24f35e1b516d23)
Start importing Assets/Violet Theme Ui/White Icons/White Signal.png using Guid(55d1f27c687c07f40b78a9099b7ad0fc) Importer(2089858483,0ecaa5967403d082aa24f35e1b516d23) [PhysX] Initialized MultithreadedTaskDispatcher with 20 workers.
 -> (artifact id: 'e52ef7b2fdbfa586dd6835be8b7891e6') in 0.012036 seconds
Number of updated asset objects reloaded before import = 0
Number of asset objects unloaded after import = 5
========================================================================
Received Import Request.
  Time since last request: 0.000018 seconds.
  path: Assets/Violet Theme Ui/White Icons/White Wrench.png
  artifactKey: Guid(e30a5b0376ee12648ac9416804de860b) Importer(2089858483,0ecaa5967403d082aa24f35e1b516d23)
Start importing Assets/Violet Theme Ui/White Icons/White Wrench.png using Guid(e30a5b0376ee12648ac9416804de860b) Importer(2089858483,0ecaa5967403d082aa24f35e1b516d23) [PhysX] Initialized MultithreadedTaskDispatcher with 20 workers.
 -> (artifact id: 'b8e7646135622831e5ffa3caf2d4850e') in 0.011490 seconds
Number of updated asset objects reloaded before import = 0
Number of asset objects unloaded after import = 3
========================================================================
Received Import Request.
  Time since last request: 0.000017 seconds.
  path: Assets/Violet Theme Ui/White Icons/White Heart 3.png
  artifactKey: Guid(bf639a8b395e4244fa65b8b12a3dd8f5) Importer(2089858483,0ecaa5967403d082aa24f35e1b516d23)
Start importing Assets/Violet Theme Ui/White Icons/White Heart 3.png using Guid(bf639a8b395e4244fa65b8b12a3dd8f5) Importer(2089858483,0ecaa5967403d082aa24f35e1b516d23) [PhysX] Initialized MultithreadedTaskDispatcher with 20 workers.
 -> (artifact id: '093aab390651e9dbe6c37d7f14c8fb55') in 0.011591 seconds
Number of updated asset objects reloaded before import = 0
Number of asset objects unloaded after import = 3
========================================================================
Received Import Request.
  Time since last request: 0.000017 seconds.
  path: Assets/Violet Theme Ui/Colored Icons/Sword.png
  artifactKey: Guid(5555116c8467a454c8c90c5cece8dc84) Importer(2089858483,0ecaa5967403d082aa24f35e1b516d23)
Start importing Assets/Violet Theme Ui/Colored Icons/Sword.png using Guid(5555116c8467a454c8c90c5cece8dc84) Importer(2089858483,0ecaa5967403d082aa24f35e1b516d23) [PhysX] Initialized MultithreadedTaskDispatcher with 20 workers.
 -> (artifact id: 'f260662267d81f4c90769da0fd7bc9a8') in 0.007529 seconds
Number of updated asset objects reloaded before import = 0
Number of asset objects unloaded after import = 3
========================================================================
Received Import Request.
  Time since last request: 0.000024 seconds.
  path: Assets/Violet Theme Ui/White Icons/White Warning 2.png
  artifactKey: Guid(08418683700dc1349a59ba1c9bb4ac9a) Importer(2089858483,0ecaa5967403d082aa24f35e1b516d23)
Start importing Assets/Violet Theme Ui/White Icons/White Warning 2.png using Guid(08418683700dc1349a59ba1c9bb4ac9a) Importer(2089858483,0ecaa5967403d082aa24f35e1b516d23) [PhysX] Initialized MultithreadedTaskDispatcher with 20 workers.
 -> (artifact id: '0b57bce375a980cffd25c5173c3332b3') in 0.009391 seconds
Number of updated asset objects reloaded before import = 0
Number of asset objects unloaded after import = 3
========================================================================
Received Import Request.
  Time since last request: 0.000019 seconds.
  path: Assets/Violet Theme Ui/White Icons/White Blade 2.png
  artifactKey: Guid(645d5009f90f1804ab28fa2119bc9f9d) Importer(2089858483,0ecaa5967403d082aa24f35e1b516d23)
Start importing Assets/Violet Theme Ui/White Icons/White Blade 2.png using Guid(645d5009f90f1804ab28fa2119bc9f9d) Importer(2089858483,0ecaa5967403d082aa24f35e1b516d23) [PhysX] Initialized MultithreadedTaskDispatcher with 20 workers.
 -> (artifact id: '5c7a175ae5dae66925b925b1475de45f') in 0.015579 seconds
Number of updated asset objects reloaded before import = 0
Number of asset objects unloaded after import = 4
========================================================================
Received Import Request.
  Time since last request: 0.000017 seconds.
  path: Assets/Violet Theme Ui/Colored Icons/Crown 2.png
  artifactKey: Guid(6732a03145e8bd0408862257da102895) Importer(2089858483,0ecaa5967403d082aa24f35e1b516d23)
Start importing Assets/Violet Theme Ui/Colored Icons/Crown 2.png using Guid(6732a03145e8bd0408862257da102895) Importer(2089858483,0ecaa5967403d082aa24f35e1b516d23) [PhysX] Initialized MultithreadedTaskDispatcher with 20 workers.
 -> (artifact id: '25490d17352a43299cdb008038e3ea59') in 0.007929 seconds
Number of updated asset objects reloaded before import = 0
Number of asset objects unloaded after import = 3
========================================================================
Received Import Request.
  Time since last request: 0.000018 seconds.
  path: Assets/Violet Theme Ui/White Icons/White Playstore.png
  artifactKey: Guid(16f30bce7bc91874a99e63484aca9c88) Importer(2089858483,0ecaa5967403d082aa24f35e1b516d23)
Start importing Assets/Violet Theme Ui/White Icons/White Playstore.png using Guid(16f30bce7bc91874a99e63484aca9c88) Importer(2089858483,0ecaa5967403d082aa24f35e1b516d23) [PhysX] Initialized MultithreadedTaskDispatcher with 20 workers.
 -> (artifact id: 'aadf089f910d6e59b2485fdc3c0d9f22') in 0.012403 seconds
Number of updated asset objects reloaded before import = 0
Number of asset objects unloaded after import = 6
========================================================================
Received Import Request.
  Time since last request: 0.000019 seconds.
  path: Assets/Violet Theme Ui/White Icons/White Slider 1.png
  artifactKey: Guid(34910f2567c98d84d9e59bed994c6551) Importer(2089858483,0ecaa5967403d082aa24f35e1b516d23)
Start importing Assets/Violet Theme Ui/White Icons/White Slider 1.png using Guid(34910f2567c98d84d9e59bed994c6551) Importer(2089858483,0ecaa5967403d082aa24f35e1b516d23) [PhysX] Initialized MultithreadedTaskDispatcher with 20 workers.
 -> (artifact id: '8ede9088205ea0c5f3a9ac867b691067') in 0.015272 seconds
Number of updated asset objects reloaded before import = 0
Number of asset objects unloaded after import = 11
========================================================================
Received Import Request.
  Time since last request: 0.000017 seconds.
  path: Assets/Violet Theme Ui/White Icons/White Hammer 2.png
  artifactKey: Guid(5354af62c0baa3e4885a82d901b4ec9e) Importer(2089858483,0ecaa5967403d082aa24f35e1b516d23)
Start importing Assets/Violet Theme Ui/White Icons/White Hammer 2.png using Guid(5354af62c0baa3e4885a82d901b4ec9e) Importer(2089858483,0ecaa5967403d082aa24f35e1b516d23) [PhysX] Initialized MultithreadedTaskDispatcher with 20 workers.
 -> (artifact id: '6989745f3aa122fa1599fef8ab8a3c45') in 0.008406 seconds
Number of updated asset objects reloaded before import = 0
Number of asset objects unloaded after import = 4
========================================================================
Received Import Request.
  Time since last request: 0.000018 seconds.
  path: Assets/Violet Theme Ui/Colored Icons/Stack Coin.png
  artifactKey: Guid(de14242464674984b921d7eaaea45793) Importer(2089858483,0ecaa5967403d082aa24f35e1b516d23)
Start importing Assets/Violet Theme Ui/Colored Icons/Stack Coin.png using Guid(de14242464674984b921d7eaaea45793) Importer(2089858483,0ecaa5967403d082aa24f35e1b516d23) [PhysX] Initialized MultithreadedTaskDispatcher with 20 workers.
 -> (artifact id: 'f85b7351022696ad4893f773789283ce') in 0.009766 seconds
Number of updated asset objects reloaded before import = 0
Number of asset objects unloaded after import = 3
========================================================================
Received Import Request.
  Time since last request: 0.000018 seconds.
  path: Assets/Violet Theme Ui/White Icons/White Pawn.png
  artifactKey: Guid(a24ccb868ebceb444b062f08e7d6afd7) Importer(2089858483,0ecaa5967403d082aa24f35e1b516d23)
Start importing Assets/Violet Theme Ui/White Icons/White Pawn.png using Guid(a24ccb868ebceb444b062f08e7d6afd7) Importer(2089858483,0ecaa5967403d082aa24f35e1b516d23) [PhysX] Initialized MultithreadedTaskDispatcher with 20 workers.
 -> (artifact id: '3f18674be0d7df95a221f28f006bd448') in 0.009687 seconds
Number of updated asset objects reloaded before import = 0
Number of asset objects unloaded after import = 4
========================================================================
Received Import Request.
  Time since last request: 0.000016 seconds.
  path: Assets/Violet Theme Ui/Prefab/Slider/Slider Green.prefab
  artifactKey: Guid(92cec96c482b4214db21a807318319da) Importer(2089858483,0ecaa5967403d082aa24f35e1b516d23)
Start importing Assets/Violet Theme Ui/Prefab/Slider/Slider Green.prefab using Guid(92cec96c482b4214db21a807318319da) Importer(2089858483,0ecaa5967403d082aa24f35e1b516d23) [PhysX] Initialized MultithreadedTaskDispatcher with 20 workers.
 -> (artifact id: '2562fd915c053c4554efd97c4283aca2') in 0.039283 seconds
Number of updated asset objects reloaded before import = 0
Number of asset objects unloaded after import = 24
========================================================================
Received Import Request.
  Time since last request: 0.000018 seconds.
  path: Assets/Violet Theme Ui/Toggles/Toggle Fill Red.png
  artifactKey: Guid(02af5e18a2327994c985f34a6152592a) Importer(2089858483,0ecaa5967403d082aa24f35e1b516d23)
Start importing Assets/Violet Theme Ui/Toggles/Toggle Fill Red.png using Guid(02af5e18a2327994c985f34a6152592a) Importer(2089858483,0ecaa5967403d082aa24f35e1b516d23) [PhysX] Initialized MultithreadedTaskDispatcher with 20 workers.
 -> (artifact id: 'f7996a8cb67d7ec84eb4efe63dd38933') in 0.009678 seconds
Number of updated asset objects reloaded before import = 0
Number of asset objects unloaded after import = 3
========================================================================
Received Import Request.
  Time since last request: 0.000022 seconds.
  path: Assets/Violet Theme Ui/Prefab/Toggles/Toggle Green.prefab
  artifactKey: Guid(6ad1db13ca5f1d5449a653c0ada8f380) Importer(2089858483,0ecaa5967403d082aa24f35e1b516d23)
Start importing Assets/Violet Theme Ui/Prefab/Toggles/Toggle Green.prefab using Guid(6ad1db13ca5f1d5449a653c0ada8f380) Importer(2089858483,0ecaa5967403d082aa24f35e1b516d23) [PhysX] Initialized MultithreadedTaskDispatcher with 20 workers.
 -> (artifact id: '2b36e55c742c2b76f66a3ca94e8de0de') in 0.015984 seconds
Number of updated asset objects reloaded before import = 0
Number of asset objects unloaded after import = 19
========================================================================
Received Import Request.
  Time since last request: 0.000022 seconds.
  path: Assets/Violet Theme Ui/White Icons/White Piggy Bank.png
  artifactKey: Guid(061442d1f24608047be37864c44902f0) Importer(2089858483,0ecaa5967403d082aa24f35e1b516d23)
Start importing Assets/Violet Theme Ui/White Icons/White Piggy Bank.png using Guid(061442d1f24608047be37864c44902f0) Importer(2089858483,0ecaa5967403d082aa24f35e1b516d23) [PhysX] Initialized MultithreadedTaskDispatcher with 20 workers.
 -> (artifact id: '8a9d6ee0b31a1c8fc33a3ec00ab0f137') in 0.009648 seconds
Number of updated asset objects reloaded before import = 0
Number of asset objects unloaded after import = 4
========================================================================
Received Import Request.
  Time since last request: 0.000016 seconds.
  path: Assets/Violet Theme Ui/White Icons/White DropDown.png
  artifactKey: Guid(9fa25d7ba9e486a49bd18911151230d7) Importer(2089858483,0ecaa5967403d082aa24f35e1b516d23)
Start importing Assets/Violet Theme Ui/White Icons/White DropDown.png using Guid(9fa25d7ba9e486a49bd18911151230d7) Importer(2089858483,0ecaa5967403d082aa24f35e1b516d23) [PhysX] Initialized MultithreadedTaskDispatcher with 20 workers.
 -> (artifact id: '5afa8e2f1d1d8b1c973dbb2a9ec099fc') in 0.014031 seconds
Number of updated asset objects reloaded before import = 0
Number of asset objects unloaded after import = 8
========================================================================
Received Import Request.
  Time since last request: 0.000020 seconds.
  path: Assets/Violet Theme Ui/Panels/White Panel Yellow.png
  artifactKey: Guid(8881b55d27a421e40912e51f02f4791f) Importer(2089858483,0ecaa5967403d082aa24f35e1b516d23)
Start importing Assets/Violet Theme Ui/Panels/White Panel Yellow.png using Guid(8881b55d27a421e40912e51f02f4791f) Importer(2089858483,0ecaa5967403d082aa24f35e1b516d23) [PhysX] Initialized MultithreadedTaskDispatcher with 20 workers.
 -> (artifact id: '910a33af58c2d007477d0938f4b4a225') in 0.025063 seconds
Number of updated asset objects reloaded before import = 0
Number of asset objects unloaded after import = 3
========================================================================
Received Import Request.
  Time since last request: 0.000019 seconds.
  path: Assets/Violet Theme Ui/White Icons/White Cycle.png
  artifactKey: Guid(0430fd83cb0609c459842cdaaeb19fcf) Importer(2089858483,0ecaa5967403d082aa24f35e1b516d23)
Start importing Assets/Violet Theme Ui/White Icons/White Cycle.png using Guid(0430fd83cb0609c459842cdaaeb19fcf) Importer(2089858483,0ecaa5967403d082aa24f35e1b516d23) [PhysX] Initialized MultithreadedTaskDispatcher with 20 workers.
 -> (artifact id: '1fbf5a3b27939d26bd278552ea34ecde') in 0.008752 seconds
Number of updated asset objects reloaded before import = 0
Number of asset objects unloaded after import = 4
========================================================================
Received Import Request.
  Time since last request: 0.000028 seconds.
  path: Assets/Violet Theme Ui/White Icons/White Horse Shoe.png
  artifactKey: Guid(4ce3c6c92d7198f4daa79a3746d45f00) Importer(2089858483,0ecaa5967403d082aa24f35e1b516d23)
Start importing Assets/Violet Theme Ui/White Icons/White Horse Shoe.png using Guid(4ce3c6c92d7198f4daa79a3746d45f00) Importer(2089858483,0ecaa5967403d082aa24f35e1b516d23) [PhysX] Initialized MultithreadedTaskDispatcher with 20 workers.
 -> (artifact id: 'ef3a2ed2290bc1aab4cf99d087c754b9') in 0.009568 seconds
Number of updated asset objects reloaded before import = 0
Number of asset objects unloaded after import = 3
========================================================================
Received Import Request.
  Time since last request: 0.000019 seconds.
  path: Assets/Violet Theme Ui/GemsAndCoins/Gem Stack.png
  artifactKey: Guid(aa0422cf1c09b344a9a411fc1cba743e) Importer(2089858483,0ecaa5967403d082aa24f35e1b516d23)
Start importing Assets/Violet Theme Ui/GemsAndCoins/Gem Stack.png using Guid(aa0422cf1c09b344a9a411fc1cba743e) Importer(2089858483,0ecaa5967403d082aa24f35e1b516d23) [PhysX] Initialized MultithreadedTaskDispatcher with 20 workers.
 -> (artifact id: 'e4b06f3b62f23aedb2749610f41133a7') in 0.008251 seconds
Number of updated asset objects reloaded before import = 0
Number of asset objects unloaded after import = 3
========================================================================
Received Import Request.
  Time since last request: 0.000018 seconds.
  path: Assets/Violet Theme Ui/Toggles/Toggle Fill Pink.png
  artifactKey: Guid(4135a87dd7182ca4ba28587e8cf76f35) Importer(2089858483,0ecaa5967403d082aa24f35e1b516d23)
Start importing Assets/Violet Theme Ui/Toggles/Toggle Fill Pink.png using Guid(4135a87dd7182ca4ba28587e8cf76f35) Importer(2089858483,0ecaa5967403d082aa24f35e1b516d23) [PhysX] Initialized MultithreadedTaskDispatcher with 20 workers.
 -> (artifact id: 'df9a92f6bcba942de717f16c7460ac24') in 0.008093 seconds
Number of updated asset objects reloaded before import = 0
Number of asset objects unloaded after import = 3
========================================================================
Received Import Request.
  Time since last request: 0.000019 seconds.
  path: Assets/Violet Theme Ui/White Icons/White Up.png
  artifactKey: Guid(b7e35da3072aca4468ee4ed3f2b2101e) Importer(2089858483,0ecaa5967403d082aa24f35e1b516d23)
Start importing Assets/Violet Theme Ui/White Icons/White Up.png using Guid(b7e35da3072aca4468ee4ed3f2b2101e) Importer(2089858483,0ecaa5967403d082aa24f35e1b516d23) [PhysX] Initialized MultithreadedTaskDispatcher with 20 workers.
 -> (artifact id: '7772c39e3485ea5d0cde7d8b7b891e98') in 0.009475 seconds
Number of updated asset objects reloaded before import = 0
Number of asset objects unloaded after import = 3
========================================================================
Received Import Request.
  Time since last request: 0.000018 seconds.
  path: Assets/Violet Theme Ui/White Icons/White Bomb 2.png
  artifactKey: Guid(76f33d4497c53394b9151dc09e67064c) Importer(2089858483,0ecaa5967403d082aa24f35e1b516d23)
Start importing Assets/Violet Theme Ui/White Icons/White Bomb 2.png using Guid(76f33d4497c53394b9151dc09e67064c) Importer(2089858483,0ecaa5967403d082aa24f35e1b516d23) [PhysX] Initialized MultithreadedTaskDispatcher with 20 workers.
 -> (artifact id: '954f58122ccec84487e2ff72755a51e7') in 0.008321 seconds
Number of updated asset objects reloaded before import = 0
Number of asset objects unloaded after import = 4
========================================================================
Received Import Request.
  Time since last request: 0.000018 seconds.
  path: Assets/Violet Theme Ui/Sliders/Handle Pink.png
  artifactKey: Guid(f3eafdc0f9c9fcb40b39db80b74f6f6a) Importer(2089858483,0ecaa5967403d082aa24f35e1b516d23)
Start importing Assets/Violet Theme Ui/Sliders/Handle Pink.png using Guid(f3eafdc0f9c9fcb40b39db80b74f6f6a) Importer(2089858483,0ecaa5967403d082aa24f35e1b516d23) [PhysX] Initialized MultithreadedTaskDispatcher with 20 workers.
 -> (artifact id: '07b54e623242bf2e213b12960578ecdf') in 0.011307 seconds
Number of updated asset objects reloaded before import = 0
Number of asset objects unloaded after import = 3
========================================================================
Received Import Request.
  Time since last request: 0.000035 seconds.
  path: Assets/Violet Theme Ui/Colored Icons/Shield.png
  artifactKey: Guid(6f2409c812e59e04fb9d2af0715bea80) Importer(2089858483,0ecaa5967403d082aa24f35e1b516d23)
Start importing Assets/Violet Theme Ui/Colored Icons/Shield.png using Guid(6f2409c812e59e04fb9d2af0715bea80) Importer(2089858483,0ecaa5967403d082aa24f35e1b516d23) [PhysX] Initialized MultithreadedTaskDispatcher with 20 workers.
 -> (artifact id: '0391c1a829e68dd6e94e6b976faf6404') in 0.008799 seconds
Number of updated asset objects reloaded before import = 0
Number of asset objects unloaded after import = 3
========================================================================
Received Import Request.
  Time since last request: 0.000021 seconds.
  path: Assets/Violet Theme Ui/White Icons/White Boots 1.png
  artifactKey: Guid(b3176559611ec2a439a40524ddf69c26) Importer(2089858483,0ecaa5967403d082aa24f35e1b516d23)
Start importing Assets/Violet Theme Ui/White Icons/White Boots 1.png using Guid(b3176559611ec2a439a40524ddf69c26) Importer(2089858483,0ecaa5967403d082aa24f35e1b516d23) [PhysX] Initialized MultithreadedTaskDispatcher with 20 workers.
 -> (artifact id: 'b840d280ef3299a3bf8a1851984afbe0') in 0.011480 seconds
Number of updated asset objects reloaded before import = 0
Number of asset objects unloaded after import = 6
========================================================================
Received Import Request.
  Time since last request: 0.000019 seconds.
  path: Assets/Violet Theme Ui/White Icons/White Magnet 2.png
  artifactKey: Guid(a1748c5e08fb2bc42a4f8bfdffef0223) Importer(2089858483,0ecaa5967403d082aa24f35e1b516d23)
Start importing Assets/Violet Theme Ui/White Icons/White Magnet 2.png using Guid(a1748c5e08fb2bc42a4f8bfdffef0223) Importer(2089858483,0ecaa5967403d082aa24f35e1b516d23) [PhysX] Initialized MultithreadedTaskDispatcher with 20 workers.
 -> (artifact id: '3aa38924dc47df7af1b887659c66238f') in 0.010403 seconds
Number of updated asset objects reloaded before import = 0
Number of asset objects unloaded after import = 5
========================================================================
Received Import Request.
  Time since last request: 0.000041 seconds.
  path: Assets/Violet Theme Ui/Prefab/Progress Bar/Progress Bar Violet.prefab
  artifactKey: Guid(4f3986d58bfc53f48a3429f92353a829) Importer(2089858483,0ecaa5967403d082aa24f35e1b516d23)
Start importing Assets/Violet Theme Ui/Prefab/Progress Bar/Progress Bar Violet.prefab using Guid(4f3986d58bfc53f48a3429f92353a829) Importer(2089858483,0ecaa5967403d082aa24f35e1b516d23) [PhysX] Initialized MultithreadedTaskDispatcher with 20 workers.
 -> (artifact id: '29c79bca3b15e67732a1f1ae1695fed4') in 0.013848 seconds
Number of updated asset objects reloaded before import = 0
Number of asset objects unloaded after import = 17
========================================================================
Received Import Request.
  Time since last request: 0.000017 seconds.
  path: Assets/Violet Theme Ui/White Icons/White Bishop.png
  artifactKey: Guid(4355aa8f6e41f3449bfb6c19933598e8) Importer(2089858483,0ecaa5967403d082aa24f35e1b516d23)
Start importing Assets/Violet Theme Ui/White Icons/White Bishop.png using Guid(4355aa8f6e41f3449bfb6c19933598e8) Importer(2089858483,0ecaa5967403d082aa24f35e1b516d23) [PhysX] Initialized MultithreadedTaskDispatcher with 20 workers.
 -> (artifact id: '3e6eb26cd07aed999e3e2f6d9caab9f0') in 0.010975 seconds
Number of updated asset objects reloaded before import = 0
Number of asset objects unloaded after import = 4
========================================================================
Received Import Request.
  Time since last request: 0.000023 seconds.
  path: Assets/Violet Theme Ui/White Icons/White Location 1.png
  artifactKey: Guid(eeb4584da950cfa44829087899cb270f) Importer(2089858483,0ecaa5967403d082aa24f35e1b516d23)
Start importing Assets/Violet Theme Ui/White Icons/White Location 1.png using Guid(eeb4584da950cfa44829087899cb270f) Importer(2089858483,0ecaa5967403d082aa24f35e1b516d23) [PhysX] Initialized MultithreadedTaskDispatcher with 20 workers.
 -> (artifact id: '0b08449aba9ff8c6ac710bffb01e930b') in 0.012049 seconds
Number of updated asset objects reloaded before import = 0
Number of asset objects unloaded after import = 4
========================================================================
Received Import Request.
  Time since last request: 0.000023 seconds.
  path: Assets/Violet Theme Ui/White Icons/White Move UpDown.png
  artifactKey: Guid(5ae8b65f9470c4d4d883d30c7009223d) Importer(2089858483,0ecaa5967403d082aa24f35e1b516d23)
Start importing Assets/Violet Theme Ui/White Icons/White Move UpDown.png using Guid(5ae8b65f9470c4d4d883d30c7009223d) Importer(2089858483,0ecaa5967403d082aa24f35e1b516d23) [PhysX] Initialized MultithreadedTaskDispatcher with 20 workers.
 -> (artifact id: '433e4195f2fe1950d20734b62de6a462') in 0.008746 seconds
Number of updated asset objects reloaded before import = 0
Number of asset objects unloaded after import = 4
========================================================================
Received Import Request.
  Time since last request: 0.000019 seconds.
  path: Assets/Violet Theme Ui/White Icons/White News.png
  artifactKey: Guid(3deca45802d7e1c43b54739e4b755278) Importer(2089858483,0ecaa5967403d082aa24f35e1b516d23)
Start importing Assets/Violet Theme Ui/White Icons/White News.png using Guid(3deca45802d7e1c43b54739e4b755278) Importer(2089858483,0ecaa5967403d082aa24f35e1b516d23) [PhysX] Initialized MultithreadedTaskDispatcher with 20 workers.
 -> (artifact id: '7fc197500800c11d2e2ba7988d66ede7') in 0.010947 seconds
Number of updated asset objects reloaded before import = 0
Number of asset objects unloaded after import = 3
========================================================================
Received Import Request.
  Time since last request: 0.000018 seconds.
  path: Assets/Violet Theme Ui/White Icons/White Pin.png
  artifactKey: Guid(d5296110490fa694fa53a9c4eae0c358) Importer(2089858483,0ecaa5967403d082aa24f35e1b516d23)
Start importing Assets/Violet Theme Ui/White Icons/White Pin.png using Guid(d5296110490fa694fa53a9c4eae0c358) Importer(2089858483,0ecaa5967403d082aa24f35e1b516d23) [PhysX] Initialized MultithreadedTaskDispatcher with 20 workers.
 -> (artifact id: '3ec84a527c6eba99f7f092fa4f69fbcd') in 0.012378 seconds
Number of updated asset objects reloaded before import = 0
Number of asset objects unloaded after import = 4
========================================================================
Received Import Request.
  Time since last request: 0.000022 seconds.
  path: Assets/Violet Theme Ui/Buttons/Misc/Small Square Button.afdesign
  artifactKey: Guid(0213e8ba7bd869d47864b5a9a77941f5) Importer(2089858483,0ecaa5967403d082aa24f35e1b516d23)
Start importing Assets/Violet Theme Ui/Buttons/Misc/Small Square Button.afdesign using Guid(0213e8ba7bd869d47864b5a9a77941f5) Importer(2089858483,0ecaa5967403d082aa24f35e1b516d23) [PhysX] Initialized MultithreadedTaskDispatcher with 20 workers.
 -> (artifact id: '8f4b0a3e74a4df3e6817ee1948e9884b') in 0.003481 seconds
Number of updated asset objects reloaded before import = 0
Number of asset objects unloaded after import = 1
========================================================================
Received Import Request.
  Time since last request: 0.000017 seconds.
  path: Assets/Violet Theme Ui/Colored Icons/Trash.png
  artifactKey: Guid(ffc820495a6d911419c56d96b31d31fe) Importer(2089858483,0ecaa5967403d082aa24f35e1b516d23)
Start importing Assets/Violet Theme Ui/Colored Icons/Trash.png using Guid(ffc820495a6d911419c56d96b31d31fe) Importer(2089858483,0ecaa5967403d082aa24f35e1b516d23) [PhysX] Initialized MultithreadedTaskDispatcher with 20 workers.
 -> (artifact id: '25b812ed2a1fa48237640a363e2c5875') in 0.007539 seconds
Number of updated asset objects reloaded before import = 0
Number of asset objects unloaded after import = 3
========================================================================
Received Import Request.
  Time since last request: 0.000014 seconds.
  path: Assets/Violet Theme Ui/Sliders/Handle Red.png
  artifactKey: Guid(34c670642e6efda40b50b89365cb199b) Importer(2089858483,0ecaa5967403d082aa24f35e1b516d23)
Start importing Assets/Violet Theme Ui/Sliders/Handle Red.png using Guid(34c670642e6efda40b50b89365cb199b) Importer(2089858483,0ecaa5967403d082aa24f35e1b516d23) [PhysX] Initialized MultithreadedTaskDispatcher with 20 workers.
 -> (artifact id: '7fc9d57f2f47bbcb69648420ac6a6583') in 0.009232 seconds
Number of updated asset objects reloaded before import = 0
Number of asset objects unloaded after import = 3
========================================================================
Received Import Request.
  Time since last request: 0.000019 seconds.
  path: Assets/Violet Theme Ui/White Icons/White Move Left.png
  artifactKey: Guid(01d090be1f6bdec40ac2ef9e86e666ff) Importer(2089858483,0ecaa5967403d082aa24f35e1b516d23)
Start importing Assets/Violet Theme Ui/White Icons/White Move Left.png using Guid(01d090be1f6bdec40ac2ef9e86e666ff) Importer(2089858483,0ecaa5967403d082aa24f35e1b516d23) [PhysX] Initialized MultithreadedTaskDispatcher with 20 workers.
 -> (artifact id: '7fdcde69d3d2727d48fa2cd3ce2ee426') in 0.008240 seconds
Number of updated asset objects reloaded before import = 0
Number of asset objects unloaded after import = 3
========================================================================
Received Import Request.
  Time since last request: 0.000017 seconds.
  path: Assets/Violet Theme Ui/White Icons/White Add.png
  artifactKey: Guid(6ae0fe68f93b83843b430c78ad694acc) Importer(2089858483,0ecaa5967403d082aa24f35e1b516d23)
Start importing Assets/Violet Theme Ui/White Icons/White Add.png using Guid(6ae0fe68f93b83843b430c78ad694acc) Importer(2089858483,0ecaa5967403d082aa24f35e1b516d23) [PhysX] Initialized MultithreadedTaskDispatcher with 20 workers.
 -> (artifact id: '5a5c36908de461e53d1c1377edcf695a') in 0.008941 seconds
Number of updated asset objects reloaded before import = 0
Number of asset objects unloaded after import = 3
========================================================================
Received Import Request.
  Time since last request: 0.000015 seconds.
  path: Assets/Violet Theme Ui/Panels/White Panel Red.png
  artifactKey: Guid(a9af6f756a1fd544cb3e5fa671ffc232) Importer(2089858483,0ecaa5967403d082aa24f35e1b516d23)
Start importing Assets/Violet Theme Ui/Panels/White Panel Red.png using Guid(a9af6f756a1fd544cb3e5fa671ffc232) Importer(2089858483,0ecaa5967403d082aa24f35e1b516d23) [PhysX] Initialized MultithreadedTaskDispatcher with 20 workers.
 -> (artifact id: '3e9eb392877dc6d287668cb64aca1a2f') in 0.010082 seconds
Number of updated asset objects reloaded before import = 0
Number of asset objects unloaded after import = 3
========================================================================
Received Import Request.
  Time since last request: 0.000018 seconds.
  path: Assets/Violet Theme Ui/White Icons/White Open File.png
  artifactKey: Guid(ef58019bad7807243a2f6b2b6eb29f27) Importer(2089858483,0ecaa5967403d082aa24f35e1b516d23)
Start importing Assets/Violet Theme Ui/White Icons/White Open File.png using Guid(ef58019bad7807243a2f6b2b6eb29f27) Importer(2089858483,0ecaa5967403d082aa24f35e1b516d23) [PhysX] Initialized MultithreadedTaskDispatcher with 20 workers.
 -> (artifact id: '9fc990dd4737c0b65248ba4b2cf23869') in 0.009587 seconds
Number of updated asset objects reloaded before import = 0
Number of asset objects unloaded after import = 4
========================================================================
Received Import Request.
  Time since last request: 0.000029 seconds.
  path: Assets/Violet Theme Ui/Colored Icons/Medal.png
  artifactKey: Guid(8a76a65ead3a23b4ba19459d3855ffbd) Importer(2089858483,0ecaa5967403d082aa24f35e1b516d23)
Start importing Assets/Violet Theme Ui/Colored Icons/Medal.png using Guid(8a76a65ead3a23b4ba19459d3855ffbd) Importer(2089858483,0ecaa5967403d082aa24f35e1b516d23) [PhysX] Initialized MultithreadedTaskDispatcher with 20 workers.
 -> (artifact id: '5b4959dcd7a757fcec110901047c9436') in 0.008412 seconds
Number of updated asset objects reloaded before import = 0
Number of asset objects unloaded after import = 3
========================================================================
Received Import Request.
  Time since last request: 0.000019 seconds.
  path: Assets/Violet Theme Ui/GemsAndCoins/Coin Chest.png
  artifactKey: Guid(1ccb15b522eac084698d270f707ec810) Importer(2089858483,0ecaa5967403d082aa24f35e1b516d23)
Start importing Assets/Violet Theme Ui/GemsAndCoins/Coin Chest.png using Guid(1ccb15b522eac084698d270f707ec810) Importer(2089858483,0ecaa5967403d082aa24f35e1b516d23) [PhysX] Initialized MultithreadedTaskDispatcher with 20 workers.
 -> (artifact id: 'cb07da6aa0c982205cdfe0391aa34680') in 0.010345 seconds
Number of updated asset objects reloaded before import = 0
Number of asset objects unloaded after import = 3
========================================================================
Received Import Request.
  Time since last request: 0.047622 seconds.
  path: Assets/Violet Theme Ui/White Icons/White Monitor.png
  artifactKey: Guid(e160623cf5e16be45bf70ca4a5296f90) Importer(2089858483,0ecaa5967403d082aa24f35e1b516d23)
Start importing Assets/Violet Theme Ui/White Icons/White Monitor.png using Guid(e160623cf5e16be45bf70ca4a5296f90) Importer(2089858483,0ecaa5967403d082aa24f35e1b516d23) [PhysX] Initialized MultithreadedTaskDispatcher with 20 workers.
 -> (artifact id: '7e4f8f8f13f6415050f1f83ffd76889b') in 0.008599 seconds
Number of updated asset objects reloaded before import = 0
Number of asset objects unloaded after import = 4
========================================================================
Received Import Request.
  Time since last request: 0.000020 seconds.
  path: Assets/Violet Theme Ui/White Icons/White Youtube.png
  artifactKey: Guid(e02fdde545669024b9b3fc1bd89b0b1b) Importer(2089858483,0ecaa5967403d082aa24f35e1b516d23)
Start importing Assets/Violet Theme Ui/White Icons/White Youtube.png using Guid(e02fdde545669024b9b3fc1bd89b0b1b) Importer(2089858483,0ecaa5967403d082aa24f35e1b516d23) [PhysX] Initialized MultithreadedTaskDispatcher with 20 workers.
 -> (artifact id: 'fa0139e3c749d2a66b089bdaffece924') in 0.010021 seconds
Number of updated asset objects reloaded before import = 0
Number of asset objects unloaded after import = 3
========================================================================
Received Import Request.
  Time since last request: 0.000022 seconds.
  path: Assets/Violet Theme Ui/Panels/Dark Panels Style 2 Green.png
  artifactKey: Guid(b40d433859d7ac84bbaef8c466cbe4f1) Importer(2089858483,0ecaa5967403d082aa24f35e1b516d23)
Start importing Assets/Violet Theme Ui/Panels/Dark Panels Style 2 Green.png using Guid(b40d433859d7ac84bbaef8c466cbe4f1) Importer(2089858483,0ecaa5967403d082aa24f35e1b516d23) [PhysX] Initialized MultithreadedTaskDispatcher with 20 workers.
 -> (artifact id: 'd6b0868bbb403e04676c5a1980c1e362') in 0.011636 seconds
Number of updated asset objects reloaded before import = 0
Number of asset objects unloaded after import = 3
========================================================================
Received Import Request.
  Time since last request: 0.000020 seconds.
  path: Assets/Violet Theme Ui/Buttons/Button Blue.png
  artifactKey: Guid(4edd415ab2cd6784ea5e7905122a703d) Importer(2089858483,0ecaa5967403d082aa24f35e1b516d23)
Start importing Assets/Violet Theme Ui/Buttons/Button Blue.png using Guid(4edd415ab2cd6784ea5e7905122a703d) Importer(2089858483,0ecaa5967403d082aa24f35e1b516d23) [PhysX] Initialized MultithreadedTaskDispatcher with 20 workers.
 -> (artifact id: '611f2fe2e679b948a5e8b72e8b2a1de7') in 0.009659 seconds
Number of updated asset objects reloaded before import = 0
Number of asset objects unloaded after import = 3
========================================================================
Received Import Request.
  Time since last request: 0.000019 seconds.
  path: Assets/Violet Theme Ui/White Icons/White Menu 1.png
  artifactKey: Guid(d4bfc4515b5a3544dba86a717a3258ee) Importer(2089858483,0ecaa5967403d082aa24f35e1b516d23)
Start importing Assets/Violet Theme Ui/White Icons/White Menu 1.png using Guid(d4bfc4515b5a3544dba86a717a3258ee) Importer(2089858483,0ecaa5967403d082aa24f35e1b516d23) [PhysX] Initialized MultithreadedTaskDispatcher with 20 workers.
 -> (artifact id: 'ce2dba22604ff1f7e72f61371c91f1fd') in 0.009444 seconds
Number of updated asset objects reloaded before import = 0
Number of asset objects unloaded after import = 4
========================================================================
Received Import Request.
  Time since last request: 0.000018 seconds.
  path: Assets/Violet Theme Ui/White Icons/White Power Up 2.png
  artifactKey: Guid(fc31fafa8d6555d4dbd7d0d4c4c0d2d8) Importer(2089858483,0ecaa5967403d082aa24f35e1b516d23)
Start importing Assets/Violet Theme Ui/White Icons/White Power Up 2.png using Guid(fc31fafa8d6555d4dbd7d0d4c4c0d2d8) Importer(2089858483,0ecaa5967403d082aa24f35e1b516d23) [PhysX] Initialized MultithreadedTaskDispatcher with 20 workers.
 -> (artifact id: '045fbd80f5a9dfd2926d47e923aae0ba') in 0.012989 seconds
Number of updated asset objects reloaded before import = 0
Number of asset objects unloaded after import = 7
========================================================================
Received Import Request.
  Time since last request: 0.000018 seconds.
  path: Assets/Violet Theme Ui/Progress Bars/Progress Bar Orange.png
  artifactKey: Guid(b0bf94ead829fd24591a1625a292a742) Importer(2089858483,0ecaa5967403d082aa24f35e1b516d23)
Start importing Assets/Violet Theme Ui/Progress Bars/Progress Bar Orange.png using Guid(b0bf94ead829fd24591a1625a292a742) Importer(2089858483,0ecaa5967403d082aa24f35e1b516d23) [PhysX] Initialized MultithreadedTaskDispatcher with 20 workers.
 -> (artifact id: 'ef76c344075e3a7d48c0411962f0e787') in 0.007653 seconds
Number of updated asset objects reloaded before import = 0
Number of asset objects unloaded after import = 3
========================================================================
Received Import Request.
  Time since last request: 0.000017 seconds.
  path: Assets/Violet Theme Ui/White Icons/White Controls.png
  artifactKey: Guid(984423f0a5bc0be4f982eef9255f71a9) Importer(2089858483,0ecaa5967403d082aa24f35e1b516d23)
Start importing Assets/Violet Theme Ui/White Icons/White Controls.png using Guid(984423f0a5bc0be4f982eef9255f71a9) Importer(2089858483,0ecaa5967403d082aa24f35e1b516d23) [PhysX] Initialized MultithreadedTaskDispatcher with 20 workers.
 -> (artifact id: '350caef9a8aee02e40c3ab28c3512047') in 0.009997 seconds
Number of updated asset objects reloaded before import = 0
Number of asset objects unloaded after import = 4
========================================================================
Received Import Request.
  Time since last request: 0.000019 seconds.
  path: Assets/Violet Theme Ui/White Icons/White Scissor.png
  artifactKey: Guid(c4728a44280f4a1428bcf614c67b5b13) Importer(2089858483,0ecaa5967403d082aa24f35e1b516d23)
Start importing Assets/Violet Theme Ui/White Icons/White Scissor.png using Guid(c4728a44280f4a1428bcf614c67b5b13) Importer(2089858483,0ecaa5967403d082aa24f35e1b516d23) [PhysX] Initialized MultithreadedTaskDispatcher with 20 workers.
 -> (artifact id: '203f99a6f07767aa21ea91d8c0ebc4de') in 0.010166 seconds
Number of updated asset objects reloaded before import = 0
Number of asset objects unloaded after import = 3
========================================================================
Received Import Request.
  Time since last request: 0.000023 seconds.
  path: Assets/Violet Theme Ui/White Icons/White Fan.png
  artifactKey: Guid(83c3b7682f149604e8ca948a8de4387e) Importer(2089858483,0ecaa5967403d082aa24f35e1b516d23)
Start importing Assets/Violet Theme Ui/White Icons/White Fan.png using Guid(83c3b7682f149604e8ca948a8de4387e) Importer(2089858483,0ecaa5967403d082aa24f35e1b516d23) [PhysX] Initialized MultithreadedTaskDispatcher with 20 workers.
 -> (artifact id: '9dc6edabb6cf0e03cbf07a4abb3cf4a7') in 0.012582 seconds
Number of updated asset objects reloaded before import = 0
Number of asset objects unloaded after import = 6
========================================================================
Received Import Request.
  Time since last request: 0.000017 seconds.
  path: Assets/Violet Theme Ui/Colored Icons/Up.png
  artifactKey: Guid(0c830f34fa702d84a9786a9740186963) Importer(2089858483,0ecaa5967403d082aa24f35e1b516d23)
Start importing Assets/Violet Theme Ui/Colored Icons/Up.png using Guid(0c830f34fa702d84a9786a9740186963) Importer(2089858483,0ecaa5967403d082aa24f35e1b516d23) [PhysX] Initialized MultithreadedTaskDispatcher with 20 workers.
 -> (artifact id: 'abd7de4a371d1ca6657bd08016bde47a') in 0.009671 seconds
Number of updated asset objects reloaded before import = 0
Number of asset objects unloaded after import = 3
========================================================================
Received Import Request.
  Time since last request: 0.000019 seconds.
  path: Assets/Violet Theme Ui/White Icons/White Wifi On.png
  artifactKey: Guid(82e5a4d9b6b108d49b57d7ba82a0bcec) Importer(2089858483,0ecaa5967403d082aa24f35e1b516d23)
Start importing Assets/Violet Theme Ui/White Icons/White Wifi On.png using Guid(82e5a4d9b6b108d49b57d7ba82a0bcec) Importer(2089858483,0ecaa5967403d082aa24f35e1b516d23) [PhysX] Initialized MultithreadedTaskDispatcher with 20 workers.
 -> (artifact id: 'a3ad272202ed1d195b71e92cc15df07d') in 0.011891 seconds
Number of updated asset objects reloaded before import = 0
Number of asset objects unloaded after import = 5
========================================================================
Received Import Request.
  Time since last request: 0.000017 seconds.
  path: Assets/Violet Theme Ui/GemsAndCoins/Coin Stack.png
  artifactKey: Guid(b6bf64f3818ea7048adcf794dea42649) Importer(2089858483,0ecaa5967403d082aa24f35e1b516d23)
Start importing Assets/Violet Theme Ui/GemsAndCoins/Coin Stack.png using Guid(b6bf64f3818ea7048adcf794dea42649) Importer(2089858483,0ecaa5967403d082aa24f35e1b516d23) [PhysX] Initialized MultithreadedTaskDispatcher with 20 workers.
 -> (artifact id: '59a1378ce97cc063dc70e3fb76384dd2') in 0.008590 seconds
Number of updated asset objects reloaded before import = 0
Number of asset objects unloaded after import = 3
========================================================================
Received Import Request.
  Time since last request: 0.000018 seconds.
  path: Assets/Violet Theme Ui/Buttons/Misc/Small Square Button Violet.png
  artifactKey: Guid(931f6455943555649a61ed7f1c76cbf6) Importer(2089858483,0ecaa5967403d082aa24f35e1b516d23)
Start importing Assets/Violet Theme Ui/Buttons/Misc/Small Square Button Violet.png using Guid(931f6455943555649a61ed7f1c76cbf6) Importer(2089858483,0ecaa5967403d082aa24f35e1b516d23) [PhysX] Initialized MultithreadedTaskDispatcher with 20 workers.
 -> (artifact id: '9fae8990ab9e1be98f70d755d5bae26b') in 0.010009 seconds
Number of updated asset objects reloaded before import = 0
Number of asset objects unloaded after import = 3
========================================================================
Received Import Request.
  Time since last request: 0.000026 seconds.
  path: Assets/Violet Theme Ui/White Icons/White Menu 3.png
  artifactKey: Guid(a658b22019914c143bc514cc39cf1f11) Importer(2089858483,0ecaa5967403d082aa24f35e1b516d23)
Start importing Assets/Violet Theme Ui/White Icons/White Menu 3.png using Guid(a658b22019914c143bc514cc39cf1f11) Importer(2089858483,0ecaa5967403d082aa24f35e1b516d23) [PhysX] Initialized MultithreadedTaskDispatcher with 20 workers.
 -> (artifact id: '808c5901296fb96eefb58ab1213047df') in 0.010727 seconds
Number of updated asset objects reloaded before import = 0
Number of asset objects unloaded after import = 6
========================================================================
Received Import Request.
  Time since last request: 0.000018 seconds.
  path: Assets/Violet Theme Ui/White Icons/White Symbol 6.png
  artifactKey: Guid(47f084b90b4998d47967083fcb6e7b32) Importer(2089858483,0ecaa5967403d082aa24f35e1b516d23)
Start importing Assets/Violet Theme Ui/White Icons/White Symbol 6.png using Guid(47f084b90b4998d47967083fcb6e7b32) Importer(2089858483,0ecaa5967403d082aa24f35e1b516d23) [PhysX] Initialized MultithreadedTaskDispatcher with 20 workers.
 -> (artifact id: '2a8b592f3418c0f50fc97f4043f1d4a6') in 0.010156 seconds
Number of updated asset objects reloaded before import = 0
Number of asset objects unloaded after import = 4
========================================================================
Received Import Request.
  Time since last request: 0.000019 seconds.
  path: Assets/Violet Theme Ui/White Icons/White Unlock.png
  artifactKey: Guid(19146b3abbf475a4e928505e38f4c2b2) Importer(2089858483,0ecaa5967403d082aa24f35e1b516d23)
Start importing Assets/Violet Theme Ui/White Icons/White Unlock.png using Guid(19146b3abbf475a4e928505e38f4c2b2) Importer(2089858483,0ecaa5967403d082aa24f35e1b516d23) [PhysX] Initialized MultithreadedTaskDispatcher with 20 workers.
 -> (artifact id: '58fbc47c420438e0d55340e51a5dba36') in 0.007709 seconds
Number of updated asset objects reloaded before import = 0
Number of asset objects unloaded after import = 3
========================================================================
Received Import Request.
  Time since last request: 0.000019 seconds.
  path: Assets/Violet Theme Ui/White Icons/White Tornado.png
  artifactKey: Guid(a30d60d67ed0b3d44b3040bc26861277) Importer(2089858483,0ecaa5967403d082aa24f35e1b516d23)
Start importing Assets/Violet Theme Ui/White Icons/White Tornado.png using Guid(a30d60d67ed0b3d44b3040bc26861277) Importer(2089858483,0ecaa5967403d082aa24f35e1b516d23) [PhysX] Initialized MultithreadedTaskDispatcher with 20 workers.
 -> (artifact id: 'b8ac6355a9584d55c1ded5fa5545cb27') in 0.010627 seconds
Number of updated asset objects reloaded before import = 0
Number of asset objects unloaded after import = 5
========================================================================
Received Import Request.
  Time since last request: 0.000019 seconds.
  path: Assets/Violet Theme Ui/White Icons/White Gear 2.png
  artifactKey: Guid(1aeed7b3f15aff04494ae81ad74349e0) Importer(2089858483,0ecaa5967403d082aa24f35e1b516d23)
Start importing Assets/Violet Theme Ui/White Icons/White Gear 2.png using Guid(1aeed7b3f15aff04494ae81ad74349e0) Importer(2089858483,0ecaa5967403d082aa24f35e1b516d23) [PhysX] Initialized MultithreadedTaskDispatcher with 20 workers.
 -> (artifact id: 'e1a61480b2eb87422c077480c844bddc') in 0.008878 seconds
Number of updated asset objects reloaded before import = 0
Number of asset objects unloaded after import = 3
========================================================================
Received Import Request.
  Time since last request: 0.000019 seconds.
  path: Assets/Violet Theme Ui/White Icons/White Energy.png
  artifactKey: Guid(11627667c4ccf3f499c7661a8781abba) Importer(2089858483,0ecaa5967403d082aa24f35e1b516d23)
Start importing Assets/Violet Theme Ui/White Icons/White Energy.png using Guid(11627667c4ccf3f499c7661a8781abba) Importer(2089858483,0ecaa5967403d082aa24f35e1b516d23) [PhysX] Initialized MultithreadedTaskDispatcher with 20 workers.
 -> (artifact id: 'f60db06960bc8cb2212912f05731950d') in 0.011248 seconds
Number of updated asset objects reloaded before import = 0
Number of asset objects unloaded after import = 3
========================================================================
Received Import Request.
  Time since last request: 0.000015 seconds.
  path: Assets/Violet Theme Ui/Progress Bars/Progress Bar Yellow.png
  artifactKey: Guid(b67c53ee68dad3640b6698ae3135ffd9) Importer(2089858483,0ecaa5967403d082aa24f35e1b516d23)
Start importing Assets/Violet Theme Ui/Progress Bars/Progress Bar Yellow.png using Guid(b67c53ee68dad3640b6698ae3135ffd9) Importer(2089858483,0ecaa5967403d082aa24f35e1b516d23) [PhysX] Initialized MultithreadedTaskDispatcher with 20 workers.
 -> (artifact id: 'f023c031fe4582fc55d126f3f1e2cac9') in 0.007767 seconds
Number of updated asset objects reloaded before import = 0
Number of asset objects unloaded after import = 3
========================================================================
Received Import Request.
  Time since last request: 0.000020 seconds.
  path: Assets/Violet Theme Ui/White Icons/White Ribbon 4.png
  artifactKey: Guid(2602867125c52164ca50bd624010b64b) Importer(2089858483,0ecaa5967403d082aa24f35e1b516d23)
Start importing Assets/Violet Theme Ui/White Icons/White Ribbon 4.png using Guid(2602867125c52164ca50bd624010b64b) Importer(2089858483,0ecaa5967403d082aa24f35e1b516d23) [PhysX] Initialized MultithreadedTaskDispatcher with 20 workers.
 -> (artifact id: 'e3921227f8aba07db472a0b583bbc2d0') in 0.009709 seconds
Number of updated asset objects reloaded before import = 0
Number of asset objects unloaded after import = 5
========================================================================
Received Import Request.
  Time since last request: 0.000019 seconds.
  path: Assets/Violet Theme Ui/White Icons/White Speed.png
  artifactKey: Guid(7f89d2f1c67495b41a9fe9555bf18462) Importer(2089858483,0ecaa5967403d082aa24f35e1b516d23)
Start importing Assets/Violet Theme Ui/White Icons/White Speed.png using Guid(7f89d2f1c67495b41a9fe9555bf18462) Importer(2089858483,0ecaa5967403d082aa24f35e1b516d23) [PhysX] Initialized MultithreadedTaskDispatcher with 20 workers.
 -> (artifact id: '5c3e75e380af1c9e835d70e553474195') in 0.015707 seconds
Number of updated asset objects reloaded before import = 0
Number of asset objects unloaded after import = 6
========================================================================
Received Import Request.
  Time since last request: 0.000019 seconds.
  path: Assets/Violet Theme Ui/Panels/White Panel Purple.png
  artifactKey: Guid(046b9039adc12db45b896ea728e15e15) Importer(2089858483,0ecaa5967403d082aa24f35e1b516d23)
Start importing Assets/Violet Theme Ui/Panels/White Panel Purple.png using Guid(046b9039adc12db45b896ea728e15e15) Importer(2089858483,0ecaa5967403d082aa24f35e1b516d23) [PhysX] Initialized MultithreadedTaskDispatcher with 20 workers.
 -> (artifact id: '0f55ca6c24ee2e45cee9e70b0c8a64a3') in 0.020079 seconds
Number of updated asset objects reloaded before import = 0
Number of asset objects unloaded after import = 3
========================================================================
Received Import Request.
  Time since last request: 0.000017 seconds.
  path: Assets/Violet Theme Ui/Toggles/Toggle Background.afdesign
  artifactKey: Guid(23114a926ad529b4e851a44279d2f1ca) Importer(2089858483,0ecaa5967403d082aa24f35e1b516d23)
Start importing Assets/Violet Theme Ui/Toggles/Toggle Background.afdesign using Guid(23114a926ad529b4e851a44279d2f1ca) Importer(2089858483,0ecaa5967403d082aa24f35e1b516d23) [PhysX] Initialized MultithreadedTaskDispatcher with 20 workers.
 -> (artifact id: '932777f300e4d4ec47517aafd917be89') in 0.003180 seconds
Number of updated asset objects reloaded before import = 0
Number of asset objects unloaded after import = 1
========================================================================
Received Import Request.
  Time since last request: 0.000050 seconds.
  path: Assets/Violet Theme Ui/Colored Icons/Potion Violet.png
  artifactKey: Guid(56aebb836b0170347aec9555b2bf39b4) Importer(2089858483,0ecaa5967403d082aa24f35e1b516d23)
Start importing Assets/Violet Theme Ui/Colored Icons/Potion Violet.png using Guid(56aebb836b0170347aec9555b2bf39b4) Importer(2089858483,0ecaa5967403d082aa24f35e1b516d23) [PhysX] Initialized MultithreadedTaskDispatcher with 20 workers.
 -> (artifact id: '6023cb2660de4fbd9673eaf648472576') in 0.008994 seconds
Number of updated asset objects reloaded before import = 0
Number of asset objects unloaded after import = 3
========================================================================
Received Import Request.
  Time since last request: 0.000017 seconds.
  path: Assets/Violet Theme Ui/Colored Icons/Mail.png
  artifactKey: Guid(f43100988deb27a49af0a774cfabca2f) Importer(2089858483,0ecaa5967403d082aa24f35e1b516d23)
Start importing Assets/Violet Theme Ui/Colored Icons/Mail.png using Guid(f43100988deb27a49af0a774cfabca2f) Importer(2089858483,0ecaa5967403d082aa24f35e1b516d23) [PhysX] Initialized MultithreadedTaskDispatcher with 20 workers.
 -> (artifact id: 'a86c8922bc3ecc571c929ad0eeb971fb') in 0.007895 seconds
Number of updated asset objects reloaded before import = 0
Number of asset objects unloaded after import = 3
========================================================================
Received Import Request.
  Time since last request: 0.000016 seconds.
  path: Assets/Violet Theme Ui/Prefab/Win.prefab
  artifactKey: Guid(6d8d3cab81ba0094b97b07e00afbce17) Importer(2089858483,0ecaa5967403d082aa24f35e1b516d23)
Start importing Assets/Violet Theme Ui/Prefab/Win.prefab using Guid(6d8d3cab81ba0094b97b07e00afbce17) Importer(2089858483,0ecaa5967403d082aa24f35e1b516d23) [PhysX] Initialized MultithreadedTaskDispatcher with 20 workers.
 -> (artifact id: '9bedde2bc62947a271e296e6f0d9c967') in 0.016148 seconds
Number of updated asset objects reloaded before import = 0
Number of asset objects unloaded after import = 50
========================================================================
Received Import Request.
  Time since last request: 0.000017 seconds.
  path: Assets/Violet Theme Ui/White Icons/White Video.png
  artifactKey: Guid(783da321c6b8e694a96faf212e2e9aeb) Importer(2089858483,0ecaa5967403d082aa24f35e1b516d23)
Start importing Assets/Violet Theme Ui/White Icons/White Video.png using Guid(783da321c6b8e694a96faf212e2e9aeb) Importer(2089858483,0ecaa5967403d082aa24f35e1b516d23) [PhysX] Initialized MultithreadedTaskDispatcher with 20 workers.
 -> (artifact id: '71c60522782273794a3cdfc9dc6b95b9') in 0.011081 seconds
Number of updated asset objects reloaded before import = 0
Number of asset objects unloaded after import = 4
========================================================================
Received Import Request.
  Time since last request: 0.000017 seconds.
  path: Assets/Violet Theme Ui/White Icons/White Puzzle Piece.png
  artifactKey: Guid(fe9a839c0dd2bd04496583d88c2bc615) Importer(2089858483,0ecaa5967403d082aa24f35e1b516d23)
Start importing Assets/Violet Theme Ui/White Icons/White Puzzle Piece.png using Guid(fe9a839c0dd2bd04496583d88c2bc615) Importer(2089858483,0ecaa5967403d082aa24f35e1b516d23) [PhysX] Initialized MultithreadedTaskDispatcher with 20 workers.
 -> (artifact id: 'c850fe356c169391bbb41f09e8d571f2') in 0.008163 seconds
Number of updated asset objects reloaded before import = 0
Number of asset objects unloaded after import = 3
========================================================================
Received Import Request.
  Time since last request: 0.000018 seconds.
  path: Assets/Violet Theme Ui/White Icons/White Dice.png
  artifactKey: Guid(4df7d6be0df6c3c4eb6602808ef5144e) Importer(2089858483,0ecaa5967403d082aa24f35e1b516d23)
Start importing Assets/Violet Theme Ui/White Icons/White Dice.png using Guid(4df7d6be0df6c3c4eb6602808ef5144e) Importer(2089858483,0ecaa5967403d082aa24f35e1b516d23) [PhysX] Initialized MultithreadedTaskDispatcher with 20 workers.
 -> (artifact id: '7cc664fa3dab8460a9cb4707ee6086bb') in 0.012185 seconds
Number of updated asset objects reloaded before import = 0
Number of asset objects unloaded after import = 5
========================================================================
Received Import Request.
  Time since last request: 0.000018 seconds.
  path: Assets/Violet Theme Ui/White Icons/White Energy 2.png
  artifactKey: Guid(2b5a9e4933cf124429a39d0ad5a3c2da) Importer(2089858483,0ecaa5967403d082aa24f35e1b516d23)
Start importing Assets/Violet Theme Ui/White Icons/White Energy 2.png using Guid(2b5a9e4933cf124429a39d0ad5a3c2da) Importer(2089858483,0ecaa5967403d082aa24f35e1b516d23) [PhysX] Initialized MultithreadedTaskDispatcher with 20 workers.
 -> (artifact id: 'ad023d07d4f678f615901f0c1518010c') in 0.008228 seconds
Number of updated asset objects reloaded before import = 0
Number of asset objects unloaded after import = 3
========================================================================
Received Import Request.
  Time since last request: 0.000016 seconds.
  path: Assets/Violet Theme Ui/White Icons/White Telecom.png
  artifactKey: Guid(c033b51e4377ff4458b4a84db08c1d82) Importer(2089858483,0ecaa5967403d082aa24f35e1b516d23)
Start importing Assets/Violet Theme Ui/White Icons/White Telecom.png using Guid(c033b51e4377ff4458b4a84db08c1d82) Importer(2089858483,0ecaa5967403d082aa24f35e1b516d23) [PhysX] Initialized MultithreadedTaskDispatcher with 20 workers.
 -> (artifact id: '00c6bd49d44c1477ac1d31c75a558bff') in 0.009452 seconds
Number of updated asset objects reloaded before import = 0
Number of asset objects unloaded after import = 3
========================================================================
Received Import Request.
  Time since last request: 0.001362 seconds.
  path: Assets/Violet Theme Ui/Toggles/Toggle Fill Orange.png
  artifactKey: Guid(b13761cdab549c14f86ee1256f9a8d2d) Importer(2089858483,0ecaa5967403d082aa24f35e1b516d23)
Start importing Assets/Violet Theme Ui/Toggles/Toggle Fill Orange.png using Guid(b13761cdab549c14f86ee1256f9a8d2d) Importer(2089858483,0ecaa5967403d082aa24f35e1b516d23) [PhysX] Initialized MultithreadedTaskDispatcher with 20 workers.
 -> (artifact id: '6728932a468c9485e3f3963eb4736e20') in 0.007921 seconds
Number of updated asset objects reloaded before import = 0
Number of asset objects unloaded after import = 3
========================================================================
Received Import Request.
  Time since last request: 0.000017 seconds.
  path: Assets/Violet Theme Ui/White Icons/White Speed Boost.png
  artifactKey: Guid(ddfd377d8ac37ba42bae81d835ec4a37) Importer(2089858483,0ecaa5967403d082aa24f35e1b516d23)
Start importing Assets/Violet Theme Ui/White Icons/White Speed Boost.png using Guid(ddfd377d8ac37ba42bae81d835ec4a37) Importer(2089858483,0ecaa5967403d082aa24f35e1b516d23) [PhysX] Initialized MultithreadedTaskDispatcher with 20 workers.
 -> (artifact id: 'e0bf46385a4c6319c40b20476ff7bbfd') in 0.016279 seconds
Number of updated asset objects reloaded before import = 0
Number of asset objects unloaded after import = 11
========================================================================
Received Import Request.
  Time since last request: 0.000018 seconds.
  path: Assets/Violet Theme Ui/Panels/White Panel Style 2 Pink.png
  artifactKey: Guid(2c39a557c7779ae42950c7dd2918d6de) Importer(2089858483,0ecaa5967403d082aa24f35e1b516d23)
Start importing Assets/Violet Theme Ui/Panels/White Panel Style 2 Pink.png using Guid(2c39a557c7779ae42950c7dd2918d6de) Importer(2089858483,0ecaa5967403d082aa24f35e1b516d23) [PhysX] Initialized MultithreadedTaskDispatcher with 20 workers.
 -> (artifact id: '0f5264117dbfd1e540e123a2522a9ac7') in 0.012314 seconds
Number of updated asset objects reloaded before import = 0
Number of asset objects unloaded after import = 3
========================================================================
Received Import Request.
  Time since last request: 0.000021 seconds.
  path: Assets/Violet Theme Ui/White Icons/White Site On.png
  artifactKey: Guid(b91b68e88242f584d937d37a18407e46) Importer(2089858483,0ecaa5967403d082aa24f35e1b516d23)
Start importing Assets/Violet Theme Ui/White Icons/White Site On.png using Guid(b91b68e88242f584d937d37a18407e46) Importer(2089858483,0ecaa5967403d082aa24f35e1b516d23) [PhysX] Initialized MultithreadedTaskDispatcher with 20 workers.
 -> (artifact id: '30da5cb511e8aadcb4fb03bbf7c8eb5d') in 0.008432 seconds
Number of updated asset objects reloaded before import = 0
Number of asset objects unloaded after import = 3
========================================================================
Received Import Request.
  Time since last request: 0.000018 seconds.
  path: Assets/Violet Theme Ui/White Icons/White Symbol 8.png
  artifactKey: Guid(51b9c4c1c517f944fabebba5dfd79266) Importer(2089858483,0ecaa5967403d082aa24f35e1b516d23)
Start importing Assets/Violet Theme Ui/White Icons/White Symbol 8.png using Guid(51b9c4c1c517f944fabebba5dfd79266) Importer(2089858483,0ecaa5967403d082aa24f35e1b516d23) [PhysX] Initialized MultithreadedTaskDispatcher with 20 workers.
 -> (artifact id: 'a127bd6f461d004a6ce470f488bef94f') in 0.010372 seconds
Number of updated asset objects reloaded before import = 0
Number of asset objects unloaded after import = 3
========================================================================
Received Import Request.
  Time since last request: 0.000014 seconds.
  path: Assets/Violet Theme Ui/Colored Icons/Silver Key.png
  artifactKey: Guid(470da63d7c6afa64db7287d30ce49c90) Importer(2089858483,0ecaa5967403d082aa24f35e1b516d23)
Start importing Assets/Violet Theme Ui/Colored Icons/Silver Key.png using Guid(470da63d7c6afa64db7287d30ce49c90) Importer(2089858483,0ecaa5967403d082aa24f35e1b516d23) [PhysX] Initialized MultithreadedTaskDispatcher with 20 workers.
 -> (artifact id: '4f717b4db6aa2193e9c6dec211ab0d45') in 0.007880 seconds
Number of updated asset objects reloaded before import = 0
Number of asset objects unloaded after import = 3
========================================================================
Received Import Request.
  Time since last request: 0.000015 seconds.
  path: Assets/Violet Theme Ui/White Icons/White Potion 1.png
  artifactKey: Guid(0f4822a250166e94aaf8a8daaaa7c170) Importer(2089858483,0ecaa5967403d082aa24f35e1b516d23)
Start importing Assets/Violet Theme Ui/White Icons/White Potion 1.png using Guid(0f4822a250166e94aaf8a8daaaa7c170) Importer(2089858483,0ecaa5967403d082aa24f35e1b516d23) [PhysX] Initialized MultithreadedTaskDispatcher with 20 workers.
 -> (artifact id: 'be41df4fc51c421fe7fa14be01f03bb0') in 0.010303 seconds
Number of updated asset objects reloaded before import = 0
Number of asset objects unloaded after import = 4
========================================================================
Received Import Request.
  Time since last request: 0.000015 seconds.
  path: Assets/Violet Theme Ui/White Icons/White Cross.png
  artifactKey: Guid(a292199eee9f1e54bb7060b491996fbe) Importer(2089858483,0ecaa5967403d082aa24f35e1b516d23)
Start importing Assets/Violet Theme Ui/White Icons/White Cross.png using Guid(a292199eee9f1e54bb7060b491996fbe) Importer(2089858483,0ecaa5967403d082aa24f35e1b516d23) [PhysX] Initialized MultithreadedTaskDispatcher with 20 workers.
 -> (artifact id: 'd87d4f68765d2ee36dd034026389c1e1') in 0.009830 seconds
Number of updated asset objects reloaded before import = 0
Number of asset objects unloaded after import = 3
========================================================================
Received Import Request.
  Time since last request: 0.000016 seconds.
  path: Assets/Violet Theme Ui/Progress Bars/Progress Bar Pink.png
  artifactKey: Guid(bc5c9842ed20fb14eab8fca166a60f01) Importer(2089858483,0ecaa5967403d082aa24f35e1b516d23)
Start importing Assets/Violet Theme Ui/Progress Bars/Progress Bar Pink.png using Guid(bc5c9842ed20fb14eab8fca166a60f01) Importer(2089858483,0ecaa5967403d082aa24f35e1b516d23) [PhysX] Initialized MultithreadedTaskDispatcher with 20 workers.
 -> (artifact id: '3afdcb9b1db74c1a342250d4892242a9') in 0.007788 seconds
Number of updated asset objects reloaded before import = 0
Number of asset objects unloaded after import = 3
========================================================================
Received Import Request.
  Time since last request: 0.000015 seconds.
  path: Assets/Violet Theme Ui/Colored Icons/Badge.png
  artifactKey: Guid(55b1b7c646982a049b43cadc6fe191fa) Importer(2089858483,0ecaa5967403d082aa24f35e1b516d23)
Start importing Assets/Violet Theme Ui/Colored Icons/Badge.png using Guid(55b1b7c646982a049b43cadc6fe191fa) Importer(2089858483,0ecaa5967403d082aa24f35e1b516d23) [PhysX] Initialized MultithreadedTaskDispatcher with 20 workers.
 -> (artifact id: '2f3cffd25a84639e803156d214b73a5c') in 0.009281 seconds
Number of updated asset objects reloaded before import = 0
Number of asset objects unloaded after import = 3
========================================================================
Received Import Request.
  Time since last request: 0.000015 seconds.
  path: Assets/Violet Theme Ui/White Icons/White Power Button.png
  artifactKey: Guid(e3f607666c913c045844df458b85726a) Importer(2089858483,0ecaa5967403d082aa24f35e1b516d23)
Start importing Assets/Violet Theme Ui/White Icons/White Power Button.png using Guid(e3f607666c913c045844df458b85726a) Importer(2089858483,0ecaa5967403d082aa24f35e1b516d23) [PhysX] Initialized MultithreadedTaskDispatcher with 20 workers.
 -> (artifact id: 'e955222720b0472e9aa08b9093736b93') in 0.009417 seconds
Number of updated asset objects reloaded before import = 0
Number of asset objects unloaded after import = 4
========================================================================
Received Import Request.
  Time since last request: 0.000041 seconds.
  path: Assets/Violet Theme Ui/White Icons/White Fire.png
  artifactKey: Guid(8b75ff1a4e6dd3b4d97bd28dc17ff4b9) Importer(2089858483,0ecaa5967403d082aa24f35e1b516d23)
Start importing Assets/Violet Theme Ui/White Icons/White Fire.png using Guid(8b75ff1a4e6dd3b4d97bd28dc17ff4b9) Importer(2089858483,0ecaa5967403d082aa24f35e1b516d23) [PhysX] Initialized MultithreadedTaskDispatcher with 20 workers.
 -> (artifact id: 'b0d14cbd1b97d14a3bb7a8c69bd0751e') in 0.009384 seconds
Number of updated asset objects reloaded before import = 0
Number of asset objects unloaded after import = 3
========================================================================
Received Import Request.
  Time since last request: 0.000016 seconds.
  path: Assets/Violet Theme Ui/Colored Icons/Box.png
  artifactKey: Guid(45ab094653c66ba40a2ca337adf32ff4) Importer(2089858483,0ecaa5967403d082aa24f35e1b516d23)
Start importing Assets/Violet Theme Ui/Colored Icons/Box.png using Guid(45ab094653c66ba40a2ca337adf32ff4) Importer(2089858483,0ecaa5967403d082aa24f35e1b516d23) [PhysX] Initialized MultithreadedTaskDispatcher with 20 workers.
 -> (artifact id: '217633bcf22d5a997ad0588cf389e320') in 0.007739 seconds
Number of updated asset objects reloaded before import = 0
Number of asset objects unloaded after import = 3
========================================================================
Received Import Request.
  Time since last request: 0.000018 seconds.
  path: Assets/Violet Theme Ui/White Icons/White Arrow.png
  artifactKey: Guid(c50ddbba5ed77344c947c12c3e69d01d) Importer(2089858483,0ecaa5967403d082aa24f35e1b516d23)
Start importing Assets/Violet Theme Ui/White Icons/White Arrow.png using Guid(c50ddbba5ed77344c947c12c3e69d01d) Importer(2089858483,0ecaa5967403d082aa24f35e1b516d23) [PhysX] Initialized MultithreadedTaskDispatcher with 20 workers.
 -> (artifact id: '95d5c00999fffe40e225b03fa1b4ee6b') in 0.011831 seconds
Number of updated asset objects reloaded before import = 0
Number of asset objects unloaded after import = 4
========================================================================
Received Import Request.
  Time since last request: 0.000016 seconds.
  path: Assets/Violet Theme Ui/Sliders/Fill Orange.png
  artifactKey: Guid(e48c6d8deee79854582bcfa4c7f93d4b) Importer(2089858483,0ecaa5967403d082aa24f35e1b516d23)
Start importing Assets/Violet Theme Ui/Sliders/Fill Orange.png using Guid(e48c6d8deee79854582bcfa4c7f93d4b) Importer(2089858483,0ecaa5967403d082aa24f35e1b516d23) [PhysX] Initialized MultithreadedTaskDispatcher with 20 workers.
 -> (artifact id: '45557a0bd1adcdc7a47d300cf4af9879') in 0.008357 seconds
Number of updated asset objects reloaded before import = 0
Number of asset objects unloaded after import = 3
========================================================================
Received Import Request.
  Time since last request: 0.000017 seconds.
  path: Assets/Violet Theme Ui/White Icons/White Plug.png
  artifactKey: Guid(91e58547bbd294447bccbda4fe308456) Importer(2089858483,0ecaa5967403d082aa24f35e1b516d23)
Start importing Assets/Violet Theme Ui/White Icons/White Plug.png using Guid(91e58547bbd294447bccbda4fe308456) Importer(2089858483,0ecaa5967403d082aa24f35e1b516d23) [PhysX] Initialized MultithreadedTaskDispatcher with 20 workers.
 -> (artifact id: 'c5b48b6c2ec8ff7de6ea0e574b2d7797') in 0.010040 seconds
Number of updated asset objects reloaded before import = 0
Number of asset objects unloaded after import = 6
========================================================================
Received Import Request.
  Time since last request: 0.000017 seconds.
  path: Assets/Violet Theme Ui/Prefab/Slider/Slider Orange.prefab
  artifactKey: Guid(a0bca8fd3c9bb4c408992de10444b701) Importer(2089858483,0ecaa5967403d082aa24f35e1b516d23)
Start importing Assets/Violet Theme Ui/Prefab/Slider/Slider Orange.prefab using Guid(a0bca8fd3c9bb4c408992de10444b701) Importer(2089858483,0ecaa5967403d082aa24f35e1b516d23) [PhysX] Initialized MultithreadedTaskDispatcher with 20 workers.
 -> (artifact id: 'ac9e518149ecc5d12708bec6c608d047') in 0.011981 seconds
Number of updated asset objects reloaded before import = 0
Number of asset objects unloaded after import = 24
========================================================================
Received Import Request.
  Time since last request: 0.000015 seconds.
  path: Assets/Violet Theme Ui/White Icons/White Right.png
  artifactKey: Guid(aa74ae4519ce50f408e46eb517d1ce34) Importer(2089858483,0ecaa5967403d082aa24f35e1b516d23)
Start importing Assets/Violet Theme Ui/White Icons/White Right.png using Guid(aa74ae4519ce50f408e46eb517d1ce34) Importer(2089858483,0ecaa5967403d082aa24f35e1b516d23) [PhysX] Initialized MultithreadedTaskDispatcher with 20 workers.
 -> (artifact id: '6ec7044aa577079eeaad2b37207d8799') in 0.008052 seconds
Number of updated asset objects reloaded before import = 0
Number of asset objects unloaded after import = 3
========================================================================
Received Import Request.
  Time since last request: 0.000020 seconds.
  path: Assets/Violet Theme Ui/Colored Icons/Coin.png
  artifactKey: Guid(93978dcbff65c754c82f146ed36c1c45) Importer(2089858483,0ecaa5967403d082aa24f35e1b516d23)
Start importing Assets/Violet Theme Ui/Colored Icons/Coin.png using Guid(93978dcbff65c754c82f146ed36c1c45) Importer(2089858483,0ecaa5967403d082aa24f35e1b516d23) [PhysX] Initialized MultithreadedTaskDispatcher with 20 workers.
 -> (artifact id: '136f18790c6a058050ddf8261a531237') in 0.009319 seconds
Number of updated asset objects reloaded before import = 0
Number of asset objects unloaded after import = 3
========================================================================
Received Import Request.
  Time since last request: 0.000018 seconds.
  path: Assets/Violet Theme Ui/White Icons/White Click.png
  artifactKey: Guid(2f4af7272a8a2d84e9c9495b43d4b057) Importer(2089858483,0ecaa5967403d082aa24f35e1b516d23)
Start importing Assets/Violet Theme Ui/White Icons/White Click.png using Guid(2f4af7272a8a2d84e9c9495b43d4b057) Importer(2089858483,0ecaa5967403d082aa24f35e1b516d23) [PhysX] Initialized MultithreadedTaskDispatcher with 20 workers.
 -> (artifact id: '38958ad6bba48606ab96c0eb917ad7cf') in 0.008288 seconds
Number of updated asset objects reloaded before import = 0
Number of asset objects unloaded after import = 3
========================================================================
Received Import Request.
  Time since last request: 0.000017 seconds.
  path: Assets/Violet Theme Ui/Buttons/Misc
  artifactKey: Guid(426b3985b700cae4e9a12ac6fb00ffd3) Importer(2089858483,0ecaa5967403d082aa24f35e1b516d23)
Start importing Assets/Violet Theme Ui/Buttons/Misc using Guid(426b3985b700cae4e9a12ac6fb00ffd3) Importer(2089858483,0ecaa5967403d082aa24f35e1b516d23) [PhysX] Initialized MultithreadedTaskDispatcher with 20 workers.
 -> (artifact id: '34d99407af10c0fd8136851f0a84d468') in 0.002471 seconds
Number of updated asset objects reloaded before import = 0
Number of asset objects unloaded after import = 1
========================================================================
Received Import Request.
  Time since last request: 0.000023 seconds.
  path: Assets/Violet Theme Ui/Panels/White Panel Style 2 Yellow.png
  artifactKey: Guid(5e96e999e9b00ad47b822255c5a34ab5) Importer(2089858483,0ecaa5967403d082aa24f35e1b516d23)
Start importing Assets/Violet Theme Ui/Panels/White Panel Style 2 Yellow.png using Guid(5e96e999e9b00ad47b822255c5a34ab5) Importer(2089858483,0ecaa5967403d082aa24f35e1b516d23) [PhysX] Initialized MultithreadedTaskDispatcher with 20 workers.
 -> (artifact id: '3ecc4039e0190d2ecc39043780a05eb9') in 0.011243 seconds
Number of updated asset objects reloaded before import = 0
Number of asset objects unloaded after import = 3
========================================================================
Received Import Request.
  Time since last request: 0.000018 seconds.
  path: Assets/Violet Theme Ui/White Icons/White Pie Chart.png
  artifactKey: Guid(4497de8dd60b8d34590420388e9d35c1) Importer(2089858483,0ecaa5967403d082aa24f35e1b516d23)
Start importing Assets/Violet Theme Ui/White Icons/White Pie Chart.png using Guid(4497de8dd60b8d34590420388e9d35c1) Importer(2089858483,0ecaa5967403d082aa24f35e1b516d23) [PhysX] Initialized MultithreadedTaskDispatcher with 20 workers.
 -> (artifact id: '1a897e7412f2217f42e27beb94a9eec4') in 0.009510 seconds
Number of updated asset objects reloaded before import = 0
Number of asset objects unloaded after import = 5
========================================================================
Received Import Request.
  Time since last request: 0.000015 seconds.
  path: Assets/Violet Theme Ui/White Icons/White Smiley.png
  artifactKey: Guid(90739a27925bee2468e4a7d50c6dfea7) Importer(2089858483,0ecaa5967403d082aa24f35e1b516d23)
Start importing Assets/Violet Theme Ui/White Icons/White Smiley.png using Guid(90739a27925bee2468e4a7d50c6dfea7) Importer(2089858483,0ecaa5967403d082aa24f35e1b516d23) [PhysX] Initialized MultithreadedTaskDispatcher with 20 workers.
 -> (artifact id: '4acfe139a1a926350216023ac2c93cf7') in 0.009820 seconds
Number of updated asset objects reloaded before import = 0
Number of asset objects unloaded after import = 3
========================================================================
Received Import Request.
  Time since last request: 0.000015 seconds.
  path: Assets/Violet Theme Ui/White Icons/White Hour Glass.png
  artifactKey: Guid(e5c15330b713be442b72f8974adc8030) Importer(2089858483,0ecaa5967403d082aa24f35e1b516d23)
Start importing Assets/Violet Theme Ui/White Icons/White Hour Glass.png using Guid(e5c15330b713be442b72f8974adc8030) Importer(2089858483,0ecaa5967403d082aa24f35e1b516d23) [PhysX] Initialized MultithreadedTaskDispatcher with 20 workers.
 -> (artifact id: '3479da576cfb5d34a193ed10618ab160') in 0.007560 seconds
Number of updated asset objects reloaded before import = 0
Number of asset objects unloaded after import = 3
========================================================================
Received Import Request.
  Time since last request: 0.000017 seconds.
  path: Assets/Violet Theme Ui/Colored Icons/Left.png
  artifactKey: Guid(a4a40bf300cd09d429fda74afa457a03) Importer(2089858483,0ecaa5967403d082aa24f35e1b516d23)
Start importing Assets/Violet Theme Ui/Colored Icons/Left.png using Guid(a4a40bf300cd09d429fda74afa457a03) Importer(2089858483,0ecaa5967403d082aa24f35e1b516d23) [PhysX] Initialized MultithreadedTaskDispatcher with 20 workers.
 -> (artifact id: 'e68f6d5c5bdcb34e3b80b74f3ef6ee71') in 0.007941 seconds
Number of updated asset objects reloaded before import = 0
Number of asset objects unloaded after import = 3
========================================================================
Received Import Request.
  Time since last request: 0.000018 seconds.
  path: Assets/Violet Theme Ui/White Icons/White Symbol 12.png
  artifactKey: Guid(164a64e069075124a876bd4ec21b7ce3) Importer(2089858483,0ecaa5967403d082aa24f35e1b516d23)
Start importing Assets/Violet Theme Ui/White Icons/White Symbol 12.png using Guid(164a64e069075124a876bd4ec21b7ce3) Importer(2089858483,0ecaa5967403d082aa24f35e1b516d23) [PhysX] Initialized MultithreadedTaskDispatcher with 20 workers.
 -> (artifact id: 'ae299db0c6fecfd10482d887a2b8afa5') in 0.010969 seconds
Number of updated asset objects reloaded before import = 0
Number of asset objects unloaded after import = 5
========================================================================
Received Import Request.
  Time since last request: 0.000018 seconds.
  path: Assets/Violet Theme Ui/Sliders/Fill.afdesign
  artifactKey: Guid(e8c26f2fda532d7479c2774cd7d71cba) Importer(2089858483,0ecaa5967403d082aa24f35e1b516d23)
Start importing Assets/Violet Theme Ui/Sliders/Fill.afdesign using Guid(e8c26f2fda532d7479c2774cd7d71cba) Importer(2089858483,0ecaa5967403d082aa24f35e1b516d23) [PhysX] Initialized MultithreadedTaskDispatcher with 20 workers.
 -> (artifact id: 'd8fdf10c03e518200d6bfbdcfe5d4bde') in 0.002714 seconds
Number of updated asset objects reloaded before import = 0
Number of asset objects unloaded after import = 1
========================================================================
Received Import Request.
  Time since last request: 0.000015 seconds.
  path: Assets/Violet Theme Ui/Panels/Dark Panel Yellow.png
  artifactKey: Guid(5f9fbceed0b35d2428c55a800ea8b1c1) Importer(2089858483,0ecaa5967403d082aa24f35e1b516d23)
Start importing Assets/Violet Theme Ui/Panels/Dark Panel Yellow.png using Guid(5f9fbceed0b35d2428c55a800ea8b1c1) Importer(2089858483,0ecaa5967403d082aa24f35e1b516d23) [PhysX] Initialized MultithreadedTaskDispatcher with 20 workers.
 -> (artifact id: '1f18d8eba18349070da3d707f610f938') in 0.009480 seconds
Number of updated asset objects reloaded before import = 0
Number of asset objects unloaded after import = 3
========================================================================
Received Import Request.
  Time since last request: 0.000056 seconds.
  path: Assets/Violet Theme Ui/White Icons/White Heart 2.png
  artifactKey: Guid(b5e34f6268db04041b08aa1fbb9b4e4f) Importer(2089858483,0ecaa5967403d082aa24f35e1b516d23)
Start importing Assets/Violet Theme Ui/White Icons/White Heart 2.png using Guid(b5e34f6268db04041b08aa1fbb9b4e4f) Importer(2089858483,0ecaa5967403d082aa24f35e1b516d23) [PhysX] Initialized MultithreadedTaskDispatcher with 20 workers.
 -> (artifact id: 'cf3dc0292cce2b469fd19ede145aff93') in 0.011843 seconds
Number of updated asset objects reloaded before import = 0
Number of asset objects unloaded after import = 4
========================================================================
Received Import Request.
  Time since last request: 0.000016 seconds.
  path: Assets/Violet Theme Ui/GemsAndCoins/Coin Sack.png
  artifactKey: Guid(f02467aee785ccf49a986c09192b2bee) Importer(2089858483,0ecaa5967403d082aa24f35e1b516d23)
Start importing Assets/Violet Theme Ui/GemsAndCoins/Coin Sack.png using Guid(f02467aee785ccf49a986c09192b2bee) Importer(2089858483,0ecaa5967403d082aa24f35e1b516d23) [PhysX] Initialized MultithreadedTaskDispatcher with 20 workers.
 -> (artifact id: 'd1ffe35f20da55db492a57a422f49d2c') in 0.010415 seconds
Number of updated asset objects reloaded before import = 0
Number of asset objects unloaded after import = 3
========================================================================
Received Import Request.
  Time since last request: 0.000016 seconds.
  path: Assets/Violet Theme Ui/Toggles/Toggle Fill Purple.png
  artifactKey: Guid(7f0d7499939e3d4468c39fe0d61db66d) Importer(2089858483,0ecaa5967403d082aa24f35e1b516d23)
Start importing Assets/Violet Theme Ui/Toggles/Toggle Fill Purple.png using Guid(7f0d7499939e3d4468c39fe0d61db66d) Importer(2089858483,0ecaa5967403d082aa24f35e1b516d23) [PhysX] Initialized MultithreadedTaskDispatcher with 20 workers.
 -> (artifact id: '06adb237dff52afe077a9ed17b137003') in 0.008411 seconds
Number of updated asset objects reloaded before import = 0
Number of asset objects unloaded after import = 3
========================================================================
Received Import Request.
  Time since last request: 0.000024 seconds.
  path: Assets/Violet Theme Ui/Sliders/Handle Purple.png
  artifactKey: Guid(404ffb4f6589b7d438379276024b6f39) Importer(2089858483,0ecaa5967403d082aa24f35e1b516d23)
Start importing Assets/Violet Theme Ui/Sliders/Handle Purple.png using Guid(404ffb4f6589b7d438379276024b6f39) Importer(2089858483,0ecaa5967403d082aa24f35e1b516d23) [PhysX] Initialized MultithreadedTaskDispatcher with 20 workers.
 -> (artifact id: '6187cbe794ade6edd00355644dabb19f') in 0.009214 seconds
Number of updated asset objects reloaded before import = 0
Number of asset objects unloaded after import = 3
========================================================================
Received Import Request.
  Time since last request: 0.000017 seconds.
  path: Assets/Violet Theme Ui/White Icons/White Symbol 11.png
  artifactKey: Guid(37256ad7d37e4ae46a102315b3144ef6) Importer(2089858483,0ecaa5967403d082aa24f35e1b516d23)
Start importing Assets/Violet Theme Ui/White Icons/White Symbol 11.png using Guid(37256ad7d37e4ae46a102315b3144ef6) Importer(2089858483,0ecaa5967403d082aa24f35e1b516d23) [PhysX] Initialized MultithreadedTaskDispatcher with 20 workers.
 -> (artifact id: '52a8088b7101a64a64fa113ff94ed80a') in 0.009413 seconds
Number of updated asset objects reloaded before import = 0
Number of asset objects unloaded after import = 5
========================================================================
Received Import Request.
  Time since last request: 0.000018 seconds.
  path: Assets/Violet Theme Ui/Prefab/Progress Bar/Progress Bar Blue.prefab
  artifactKey: Guid(9f8c40ddd0f34914e8c5884d93ea8f3f) Importer(2089858483,0ecaa5967403d082aa24f35e1b516d23)
Start importing Assets/Violet Theme Ui/Prefab/Progress Bar/Progress Bar Blue.prefab using Guid(9f8c40ddd0f34914e8c5884d93ea8f3f) Importer(2089858483,0ecaa5967403d082aa24f35e1b516d23) [PhysX] Initialized MultithreadedTaskDispatcher with 20 workers.
 -> (artifact id: '5db48bb9aeee559685b9549931e6b467') in 0.009499 seconds
Number of updated asset objects reloaded before import = 0
Number of asset objects unloaded after import = 17
========================================================================
Received Import Request.
  Time since last request: 0.000017 seconds.
  path: Assets/Violet Theme Ui/Prefab/Slider
  artifactKey: Guid(9f216373231ebd34a9460539472ddea5) Importer(2089858483,0ecaa5967403d082aa24f35e1b516d23)
Start importing Assets/Violet Theme Ui/Prefab/Slider using Guid(9f216373231ebd34a9460539472ddea5) Importer(2089858483,0ecaa5967403d082aa24f35e1b516d23) [PhysX] Initialized MultithreadedTaskDispatcher with 20 workers.
 -> (artifact id: '914548d57c50d8715c5d13335e44d0d9') in 0.002916 seconds
Number of updated asset objects reloaded before import = 0
Number of asset objects unloaded after import = 1
========================================================================
Received Import Request.
  Time since last request: 0.000018 seconds.
  path: Assets/Violet Theme Ui/Prefab/Lose.prefab
  artifactKey: Guid(327f63f425052ef458234d4dfd653648) Importer(2089858483,0ecaa5967403d082aa24f35e1b516d23)
Start importing Assets/Violet Theme Ui/Prefab/Lose.prefab using Guid(327f63f425052ef458234d4dfd653648) Importer(2089858483,0ecaa5967403d082aa24f35e1b516d23) [PhysX] Initialized MultithreadedTaskDispatcher with 20 workers.
 -> (artifact id: '6faaabf9f5775fa765f713991c4aeee0') in 0.006386 seconds
Number of updated asset objects reloaded before import = 0
Number of asset objects unloaded after import = 50
========================================================================
Received Import Request.
  Time since last request: 0.000017 seconds.
  path: Assets/Violet Theme Ui/White Icons/White Plus.png
  artifactKey: Guid(374ff4fc6c97e7844ad6fb1abf9653ce) Importer(2089858483,0ecaa5967403d082aa24f35e1b516d23)
Start importing Assets/Violet Theme Ui/White Icons/White Plus.png using Guid(374ff4fc6c97e7844ad6fb1abf9653ce) Importer(2089858483,0ecaa5967403d082aa24f35e1b516d23) [PhysX] Initialized MultithreadedTaskDispatcher with 20 workers.
 -> (artifact id: '200c669919a8968e563c5bf11888b45d') in 0.009552 seconds
Number of updated asset objects reloaded before import = 0
Number of asset objects unloaded after import = 3
========================================================================
Received Import Request.
  Time since last request: 0.000023 seconds.
  path: Assets/Violet Theme Ui/White Icons/White Queen.png
  artifactKey: Guid(e37d5fd01420f654a8b821953b2d053b) Importer(2089858483,0ecaa5967403d082aa24f35e1b516d23)
Start importing Assets/Violet Theme Ui/White Icons/White Queen.png using Guid(e37d5fd01420f654a8b821953b2d053b) Importer(2089858483,0ecaa5967403d082aa24f35e1b516d23) [PhysX] Initialized MultithreadedTaskDispatcher with 20 workers.
 -> (artifact id: '6f8e4daaabf1260acc76425ce3779180') in 0.009173 seconds
Number of updated asset objects reloaded before import = 0
Number of asset objects unloaded after import = 5
========================================================================
Received Import Request.
  Time since last request: 0.000019 seconds.
  path: Assets/Violet Theme Ui/Switch/Switch On Pink.png
  artifactKey: Guid(fa6fe729201641442a4095cf28f9019a) Importer(2089858483,0ecaa5967403d082aa24f35e1b516d23)
Start importing Assets/Violet Theme Ui/Switch/Switch On Pink.png using Guid(fa6fe729201641442a4095cf28f9019a) Importer(2089858483,0ecaa5967403d082aa24f35e1b516d23) [PhysX] Initialized MultithreadedTaskDispatcher with 20 workers.
 -> (artifact id: '44f448ccf0f796dff1fb38895f757d3c') in 0.008680 seconds
Number of updated asset objects reloaded before import = 0
Number of asset objects unloaded after import = 3
========================================================================
Received Import Request.
  Time since last request: 0.000013 seconds.
  path: Assets/Violet Theme Ui/White Icons/White Calendar 1.png
  artifactKey: Guid(ab407958ffd2d24488672753a7f7fb93) Importer(2089858483,0ecaa5967403d082aa24f35e1b516d23)
Start importing Assets/Violet Theme Ui/White Icons/White Calendar 1.png using Guid(ab407958ffd2d24488672753a7f7fb93) Importer(2089858483,0ecaa5967403d082aa24f35e1b516d23) [PhysX] Initialized MultithreadedTaskDispatcher with 20 workers.
 -> (artifact id: 'ce7e5fa511ff591fa10ffc7ca2ba7753') in 0.008880 seconds
Number of updated asset objects reloaded before import = 0
Number of asset objects unloaded after import = 4
========================================================================
Received Import Request.
  Time since last request: 0.000018 seconds.
  path: Assets/Violet Theme Ui/Colored Icons/Icon.afdesign
  artifactKey: Guid(96b0b64cd3698c949b94c35616070528) Importer(2089858483,0ecaa5967403d082aa24f35e1b516d23)
Start importing Assets/Violet Theme Ui/Colored Icons/Icon.afdesign using Guid(96b0b64cd3698c949b94c35616070528) Importer(2089858483,0ecaa5967403d082aa24f35e1b516d23) [PhysX] Initialized MultithreadedTaskDispatcher with 20 workers.
 -> (artifact id: '521c964e542ebf127a2fbef09006a9ae') in 0.004792 seconds
Number of updated asset objects reloaded before import = 0
Number of asset objects unloaded after import = 1
========================================================================
Received Import Request.
  Time since last request: 0.000023 seconds.
  path: Assets/Violet Theme Ui/White Icons/White Symbol 21.png
  artifactKey: Guid(2e6df814af40e2945b8e3ea9c9bb5115) Importer(2089858483,0ecaa5967403d082aa24f35e1b516d23)
Start importing Assets/Violet Theme Ui/White Icons/White Symbol 21.png using Guid(2e6df814af40e2945b8e3ea9c9bb5115) Importer(2089858483,0ecaa5967403d082aa24f35e1b516d23) [PhysX] Initialized MultithreadedTaskDispatcher with 20 workers.
 -> (artifact id: '7d3f9ea17cfdfe5642b8f44283c5479b') in 0.011479 seconds
Number of updated asset objects reloaded before import = 0
Number of asset objects unloaded after import = 3
========================================================================
Received Import Request.
  Time since last request: 0.000019 seconds.
  path: Assets/Violet Theme Ui/Prefab/Slider/Slider Red.prefab
  artifactKey: Guid(5f3839588e246c24496f3c58d09695d2) Importer(2089858483,0ecaa5967403d082aa24f35e1b516d23)
Start importing Assets/Violet Theme Ui/Prefab/Slider/Slider Red.prefab using Guid(5f3839588e246c24496f3c58d09695d2) Importer(2089858483,0ecaa5967403d082aa24f35e1b516d23) [PhysX] Initialized MultithreadedTaskDispatcher with 20 workers.
 -> (artifact id: 'd2812fb9d83e7c146d5e3ba7d072d05a') in 0.007969 seconds
Number of updated asset objects reloaded before import = 0
Number of asset objects unloaded after import = 24
========================================================================
Received Import Request.
  Time since last request: 0.000022 seconds.
  path: Assets/Violet Theme Ui/White Icons/PowerUp1.png
  artifactKey: Guid(12c7ee7a153b80e459933263e2a26be6) Importer(2089858483,0ecaa5967403d082aa24f35e1b516d23)
Start importing Assets/Violet Theme Ui/White Icons/PowerUp1.png using Guid(12c7ee7a153b80e459933263e2a26be6) Importer(2089858483,0ecaa5967403d082aa24f35e1b516d23) [PhysX] Initialized MultithreadedTaskDispatcher with 20 workers.
 -> (artifact id: '86cd9d9ef34a4230f056777ecffa7e77') in 0.009808 seconds
Number of updated asset objects reloaded before import = 0
Number of asset objects unloaded after import = 3
========================================================================
Received Import Request.
  Time since last request: 0.000016 seconds.
  path: Assets/Violet Theme Ui/Colored Icons
  artifactKey: Guid(cc67f465aa5df334bad97ec7002559f2) Importer(2089858483,0ecaa5967403d082aa24f35e1b516d23)
Start importing Assets/Violet Theme Ui/Colored Icons using Guid(cc67f465aa5df334bad97ec7002559f2) Importer(2089858483,0ecaa5967403d082aa24f35e1b516d23) [PhysX] Initialized MultithreadedTaskDispatcher with 20 workers.
 -> (artifact id: '9e580b8f6436e4c27f17e92390c4053c') in 0.002913 seconds
Number of updated asset objects reloaded before import = 0
Number of asset objects unloaded after import = 1
========================================================================
Received Import Request.
  Time since last request: 0.000019 seconds.
  path: Assets/Violet Theme Ui/Colored Icons/Rank.png
  artifactKey: Guid(35ada85acb95b7941aab7c68c4e1dcec) Importer(2089858483,0ecaa5967403d082aa24f35e1b516d23)
Start importing Assets/Violet Theme Ui/Colored Icons/Rank.png using Guid(35ada85acb95b7941aab7c68c4e1dcec) Importer(2089858483,0ecaa5967403d082aa24f35e1b516d23) [PhysX] Initialized MultithreadedTaskDispatcher with 20 workers.
 -> (artifact id: 'c72c96aa39b0292319b8dfccaded1466') in 0.007776 seconds
Number of updated asset objects reloaded before import = 0
Number of asset objects unloaded after import = 3
========================================================================
Received Import Request.
  Time since last request: 0.000017 seconds.
  path: Assets/Violet Theme Ui/White Icons/White Media Folder.png
  artifactKey: Guid(bf78ce1422e4ea34e836ecc1fee84291) Importer(2089858483,0ecaa5967403d082aa24f35e1b516d23)
Start importing Assets/Violet Theme Ui/White Icons/White Media Folder.png using Guid(bf78ce1422e4ea34e836ecc1fee84291) Importer(2089858483,0ecaa5967403d082aa24f35e1b516d23) [PhysX] Initialized MultithreadedTaskDispatcher with 20 workers.
 -> (artifact id: 'a86433278a346228698ba3e35e3b9dd8') in 0.009385 seconds
Number of updated asset objects reloaded before import = 0
Number of asset objects unloaded after import = 3
========================================================================
Received Import Request.
  Time since last request: 0.000020 seconds.
  path: Assets/Violet Theme Ui/White Icons/White Acorn.png
  artifactKey: Guid(ce30ae4f5d358f243ad68cbfc8c41f4d) Importer(2089858483,0ecaa5967403d082aa24f35e1b516d23)
Start importing Assets/Violet Theme Ui/White Icons/White Acorn.png using Guid(ce30ae4f5d358f243ad68cbfc8c41f4d) Importer(2089858483,0ecaa5967403d082aa24f35e1b516d23) [PhysX] Initialized MultithreadedTaskDispatcher with 20 workers.
 -> (artifact id: '4f0f21596aad53da7bc6ba349e69177f') in 0.008778 seconds
Number of updated asset objects reloaded before import = 0
Number of asset objects unloaded after import = 4
========================================================================
Received Import Request.
  Time since last request: 0.000015 seconds.
  path: Assets/Violet Theme Ui/White Icons/White Alert.png
  artifactKey: Guid(a9f32f23d12396345a8684444399eba2) Importer(2089858483,0ecaa5967403d082aa24f35e1b516d23)
Start importing Assets/Violet Theme Ui/White Icons/White Alert.png using Guid(a9f32f23d12396345a8684444399eba2) Importer(2089858483,0ecaa5967403d082aa24f35e1b516d23) [PhysX] Initialized MultithreadedTaskDispatcher with 20 workers.
 -> (artifact id: '320c4d8a607680ddf0fea565613801f9') in 0.008244 seconds
Number of updated asset objects reloaded before import = 0
Number of asset objects unloaded after import = 4
========================================================================
Received Import Request.
  Time since last request: 0.000016 seconds.
  path: Assets/Violet Theme Ui/Buttons/Button Pink.png
  artifactKey: Guid(6c083c68f537d944db0c5a63177e9627) Importer(2089858483,0ecaa5967403d082aa24f35e1b516d23)
Start importing Assets/Violet Theme Ui/Buttons/Button Pink.png using Guid(6c083c68f537d944db0c5a63177e9627) Importer(2089858483,0ecaa5967403d082aa24f35e1b516d23) [PhysX] Initialized MultithreadedTaskDispatcher with 20 workers.
 -> (artifact id: '6aabf1f09a227aa57989477b901ffb9d') in 0.009496 seconds
Number of updated asset objects reloaded before import = 0
Number of asset objects unloaded after import = 3
========================================================================
Received Import Request.
  Time since last request: 0.000018 seconds.
  path: Assets/Violet Theme Ui/White Icons/White Close.png
  artifactKey: Guid(21bd16f5188d640468c6158b40f986ee) Importer(2089858483,0ecaa5967403d082aa24f35e1b516d23)
Start importing Assets/Violet Theme Ui/White Icons/White Close.png using Guid(21bd16f5188d640468c6158b40f986ee) Importer(2089858483,0ecaa5967403d082aa24f35e1b516d23) [PhysX] Initialized MultithreadedTaskDispatcher with 20 workers.
 -> (artifact id: '4ce9833706b34cff63f5a038224833eb') in 0.008092 seconds
Number of updated asset objects reloaded before import = 0
Number of asset objects unloaded after import = 3
========================================================================
Received Import Request.
  Time since last request: 0.000022 seconds.
  path: Assets/Violet Theme Ui/Prefab/Message.prefab
  artifactKey: Guid(b01002205b707a24c9bcc655f14264cb) Importer(2089858483,0ecaa5967403d082aa24f35e1b516d23)
Start importing Assets/Violet Theme Ui/Prefab/Message.prefab using Guid(b01002205b707a24c9bcc655f14264cb) Importer(2089858483,0ecaa5967403d082aa24f35e1b516d23) [PhysX] Initialized MultithreadedTaskDispatcher with 20 workers.
 -> (artifact id: '4760f78247e054cedab00a774ca5e578') in 0.011293 seconds
Number of updated asset objects reloaded before import = 0
Number of asset objects unloaded after import = 186
========================================================================
Received Import Request.
  Time since last request: 0.000015 seconds.
  path: Assets/Violet Theme Ui/White Icons/White Print.png
  artifactKey: Guid(53c4b0bab27e7184ea6990a9bc358c02) Importer(2089858483,0ecaa5967403d082aa24f35e1b516d23)
Start importing Assets/Violet Theme Ui/White Icons/White Print.png using Guid(53c4b0bab27e7184ea6990a9bc358c02) Importer(2089858483,0ecaa5967403d082aa24f35e1b516d23) [PhysX] Initialized MultithreadedTaskDispatcher with 20 workers.
 -> (artifact id: '3ca3a736ee6a6f65f8f635faff7a12f9') in 0.012162 seconds
Number of updated asset objects reloaded before import = 0
Number of asset objects unloaded after import = 5
========================================================================
Received Import Request.
  Time since last request: 0.000015 seconds.
  path: Assets/Violet Theme Ui/Sliders/Fill Red.png
  artifactKey: Guid(89aff9e18247bb647979c8e71d9dc5c7) Importer(2089858483,0ecaa5967403d082aa24f35e1b516d23)
Start importing Assets/Violet Theme Ui/Sliders/Fill Red.png using Guid(89aff9e18247bb647979c8e71d9dc5c7) Importer(2089858483,0ecaa5967403d082aa24f35e1b516d23) [PhysX] Initialized MultithreadedTaskDispatcher with 20 workers.
 -> (artifact id: '0c7614a5accd483ad021d3d7c2cb07b3') in 0.008607 seconds
Number of updated asset objects reloaded before import = 0
Number of asset objects unloaded after import = 3
========================================================================
Received Import Request.
  Time since last request: 0.000022 seconds.
  path: Assets/Violet Theme Ui/White Icons/White Cauldron.png
  artifactKey: Guid(62438af6038e9c94abedcde3d87bb764) Importer(2089858483,0ecaa5967403d082aa24f35e1b516d23)
Start importing Assets/Violet Theme Ui/White Icons/White Cauldron.png using Guid(62438af6038e9c94abedcde3d87bb764) Importer(2089858483,0ecaa5967403d082aa24f35e1b516d23) [PhysX] Initialized MultithreadedTaskDispatcher with 20 workers.
 -> (artifact id: '9ffea0df4831bac07877e3f376049b2a') in 0.010494 seconds
Number of updated asset objects reloaded before import = 0
Number of asset objects unloaded after import = 4
========================================================================
Received Import Request.
  Time since last request: 0.000015 seconds.
  path: Assets/Violet Theme Ui/White Icons/White Pumpkin.png
  artifactKey: Guid(8f5885b39f3ad374f836c723ce642ce8) Importer(2089858483,0ecaa5967403d082aa24f35e1b516d23)
Start importing Assets/Violet Theme Ui/White Icons/White Pumpkin.png using Guid(8f5885b39f3ad374f836c723ce642ce8) Importer(2089858483,0ecaa5967403d082aa24f35e1b516d23) [PhysX] Initialized MultithreadedTaskDispatcher with 20 workers.
 -> (artifact id: '5f8272dbfbf3426c9edf34c98cdece4a') in 0.008511 seconds
Number of updated asset objects reloaded before import = 0
Number of asset objects unloaded after import = 3
========================================================================
Received Import Request.
  Time since last request: 0.000018 seconds.
  path: Assets/Violet Theme Ui/White Icons/White Cash Bag.png
  artifactKey: Guid(a5ee1230bb9a4e14e8d88c065ebf0dbc) Importer(2089858483,0ecaa5967403d082aa24f35e1b516d23)
Start importing Assets/Violet Theme Ui/White Icons/White Cash Bag.png using Guid(a5ee1230bb9a4e14e8d88c065ebf0dbc) Importer(2089858483,0ecaa5967403d082aa24f35e1b516d23) [PhysX] Initialized MultithreadedTaskDispatcher with 20 workers.
 -> (artifact id: '255ea3724f2840a8f75ff650ac00af17') in 0.009879 seconds
Number of updated asset objects reloaded before import = 0
Number of asset objects unloaded after import = 4
========================================================================
Received Import Request.
  Time since last request: 0.000020 seconds.
  path: Assets/Violet Theme Ui/Panels/White Panel Style 2 Violet.png
  artifactKey: Guid(8dc0d81c32fd06241b092585c45b6993) Importer(2089858483,0ecaa5967403d082aa24f35e1b516d23)
Start importing Assets/Violet Theme Ui/Panels/White Panel Style 2 Violet.png using Guid(8dc0d81c32fd06241b092585c45b6993) Importer(2089858483,0ecaa5967403d082aa24f35e1b516d23) [PhysX] Initialized MultithreadedTaskDispatcher with 20 workers.
 -> (artifact id: '311a80c13f5e22c43387919599126ce9') in 0.009974 seconds
Number of updated asset objects reloaded before import = 0
Number of asset objects unloaded after import = 3
========================================================================
Received Import Request.
  Time since last request: 0.000018 seconds.
  path: Assets/Violet Theme Ui/White Icons/White Symbol 10.png
  artifactKey: Guid(cb714b7aa695a614f91f825f457b7814) Importer(2089858483,0ecaa5967403d082aa24f35e1b516d23)
Start importing Assets/Violet Theme Ui/White Icons/White Symbol 10.png using Guid(cb714b7aa695a614f91f825f457b7814) Importer(2089858483,0ecaa5967403d082aa24f35e1b516d23) [PhysX] Initialized MultithreadedTaskDispatcher with 20 workers.
 -> (artifact id: '659d1f97e8a6d9f96f59be3ea09a594a') in 0.009337 seconds
Number of updated asset objects reloaded before import = 0
Number of asset objects unloaded after import = 3
========================================================================
Received Import Request.
  Time since last request: 0.000016 seconds.
  path: Assets/Violet Theme Ui/Panels/Dark Panels Style 2 Violet.png
  artifactKey: Guid(2423bc8beede9344d98c41e18af1a299) Importer(2089858483,0ecaa5967403d082aa24f35e1b516d23)
Start importing Assets/Violet Theme Ui/Panels/Dark Panels Style 2 Violet.png using Guid(2423bc8beede9344d98c41e18af1a299) Importer(2089858483,0ecaa5967403d082aa24f35e1b516d23) [PhysX] Initialized MultithreadedTaskDispatcher with 20 workers.
 -> (artifact id: 'dc05f8097cef96e4fe3eef013a01573f') in 0.010831 seconds
Number of updated asset objects reloaded before import = 0
Number of asset objects unloaded after import = 3
========================================================================
Received Import Request.
  Time since last request: 0.000019 seconds.
  path: Assets/Violet Theme Ui/White Icons/White Gun.png
  artifactKey: Guid(9ce1a11ff7aa36e4b9ad5dacd8c016f8) Importer(2089858483,0ecaa5967403d082aa24f35e1b516d23)
Start importing Assets/Violet Theme Ui/White Icons/White Gun.png using Guid(9ce1a11ff7aa36e4b9ad5dacd8c016f8) Importer(2089858483,0ecaa5967403d082aa24f35e1b516d23) [PhysX] Initialized MultithreadedTaskDispatcher with 20 workers.
 -> (artifact id: 'b2aa31d750b35b8d3af07894ab5f946a') in 0.009758 seconds
Number of updated asset objects reloaded before import = 0
Number of asset objects unloaded after import = 3
========================================================================
Received Import Request.
  Time since last request: 0.000016 seconds.
  path: Assets/Violet Theme Ui/GemsAndCoins/Gem Sack.png
  artifactKey: Guid(66635ef6a77b29b4b95afd31dd58971c) Importer(2089858483,0ecaa5967403d082aa24f35e1b516d23)
Start importing Assets/Violet Theme Ui/GemsAndCoins/Gem Sack.png using Guid(66635ef6a77b29b4b95afd31dd58971c) Importer(2089858483,0ecaa5967403d082aa24f35e1b516d23) [PhysX] Initialized MultithreadedTaskDispatcher with 20 workers.
 -> (artifact id: 'bff36bcbc8607463b6a3a9d99835855e') in 0.008716 seconds
Number of updated asset objects reloaded before import = 0
Number of asset objects unloaded after import = 3
========================================================================
Received Import Request.
  Time since last request: 0.000066 seconds.
  path: Assets/Violet Theme Ui/Progress Bars/Progress Bar Green.png
  artifactKey: Guid(d3b1f9c6b58d4f4469dd6c630924eff7) Importer(2089858483,0ecaa5967403d082aa24f35e1b516d23)
Start importing Assets/Violet Theme Ui/Progress Bars/Progress Bar Green.png using Guid(d3b1f9c6b58d4f4469dd6c630924eff7) Importer(2089858483,0ecaa5967403d082aa24f35e1b516d23) [PhysX] Initialized MultithreadedTaskDispatcher with 20 workers.
 -> (artifact id: '623a810581dd770af74e78e85fba2bd9') in 0.008073 seconds
Number of updated asset objects reloaded before import = 0
Number of asset objects unloaded after import = 3
========================================================================
Received Import Request.
  Time since last request: 0.000034 seconds.
  path: Assets/Violet Theme Ui/White Icons/White Shield 2.png
  artifactKey: Guid(0d29c61fca93e1a46bd413d23ee58a24) Importer(2089858483,0ecaa5967403d082aa24f35e1b516d23)
Start importing Assets/Violet Theme Ui/White Icons/White Shield 2.png using Guid(0d29c61fca93e1a46bd413d23ee58a24) Importer(2089858483,0ecaa5967403d082aa24f35e1b516d23) [PhysX] Initialized MultithreadedTaskDispatcher with 20 workers.
 -> (artifact id: '0faa812b1f06cfb488f813c3c95ae1e7') in 0.009969 seconds
Number of updated asset objects reloaded before import = 0
Number of asset objects unloaded after import = 3
========================================================================
Received Import Request.
  Time since last request: 0.000020 seconds.
  path: Assets/Violet Theme Ui/White Icons/White Banner.png
  artifactKey: Guid(88af35d2d0b4e324dad1d706b38e1bda) Importer(2089858483,0ecaa5967403d082aa24f35e1b516d23)
Start importing Assets/Violet Theme Ui/White Icons/White Banner.png using Guid(88af35d2d0b4e324dad1d706b38e1bda) Importer(2089858483,0ecaa5967403d082aa24f35e1b516d23) [PhysX] Initialized MultithreadedTaskDispatcher with 20 workers.
 -> (artifact id: '7519e1d3efd90e77eb94e3a35f96ab8d') in 0.012344 seconds
Number of updated asset objects reloaded before import = 0
Number of asset objects unloaded after import = 7
========================================================================
Received Import Request.
  Time since last request: 0.000018 seconds.
  path: Assets/Violet Theme Ui/Colored Icons/Crown 1.png
  artifactKey: Guid(6e218b04a5fa9ed4fa40b687eaeff8cc) Importer(2089858483,0ecaa5967403d082aa24f35e1b516d23)
Start importing Assets/Violet Theme Ui/Colored Icons/Crown 1.png using Guid(6e218b04a5fa9ed4fa40b687eaeff8cc) Importer(2089858483,0ecaa5967403d082aa24f35e1b516d23) [PhysX] Initialized MultithreadedTaskDispatcher with 20 workers.
 -> (artifact id: '7e113ee0b818f76a3fcff1c8fc8b44b4') in 0.013466 seconds
Number of updated asset objects reloaded before import = 0
Number of asset objects unloaded after import = 3
========================================================================
Received Import Request.
  Time since last request: 0.000023 seconds.
  path: Assets/Violet Theme Ui/White Icons/White Check.png
  artifactKey: Guid(cfd28c4685f7c504c8541bb8903d4ec8) Importer(2089858483,0ecaa5967403d082aa24f35e1b516d23)
Start importing Assets/Violet Theme Ui/White Icons/White Check.png using Guid(cfd28c4685f7c504c8541bb8903d4ec8) Importer(2089858483,0ecaa5967403d082aa24f35e1b516d23) [PhysX] Initialized MultithreadedTaskDispatcher with 20 workers.
 -> (artifact id: '77d09f1fd0c1a56a8f0b119f973360bc') in 0.010402 seconds
Number of updated asset objects reloaded before import = 0
Number of asset objects unloaded after import = 3
========================================================================
Received Import Request.
  Time since last request: 0.000020 seconds.
  path: Assets/Violet Theme Ui/Panels/White Panel Violet.png
  artifactKey: Guid(70b674ed6c1298644aee2e129a94c4df) Importer(2089858483,0ecaa5967403d082aa24f35e1b516d23)
Start importing Assets/Violet Theme Ui/Panels/White Panel Violet.png using Guid(70b674ed6c1298644aee2e129a94c4df) Importer(2089858483,0ecaa5967403d082aa24f35e1b516d23) [PhysX] Initialized MultithreadedTaskDispatcher with 20 workers.
 -> (artifact id: 'b038d2f1765d92233820aeb8c18d020f') in 0.010570 seconds
Number of updated asset objects reloaded before import = 0
Number of asset objects unloaded after import = 3
========================================================================
Received Import Request.
  Time since last request: 0.000018 seconds.
  path: Assets/Violet Theme Ui/White Icons/White Battery Storage.png
  artifactKey: Guid(b2c8ced3a99744645ad763b4d47c39d3) Importer(2089858483,0ecaa5967403d082aa24f35e1b516d23)
Start importing Assets/Violet Theme Ui/White Icons/White Battery Storage.png using Guid(b2c8ced3a99744645ad763b4d47c39d3) Importer(2089858483,0ecaa5967403d082aa24f35e1b516d23) [PhysX] Initialized MultithreadedTaskDispatcher with 20 workers.
 -> (artifact id: '8084f1c5dd7fbd68c9f435732b503dc9') in 0.015217 seconds
Number of updated asset objects reloaded before import = 0
Number of asset objects unloaded after import = 6
========================================================================
Received Import Request.
  Time since last request: 0.000019 seconds.
  path: Assets/Violet Theme Ui/Buttons/Button Yellow.png
  artifactKey: Guid(e869268efd7d38745a52967381cef55f) Importer(2089858483,0ecaa5967403d082aa24f35e1b516d23)
Start importing Assets/Violet Theme Ui/Buttons/Button Yellow.png using Guid(e869268efd7d38745a52967381cef55f) Importer(2089858483,0ecaa5967403d082aa24f35e1b516d23) [PhysX] Initialized MultithreadedTaskDispatcher with 20 workers.
 -> (artifact id: '6c104d5316f612e4f4b6e9afea77cf65') in 0.008854 seconds
Number of updated asset objects reloaded before import = 0
Number of asset objects unloaded after import = 3
========================================================================
Received Import Request.
  Time since last request: 0.000015 seconds.
  path: Assets/Violet Theme Ui/Colored Icons/Star.png
  artifactKey: Guid(174cd13a4c04d4944a6e414d9e3987f4) Importer(2089858483,0ecaa5967403d082aa24f35e1b516d23)
Start importing Assets/Violet Theme Ui/Colored Icons/Star.png using Guid(174cd13a4c04d4944a6e414d9e3987f4) Importer(2089858483,0ecaa5967403d082aa24f35e1b516d23) [PhysX] Initialized MultithreadedTaskDispatcher with 20 workers.
 -> (artifact id: '3ea244b36bbdab2df04872b9b471290e') in 0.009627 seconds
Number of updated asset objects reloaded before import = 0
Number of asset objects unloaded after import = 3
========================================================================
Received Import Request.
  Time since last request: 0.000015 seconds.
  path: Assets/Violet Theme Ui/White Icons/White Helmet 2.png
  artifactKey: Guid(e48adbf0233bd3748bf697c59dc0d44e) Importer(2089858483,0ecaa5967403d082aa24f35e1b516d23)
Start importing Assets/Violet Theme Ui/White Icons/White Helmet 2.png using Guid(e48adbf0233bd3748bf697c59dc0d44e) Importer(2089858483,0ecaa5967403d082aa24f35e1b516d23) [PhysX] Initialized MultithreadedTaskDispatcher with 20 workers.
 -> (artifact id: '8bf1e2c2404c6367c713f771481decee') in 0.007876 seconds
Number of updated asset objects reloaded before import = 0
Number of asset objects unloaded after import = 3
========================================================================
Received Import Request.
  Time since last request: 0.000017 seconds.
  path: Assets/Violet Theme Ui/White Icons/White Key.png
  artifactKey: Guid(decd9f9d258a2a846af4921e94195170) Importer(2089858483,0ecaa5967403d082aa24f35e1b516d23)
Start importing Assets/Violet Theme Ui/White Icons/White Key.png using Guid(decd9f9d258a2a846af4921e94195170) Importer(2089858483,0ecaa5967403d082aa24f35e1b516d23) [PhysX] Initialized MultithreadedTaskDispatcher with 20 workers.
 -> (artifact id: '258c15a83fb3316f18ca0d8502c7ca96') in 0.009045 seconds
Number of updated asset objects reloaded before import = 0
Number of asset objects unloaded after import = 3
========================================================================
Received Import Request.
  Time since last request: 0.000014 seconds.
  path: Assets/Violet Theme Ui/Colored Icons/Gem 1 Blue.png
  artifactKey: Guid(b0f85d5a744f799449233745652b567a) Importer(2089858483,0ecaa5967403d082aa24f35e1b516d23)
Start importing Assets/Violet Theme Ui/Colored Icons/Gem 1 Blue.png using Guid(b0f85d5a744f799449233745652b567a) Importer(2089858483,0ecaa5967403d082aa24f35e1b516d23) [PhysX] Initialized MultithreadedTaskDispatcher with 20 workers.
 -> (artifact id: '9318274177eedf2915b148ce75a97628') in 0.007738 seconds
Number of updated asset objects reloaded before import = 0
Number of asset objects unloaded after import = 3
========================================================================
Received Import Request.
  Time since last request: 0.000018 seconds.
  path: Assets/Violet Theme Ui/White Icons/White Rubble.png
  artifactKey: Guid(3a4d2eb3eb3e8ad4f99b60df0779bd4e) Importer(2089858483,0ecaa5967403d082aa24f35e1b516d23)
Start importing Assets/Violet Theme Ui/White Icons/White Rubble.png using Guid(3a4d2eb3eb3e8ad4f99b60df0779bd4e) Importer(2089858483,0ecaa5967403d082aa24f35e1b516d23) [PhysX] Initialized MultithreadedTaskDispatcher with 20 workers.
 -> (artifact id: '7e5eaab443ce20df67281eee775c6577') in 0.009247 seconds
Number of updated asset objects reloaded before import = 0
Number of asset objects unloaded after import = 3
========================================================================
Received Import Request.
  Time since last request: 0.000016 seconds.
  path: Assets/Violet Theme Ui/White Icons/White Feather.png
  artifactKey: Guid(0bb8db23543b17041b98ba7917c926c0) Importer(2089858483,0ecaa5967403d082aa24f35e1b516d23)
Start importing Assets/Violet Theme Ui/White Icons/White Feather.png using Guid(0bb8db23543b17041b98ba7917c926c0) Importer(2089858483,0ecaa5967403d082aa24f35e1b516d23) [PhysX] Initialized MultithreadedTaskDispatcher with 20 workers.
 -> (artifact id: 'ee183432cfc60e6901cfe7207ef57fc8') in 0.007850 seconds
Number of updated asset objects reloaded before import = 0
Number of asset objects unloaded after import = 3
========================================================================
Received Import Request.
  Time since last request: 0.000015 seconds.
  path: Assets/Violet Theme Ui/White Icons/White Weight.png
  artifactKey: Guid(7fb9ef8d6e755884f8bbce5b93204831) Importer(2089858483,0ecaa5967403d082aa24f35e1b516d23)
Start importing Assets/Violet Theme Ui/White Icons/White Weight.png using Guid(7fb9ef8d6e755884f8bbce5b93204831) Importer(2089858483,0ecaa5967403d082aa24f35e1b516d23) [PhysX] Initialized MultithreadedTaskDispatcher with 20 workers.
 -> (artifact id: '3e969a9c3cc2190d5090e25bc8083c3e') in 0.008073 seconds
Number of updated asset objects reloaded before import = 0
Number of asset objects unloaded after import = 3
========================================================================
Received Import Request.
  Time since last request: 0.000017 seconds.
  path: Assets/Violet Theme Ui/White Icons/White Anchor.png
  artifactKey: Guid(0e15a54d8d16a5a4aa53344f2f594196) Importer(2089858483,0ecaa5967403d082aa24f35e1b516d23)
Start importing Assets/Violet Theme Ui/White Icons/White Anchor.png using Guid(0e15a54d8d16a5a4aa53344f2f594196) Importer(2089858483,0ecaa5967403d082aa24f35e1b516d23) [PhysX] Initialized MultithreadedTaskDispatcher with 20 workers.
 -> (artifact id: 'e5fb105309d1576369f3fd5af81f9c29') in 0.010421 seconds
Number of updated asset objects reloaded before import = 0
Number of asset objects unloaded after import = 4
========================================================================
Received Import Request.
  Time since last request: 0.000025 seconds.
  path: Assets/Violet Theme Ui/Prefab/Progress Bar/Progress Bar Green.prefab
  artifactKey: Guid(7ca631878175ae44885969dd054d4829) Importer(2089858483,0ecaa5967403d082aa24f35e1b516d23)
Start importing Assets/Violet Theme Ui/Prefab/Progress Bar/Progress Bar Green.prefab using Guid(7ca631878175ae44885969dd054d4829) Importer(2089858483,0ecaa5967403d082aa24f35e1b516d23) [PhysX] Initialized MultithreadedTaskDispatcher with 20 workers.
 -> (artifact id: '78697208e5d8870dc0b604eb2d8dfe2b') in 0.008443 seconds
Number of updated asset objects reloaded before import = 0
Number of asset objects unloaded after import = 17
========================================================================
Received Import Request.
  Time since last request: 0.000018 seconds.
  path: Assets/Violet Theme Ui/White Icons/White Ticket 2.png
  artifactKey: Guid(159be0c0b4f3cab4cb532b278899cfc0) Importer(2089858483,0ecaa5967403d082aa24f35e1b516d23)
Start importing Assets/Violet Theme Ui/White Icons/White Ticket 2.png using Guid(159be0c0b4f3cab4cb532b278899cfc0) Importer(2089858483,0ecaa5967403d082aa24f35e1b516d23) [PhysX] Initialized MultithreadedTaskDispatcher with 20 workers.
 -> (artifact id: 'c40582fd6e66666a5fc3a472f6c1770c') in 0.009674 seconds
Number of updated asset objects reloaded before import = 0
Number of asset objects unloaded after import = 3
========================================================================
Received Import Request.
  Time since last request: 0.000017 seconds.
  path: Assets/Violet Theme Ui/Buttons/Misc/Small Square Button Red.png
  artifactKey: Guid(fa360ec6245a3dd43bfbae1ac1093a6e) Importer(2089858483,0ecaa5967403d082aa24f35e1b516d23)
Start importing Assets/Violet Theme Ui/Buttons/Misc/Small Square Button Red.png using Guid(fa360ec6245a3dd43bfbae1ac1093a6e) Importer(2089858483,0ecaa5967403d082aa24f35e1b516d23) [PhysX] Initialized MultithreadedTaskDispatcher with 20 workers.
 -> (artifact id: '8a2ebcd188c16750d7f8be477b756f45') in 0.008048 seconds
Number of updated asset objects reloaded before import = 0
Number of asset objects unloaded after import = 3
========================================================================
Received Import Request.
  Time since last request: 0.000019 seconds.
  path: Assets/Violet Theme Ui/White Icons/White Water Droplet.png
  artifactKey: Guid(17c26c066b7bfca40b0158b6ccfeecae) Importer(2089858483,0ecaa5967403d082aa24f35e1b516d23)
Start importing Assets/Violet Theme Ui/White Icons/White Water Droplet.png using Guid(17c26c066b7bfca40b0158b6ccfeecae) Importer(2089858483,0ecaa5967403d082aa24f35e1b516d23) [PhysX] Initialized MultithreadedTaskDispatcher with 20 workers.
 -> (artifact id: 'bebf6a4e14f10bfa1972a8f2dd832137') in 0.009808 seconds
Number of updated asset objects reloaded before import = 0
Number of asset objects unloaded after import = 3
========================================================================
Received Import Request.
  Time since last request: 0.000015 seconds.
  path: Assets/Violet Theme Ui/Colored Icons/Stop.png
  artifactKey: Guid(30d6feab102694b42a2cb9e12f796172) Importer(2089858483,0ecaa5967403d082aa24f35e1b516d23)
Start importing Assets/Violet Theme Ui/Colored Icons/Stop.png using Guid(30d6feab102694b42a2cb9e12f796172) Importer(2089858483,0ecaa5967403d082aa24f35e1b516d23) [PhysX] Initialized MultithreadedTaskDispatcher with 20 workers.
 -> (artifact id: 'b7432f45737256c70e9a024b13bdb5d6') in 0.008091 seconds
Number of updated asset objects reloaded before import = 0
Number of asset objects unloaded after import = 3
========================================================================
Received Import Request.
  Time since last request: 0.000016 seconds.
  path: Assets/Violet Theme Ui/White Icons/White Bug 2.png
  artifactKey: Guid(4be13b6c09b7e124f9a37a39c92ce8ab) Importer(2089858483,0ecaa5967403d082aa24f35e1b516d23)
Start importing Assets/Violet Theme Ui/White Icons/White Bug 2.png using Guid(4be13b6c09b7e124f9a37a39c92ce8ab) Importer(2089858483,0ecaa5967403d082aa24f35e1b516d23) [PhysX] Initialized MultithreadedTaskDispatcher with 20 workers.
 -> (artifact id: '4fb2ffcdda1699871797bc4bbbb532f9') in 0.008104 seconds
Number of updated asset objects reloaded before import = 0
Number of asset objects unloaded after import = 3
========================================================================
Received Import Request.
  Time since last request: 0.000014 seconds.
  path: Assets/Violet Theme Ui/Sliders/Handle Green.png
  artifactKey: Guid(e0651aa178dd99b4ca94b6bcab5ed545) Importer(2089858483,0ecaa5967403d082aa24f35e1b516d23)
Start importing Assets/Violet Theme Ui/Sliders/Handle Green.png using Guid(e0651aa178dd99b4ca94b6bcab5ed545) Importer(2089858483,0ecaa5967403d082aa24f35e1b516d23) [PhysX] Initialized MultithreadedTaskDispatcher with 20 workers.
 -> (artifact id: '2cfe895ff3ad61369f6ecdc36fd2201d') in 0.009352 seconds
Number of updated asset objects reloaded before import = 0
Number of asset objects unloaded after import = 3
========================================================================
Received Import Request.
  Time since last request: 0.000016 seconds.
  path: Assets/Violet Theme Ui/White Icons/White Symbol 19.png
  artifactKey: Guid(167988578d0633f4f8b7fc6345816a3a) Importer(2089858483,0ecaa5967403d082aa24f35e1b516d23)
Start importing Assets/Violet Theme Ui/White Icons/White Symbol 19.png using Guid(167988578d0633f4f8b7fc6345816a3a) Importer(2089858483,0ecaa5967403d082aa24f35e1b516d23) [PhysX] Initialized MultithreadedTaskDispatcher with 20 workers.
 -> (artifact id: '94f3d862c1d8723e0c14401bf5348b83') in 0.008655 seconds
Number of updated asset objects reloaded before import = 0
Number of asset objects unloaded after import = 3
========================================================================
Received Import Request.
  Time since last request: 0.000016 seconds.
  path: Assets/Violet Theme Ui/White Icons/White Music Note.png
  artifactKey: Guid(aafe206e453ce574c8cd57550e98da0c) Importer(2089858483,0ecaa5967403d082aa24f35e1b516d23)
Start importing Assets/Violet Theme Ui/White Icons/White Music Note.png using Guid(aafe206e453ce574c8cd57550e98da0c) Importer(2089858483,0ecaa5967403d082aa24f35e1b516d23) [PhysX] Initialized MultithreadedTaskDispatcher with 20 workers.
 -> (artifact id: '8847be19091ac35a769aa9c2c46a7c62') in 0.009601 seconds
Number of updated asset objects reloaded before import = 0
Number of asset objects unloaded after import = 3
========================================================================
Received Import Request.
  Time since last request: 0.000021 seconds.
  path: Assets/Violet Theme Ui/White Icons/White Home 2.png
  artifactKey: Guid(df24dafd912b74541a2f6333895a2ff5) Importer(2089858483,0ecaa5967403d082aa24f35e1b516d23)
Start importing Assets/Violet Theme Ui/White Icons/White Home 2.png using Guid(df24dafd912b74541a2f6333895a2ff5) Importer(2089858483,0ecaa5967403d082aa24f35e1b516d23) [PhysX] Initialized MultithreadedTaskDispatcher with 20 workers.
 -> (artifact id: '92fe421ef44066b5e501d5b5888689fe') in 0.007576 seconds
Number of updated asset objects reloaded before import = 0
Number of asset objects unloaded after import = 3
========================================================================
Received Import Request.
  Time since last request: 0.000022 seconds.
  path: Assets/Violet Theme Ui/Colored Icons/shield green.png
  artifactKey: Guid(cea8186578848314b86d47c6daedf32d) Importer(2089858483,0ecaa5967403d082aa24f35e1b516d23)
Start importing Assets/Violet Theme Ui/Colored Icons/shield green.png using Guid(cea8186578848314b86d47c6daedf32d) Importer(2089858483,0ecaa5967403d082aa24f35e1b516d23) [PhysX] Initialized MultithreadedTaskDispatcher with 20 workers.
 -> (artifact id: 'c110a1ebfed6f8f44c823817b130a60e') in 0.009248 seconds
Number of updated asset objects reloaded before import = 0
Number of asset objects unloaded after import = 3
========================================================================
Received Import Request.
  Time since last request: 0.000019 seconds.
  path: Assets/Violet Theme Ui/White Icons/White Level 2.png
  artifactKey: Guid(3b5142b05c57ecb43a2c6e00f8c820b7) Importer(2089858483,0ecaa5967403d082aa24f35e1b516d23)
Start importing Assets/Violet Theme Ui/White Icons/White Level 2.png using Guid(3b5142b05c57ecb43a2c6e00f8c820b7) Importer(2089858483,0ecaa5967403d082aa24f35e1b516d23) [PhysX] Initialized MultithreadedTaskDispatcher with 20 workers.
 -> (artifact id: '145cb7951a3ddbd5b17c06b17b060e2d') in 0.011116 seconds
Number of updated asset objects reloaded before import = 0
Number of asset objects unloaded after import = 4
========================================================================
Received Import Request.
  Time since last request: 0.000015 seconds.
  path: Assets/Violet Theme Ui/White Icons/White Heart 1.png
  artifactKey: Guid(6f5abd65dca112a48b0810ccf5f57edd) Importer(2089858483,0ecaa5967403d082aa24f35e1b516d23)
Start importing Assets/Violet Theme Ui/White Icons/White Heart 1.png using Guid(6f5abd65dca112a48b0810ccf5f57edd) Importer(2089858483,0ecaa5967403d082aa24f35e1b516d23) [PhysX] Initialized MultithreadedTaskDispatcher with 20 workers.
 -> (artifact id: '0576ab36f04e20ef222b2c9397bc2a45') in 0.007484 seconds
Number of updated asset objects reloaded before import = 0
Number of asset objects unloaded after import = 3
========================================================================
Received Import Request.
  Time since last request: 0.000017 seconds.
  path: Assets/Violet Theme Ui/White Icons/White Crown 1.png
  artifactKey: Guid(ca3d94d268f761647b08ccf4ae103e85) Importer(2089858483,0ecaa5967403d082aa24f35e1b516d23)
Start importing Assets/Violet Theme Ui/White Icons/White Crown 1.png using Guid(ca3d94d268f761647b08ccf4ae103e85) Importer(2089858483,0ecaa5967403d082aa24f35e1b516d23) [PhysX] Initialized MultithreadedTaskDispatcher with 20 workers.
 -> (artifact id: '42743b4d8b0a609f20a49a70d994df11') in 0.010232 seconds
Number of updated asset objects reloaded before import = 0
Number of asset objects unloaded after import = 4
========================================================================
Received Import Request.
  Time since last request: 0.000016 seconds.
  path: Assets/Violet Theme Ui/White Icons/White Ribbon 2.png
  artifactKey: Guid(7f5479a712463a246a18f931e96ad88e) Importer(2089858483,0ecaa5967403d082aa24f35e1b516d23)
Start importing Assets/Violet Theme Ui/White Icons/White Ribbon 2.png using Guid(7f5479a712463a246a18f931e96ad88e) Importer(2089858483,0ecaa5967403d082aa24f35e1b516d23) [PhysX] Initialized MultithreadedTaskDispatcher with 20 workers.
 -> (artifact id: '3ef986c6bb7eeeb97feba05b67d39ca6') in 0.009592 seconds
Number of updated asset objects reloaded before import = 0
Number of asset objects unloaded after import = 5
========================================================================
Received Import Request.
  Time since last request: 0.000016 seconds.
  path: Assets/Violet Theme Ui/White Icons/White Forward.png
  artifactKey: Guid(52901ca2290ff9a4f8fe6db407064ab0) Importer(2089858483,0ecaa5967403d082aa24f35e1b516d23)
Start importing Assets/Violet Theme Ui/White Icons/White Forward.png using Guid(52901ca2290ff9a4f8fe6db407064ab0) Importer(2089858483,0ecaa5967403d082aa24f35e1b516d23) [PhysX] Initialized MultithreadedTaskDispatcher with 20 workers.
 -> (artifact id: 'e6d8eeb4c377f311d57184b94d500bbc') in 0.007704 seconds
Number of updated asset objects reloaded before import = 0
Number of asset objects unloaded after import = 3
========================================================================
Received Import Request.
  Time since last request: 0.000018 seconds.
  path: Assets/Violet Theme Ui/Panels/Dark Panels Style 2 Orange.png
  artifactKey: Guid(5af159fe7617e0d49bac227578248a75) Importer(2089858483,0ecaa5967403d082aa24f35e1b516d23)
Start importing Assets/Violet Theme Ui/Panels/Dark Panels Style 2 Orange.png using Guid(5af159fe7617e0d49bac227578248a75) Importer(2089858483,0ecaa5967403d082aa24f35e1b516d23) [PhysX] Initialized MultithreadedTaskDispatcher with 20 workers.
 -> (artifact id: '9ac5abab11889f5b3331f8d0b412558b') in 0.011223 seconds
Number of updated asset objects reloaded before import = 0
Number of asset objects unloaded after import = 3
========================================================================
Received Import Request.
  Time since last request: 0.000016 seconds.
  path: Assets/Violet Theme Ui/White Icons/White Clip 2.png
  artifactKey: Guid(561d273ce3106574a897bafb257128ca) Importer(2089858483,0ecaa5967403d082aa24f35e1b516d23)
Start importing Assets/Violet Theme Ui/White Icons/White Clip 2.png using Guid(561d273ce3106574a897bafb257128ca) Importer(2089858483,0ecaa5967403d082aa24f35e1b516d23) [PhysX] Initialized MultithreadedTaskDispatcher with 20 workers.
 -> (artifact id: 'aaed7917dc7f98c99bb7ea2e93237e48') in 0.008067 seconds
Number of updated asset objects reloaded before import = 0
Number of asset objects unloaded after import = 3
========================================================================
Received Import Request.
  Time since last request: 0.000015 seconds.
  path: Assets/Violet Theme Ui/White Icons/White Wifi Off.png
  artifactKey: Guid(abb70e74678f64c44905b8231bc0b17a) Importer(2089858483,0ecaa5967403d082aa24f35e1b516d23)
Start importing Assets/Violet Theme Ui/White Icons/White Wifi Off.png using Guid(abb70e74678f64c44905b8231bc0b17a) Importer(2089858483,0ecaa5967403d082aa24f35e1b516d23) [PhysX] Initialized MultithreadedTaskDispatcher with 20 workers.
 -> (artifact id: 'da48abac18a45a31265a3f6d9385959d') in 0.011367 seconds
Number of updated asset objects reloaded before import = 0
Number of asset objects unloaded after import = 5
========================================================================
Received Import Request.
  Time since last request: 0.000017 seconds.
  path: Assets/Violet Theme Ui/White Icons/White Airplane.png
  artifactKey: Guid(3d791145439c0ca448d67c427d476b89) Importer(2089858483,0ecaa5967403d082aa24f35e1b516d23)
Start importing Assets/Violet Theme Ui/White Icons/White Airplane.png using Guid(3d791145439c0ca448d67c427d476b89) Importer(2089858483,0ecaa5967403d082aa24f35e1b516d23) [PhysX] Initialized MultithreadedTaskDispatcher with 20 workers.
 -> (artifact id: '394da8e9db044941e453a6b24bf1aa7e') in 0.008585 seconds
Number of updated asset objects reloaded before import = 0
Number of asset objects unloaded after import = 3
========================================================================
Received Import Request.
  Time since last request: 0.000017 seconds.
  path: Assets/Violet Theme Ui/White Icons/White Left.png
  artifactKey: Guid(bdd455275ad5e0d4ca4bdae7242a35c5) Importer(2089858483,0ecaa5967403d082aa24f35e1b516d23)
Start importing Assets/Violet Theme Ui/White Icons/White Left.png using Guid(bdd455275ad5e0d4ca4bdae7242a35c5) Importer(2089858483,0ecaa5967403d082aa24f35e1b516d23) [PhysX] Initialized MultithreadedTaskDispatcher with 20 workers.
 -> (artifact id: 'b8ced684961b7b5561ed3bd9181e4f23') in 0.007583 seconds
Number of updated asset objects reloaded before import = 0
Number of asset objects unloaded after import = 3
========================================================================
Received Import Request.
  Time since last request: 0.000040 seconds.
  path: Assets/Violet Theme Ui/White Icons/White Male.png
  artifactKey: Guid(c2c5252666104414c832c260c24493c7) Importer(2089858483,0ecaa5967403d082aa24f35e1b516d23)
Start importing Assets/Violet Theme Ui/White Icons/White Male.png using Guid(c2c5252666104414c832c260c24493c7) Importer(2089858483,0ecaa5967403d082aa24f35e1b516d23) [PhysX] Initialized MultithreadedTaskDispatcher with 20 workers.
 -> (artifact id: '38cc0ac426cc282e617a36529caca7bc') in 0.010227 seconds
Number of updated asset objects reloaded before import = 0
Number of asset objects unloaded after import = 3
========================================================================
Received Import Request.
  Time since last request: 0.000017 seconds.
  path: Assets/Violet Theme Ui/Colored Icons/Energy.png
  artifactKey: Guid(0e97f32679693fb42816be9a80e0254b) Importer(2089858483,0ecaa5967403d082aa24f35e1b516d23)
Start importing Assets/Violet Theme Ui/Colored Icons/Energy.png using Guid(0e97f32679693fb42816be9a80e0254b) Importer(2089858483,0ecaa5967403d082aa24f35e1b516d23) [PhysX] Initialized MultithreadedTaskDispatcher with 20 workers.
 -> (artifact id: '4a1fcb3f54ac152f21759590747056e3') in 0.008745 seconds
Number of updated asset objects reloaded before import = 0
Number of asset objects unloaded after import = 3
========================================================================
Received Import Request.
  Time since last request: 0.000016 seconds.
  path: Assets/Violet Theme Ui/Colored Icons/Return.png
  artifactKey: Guid(9165684ccdf1afe45b06edbd1d7632ea) Importer(2089858483,0ecaa5967403d082aa24f35e1b516d23)
Start importing Assets/Violet Theme Ui/Colored Icons/Return.png using Guid(9165684ccdf1afe45b06edbd1d7632ea) Importer(2089858483,0ecaa5967403d082aa24f35e1b516d23) [PhysX] Initialized MultithreadedTaskDispatcher with 20 workers.
 -> (artifact id: '5d528045e0a08aaf0095c9231958e6de') in 0.010701 seconds
Number of updated asset objects reloaded before import = 0
Number of asset objects unloaded after import = 3
========================================================================
Received Import Request.
  Time since last request: 0.000018 seconds.
  path: Assets/Violet Theme Ui/White Icons/White Location 2.png
  artifactKey: Guid(48e117ffe7916774288db6e2735ada9d) Importer(2089858483,0ecaa5967403d082aa24f35e1b516d23)
Start importing Assets/Violet Theme Ui/White Icons/White Location 2.png using Guid(48e117ffe7916774288db6e2735ada9d) Importer(2089858483,0ecaa5967403d082aa24f35e1b516d23) [PhysX] Initialized MultithreadedTaskDispatcher with 20 workers.
 -> (artifact id: '4f49e391a70b8396150c36a465f42cae') in 0.008777 seconds
Number of updated asset objects reloaded before import = 0
Number of asset objects unloaded after import = 3
========================================================================
Received Import Request.
  Time since last request: 0.000016 seconds.
  path: Assets/Violet Theme Ui/White Icons/White Boxing Glove 1.png
  artifactKey: Guid(e785bd6034616344485debcaaba18afd) Importer(2089858483,0ecaa5967403d082aa24f35e1b516d23)
Start importing Assets/Violet Theme Ui/White Icons/White Boxing Glove 1.png using Guid(e785bd6034616344485debcaaba18afd) Importer(2089858483,0ecaa5967403d082aa24f35e1b516d23) [PhysX] Initialized MultithreadedTaskDispatcher with 20 workers.
 -> (artifact id: '0f7da46a8c9c7c6964eca56c88cdcbe5') in 0.008591 seconds
Number of updated asset objects reloaded before import = 0
Number of asset objects unloaded after import = 4
========================================================================
Received Import Request.
  Time since last request: 0.000023 seconds.
  path: Assets/Violet Theme Ui/White Icons/White Axe 3.png
  artifactKey: Guid(7173802728af7ad41b6e28336f8dd622) Importer(2089858483,0ecaa5967403d082aa24f35e1b516d23)
Start importing Assets/Violet Theme Ui/White Icons/White Axe 3.png using Guid(7173802728af7ad41b6e28336f8dd622) Importer(2089858483,0ecaa5967403d082aa24f35e1b516d23) [PhysX] Initialized MultithreadedTaskDispatcher with 20 workers.
 -> (artifact id: 'a133799b80233675b1e914af79d6f26c') in 0.011427 seconds
Number of updated asset objects reloaded before import = 0
Number of asset objects unloaded after import = 4
========================================================================
Received Import Request.
  Time since last request: 0.000016 seconds.
  path: Assets/Violet Theme Ui/White Icons/White Flow Sysmbol.png
  artifactKey: Guid(70c65ba3b34a4f6499559447c9afa07d) Importer(2089858483,0ecaa5967403d082aa24f35e1b516d23)
Start importing Assets/Violet Theme Ui/White Icons/White Flow Sysmbol.png using Guid(70c65ba3b34a4f6499559447c9afa07d) Importer(2089858483,0ecaa5967403d082aa24f35e1b516d23) [PhysX] Initialized MultithreadedTaskDispatcher with 20 workers.
 -> (artifact id: '9ed8e7ae7f2f1e70a884e8e0c5756855') in 0.008732 seconds
Number of updated asset objects reloaded before import = 0
Number of asset objects unloaded after import = 3
========================================================================
Received Import Request.
  Time since last request: 0.000017 seconds.
  path: Assets/Violet Theme Ui/Colored Icons/Star Dark.png
  artifactKey: Guid(4851d0a9a81927a478fa6af654948fd8) Importer(2089858483,0ecaa5967403d082aa24f35e1b516d23)
Start importing Assets/Violet Theme Ui/Colored Icons/Star Dark.png using Guid(4851d0a9a81927a478fa6af654948fd8) Importer(2089858483,0ecaa5967403d082aa24f35e1b516d23) [PhysX] Initialized MultithreadedTaskDispatcher with 20 workers.
 -> (artifact id: '6ad7912ef5eadfdc6fb277149f00e795') in 0.009246 seconds
Number of updated asset objects reloaded before import = 0
Number of asset objects unloaded after import = 3
========================================================================
Received Import Request.
  Time since last request: 0.000015 seconds.
  path: Assets/Violet Theme Ui/White Icons/White Scroll.png
  artifactKey: Guid(bc4f51f15fb0a2a4094b34fa0dd10ff5) Importer(2089858483,0ecaa5967403d082aa24f35e1b516d23)
Start importing Assets/Violet Theme Ui/White Icons/White Scroll.png using Guid(bc4f51f15fb0a2a4094b34fa0dd10ff5) Importer(2089858483,0ecaa5967403d082aa24f35e1b516d23) [PhysX] Initialized MultithreadedTaskDispatcher with 20 workers.
 -> (artifact id: '3bc9dde38308ac51a5f3a9aa74c8e26b') in 0.012006 seconds
Number of updated asset objects reloaded before import = 0
Number of asset objects unloaded after import = 5
========================================================================
Received Import Request.
  Time since last request: 0.000019 seconds.
  path: Assets/Violet Theme Ui/White Icons/White A1.png
  artifactKey: Guid(785654e3ef0028d468a83acb819a4d3f) Importer(2089858483,0ecaa5967403d082aa24f35e1b516d23)
Start importing Assets/Violet Theme Ui/White Icons/White A1.png using Guid(785654e3ef0028d468a83acb819a4d3f) Importer(2089858483,0ecaa5967403d082aa24f35e1b516d23) [PhysX] Initialized MultithreadedTaskDispatcher with 20 workers.
 -> (artifact id: '9591fd42212cb383295c57a49c8d2d20') in 0.009011 seconds
Number of updated asset objects reloaded before import = 0
Number of asset objects unloaded after import = 4
========================================================================
Received Import Request.
  Time since last request: 0.000020 seconds.
  path: Assets/Violet Theme Ui/White Icons/White Symbol 16.png
  artifactKey: Guid(39e5a544fcd1098498e986753e615731) Importer(2089858483,0ecaa5967403d082aa24f35e1b516d23)
Start importing Assets/Violet Theme Ui/White Icons/White Symbol 16.png using Guid(39e5a544fcd1098498e986753e615731) Importer(2089858483,0ecaa5967403d082aa24f35e1b516d23) [PhysX] Initialized MultithreadedTaskDispatcher with 20 workers.
 -> (artifact id: 'b960d627eb14fff30f1625a4b8942929') in 0.011044 seconds
Number of updated asset objects reloaded before import = 0
Number of asset objects unloaded after import = 4
========================================================================
Received Import Request.
  Time since last request: 0.000025 seconds.
  path: Assets/Violet Theme Ui/White Icons/White Ranking.png
  artifactKey: Guid(2d80ca6083f79244da972b17fdd5ec52) Importer(2089858483,0ecaa5967403d082aa24f35e1b516d23)
Start importing Assets/Violet Theme Ui/White Icons/White Ranking.png using Guid(2d80ca6083f79244da972b17fdd5ec52) Importer(2089858483,0ecaa5967403d082aa24f35e1b516d23) [PhysX] Initialized MultithreadedTaskDispatcher with 20 workers.
 -> (artifact id: '8266248a55dc7f213758092d4fbe6a70') in 0.008375 seconds
Number of updated asset objects reloaded before import = 0
Number of asset objects unloaded after import = 3
========================================================================
Received Import Request.
  Time since last request: 0.000019 seconds.
  path: Assets/Violet Theme Ui/White Icons/White Target 2.png
  artifactKey: Guid(fa56cae7c0b4c484b8188237d3741fe1) Importer(2089858483,0ecaa5967403d082aa24f35e1b516d23)
Start importing Assets/Violet Theme Ui/White Icons/White Target 2.png using Guid(fa56cae7c0b4c484b8188237d3741fe1) Importer(2089858483,0ecaa5967403d082aa24f35e1b516d23) [PhysX] Initialized MultithreadedTaskDispatcher with 20 workers.
 -> (artifact id: '39a223215e38cda3cad11a61ee0ec445') in 0.008799 seconds
Number of updated asset objects reloaded before import = 0
Number of asset objects unloaded after import = 3
========================================================================
Received Import Request.
  Time since last request: 0.000016 seconds.
  path: Assets/Violet Theme Ui/White Icons/White Home 3.png
  artifactKey: Guid(14b98b7c72e2b9c45bdedc8ad103da84) Importer(2089858483,0ecaa5967403d082aa24f35e1b516d23)
Start importing Assets/Violet Theme Ui/White Icons/White Home 3.png using Guid(14b98b7c72e2b9c45bdedc8ad103da84) Importer(2089858483,0ecaa5967403d082aa24f35e1b516d23) [PhysX] Initialized MultithreadedTaskDispatcher with 20 workers.
 -> (artifact id: '2de10a737c575f0c6f4f446f772db0c9') in 0.014886 seconds
Number of updated asset objects reloaded before import = 0
Number of asset objects unloaded after import = 3
========================================================================
Received Import Request.
  Time since last request: 0.000020 seconds.
  path: Assets/Violet Theme Ui/Colored Icons/Settings.png
  artifactKey: Guid(48b0fefc4a72a0f4387285d695ca3e0a) Importer(2089858483,0ecaa5967403d082aa24f35e1b516d23)
Start importing Assets/Violet Theme Ui/Colored Icons/Settings.png using Guid(48b0fefc4a72a0f4387285d695ca3e0a) Importer(2089858483,0ecaa5967403d082aa24f35e1b516d23) [PhysX] Initialized MultithreadedTaskDispatcher with 20 workers.
 -> (artifact id: '1d1bb44e689f551a633b0888b8a0624e') in 0.011801 seconds
Number of updated asset objects reloaded before import = 0
Number of asset objects unloaded after import = 3
========================================================================
Received Import Request.
  Time since last request: 0.000017 seconds.
  path: Assets/Violet Theme Ui/White Icons/White Questions 1.png
  artifactKey: Guid(e37004e4fdae53043a3a1f5c71bccc4c) Importer(2089858483,0ecaa5967403d082aa24f35e1b516d23)
Start importing Assets/Violet Theme Ui/White Icons/White Questions 1.png using Guid(e37004e4fdae53043a3a1f5c71bccc4c) Importer(2089858483,0ecaa5967403d082aa24f35e1b516d23) [PhysX] Initialized MultithreadedTaskDispatcher with 20 workers.
 -> (artifact id: 'e32e7cdb018315d5f0c242d9b19e0232') in 0.008058 seconds
Number of updated asset objects reloaded before import = 0
Number of asset objects unloaded after import = 3
========================================================================
Received Import Request.
  Time since last request: 0.000015 seconds.
  path: Assets/Violet Theme Ui/Progress Bars/Progress Bar BG.afdesign
  artifactKey: Guid(258ad6f2768cada41b9e9539169d8955) Importer(2089858483,0ecaa5967403d082aa24f35e1b516d23)
Start importing Assets/Violet Theme Ui/Progress Bars/Progress Bar BG.afdesign using Guid(258ad6f2768cada41b9e9539169d8955) Importer(2089858483,0ecaa5967403d082aa24f35e1b516d23) [PhysX] Initialized MultithreadedTaskDispatcher with 20 workers.
 -> (artifact id: 'f80d6ce79c62ec36d801af157a9ecc89') in 0.002820 seconds
Number of updated asset objects reloaded before import = 0
Number of asset objects unloaded after import = 1
========================================================================
Received Import Request.
  Time since last request: 0.000034 seconds.
  path: Assets/Violet Theme Ui/Documentation..pdf
  artifactKey: Guid(730b11d64d2b90f498e0d70e322753a1) Importer(2089858483,0ecaa5967403d082aa24f35e1b516d23)
Start importing Assets/Violet Theme Ui/Documentation..pdf using Guid(730b11d64d2b90f498e0d70e322753a1) Importer(2089858483,0ecaa5967403d082aa24f35e1b516d23) [PhysX] Initialized MultithreadedTaskDispatcher with 20 workers.
 -> (artifact id: '81a5c9bc9928ffc2e391f3726bb5b79c') in 0.002672 seconds
Number of updated asset objects reloaded before import = 0
Number of asset objects unloaded after import = 1
========================================================================
Received Import Request.
  Time since last request: 0.000015 seconds.
  path: Assets/Violet Theme Ui/Buttons/Misc/Background.png
  artifactKey: Guid(103ed4397ca7479479873ab55626ff41) Importer(2089858483,0ecaa5967403d082aa24f35e1b516d23)
Start importing Assets/Violet Theme Ui/Buttons/Misc/Background.png using Guid(103ed4397ca7479479873ab55626ff41) Importer(2089858483,0ecaa5967403d082aa24f35e1b516d23) [PhysX] Initialized MultithreadedTaskDispatcher with 20 workers.
 -> (artifact id: 'a941c4b0a959c5085fd7f1262172ec57') in 0.010531 seconds
Number of updated asset objects reloaded before import = 0
Number of asset objects unloaded after import = 3
========================================================================
Received Import Request.
  Time since last request: 0.000016 seconds.
  path: Assets/Violet Theme Ui/White Icons/White Building.png
  artifactKey: Guid(3580e3b3da4859240ac7a3e3c6cedc81) Importer(2089858483,0ecaa5967403d082aa24f35e1b516d23)
Start importing Assets/Violet Theme Ui/White Icons/White Building.png using Guid(3580e3b3da4859240ac7a3e3c6cedc81) Importer(2089858483,0ecaa5967403d082aa24f35e1b516d23) [PhysX] Initialized MultithreadedTaskDispatcher with 20 workers.
 -> (artifact id: '99af1ffb7db5880dcabb0e548804df52') in 0.007575 seconds
Number of updated asset objects reloaded before import = 0
Number of asset objects unloaded after import = 3
========================================================================
Received Import Request.
  Time since last request: 0.000015 seconds.
  path: Assets/Violet Theme Ui/Progress Bars/Progress Bar.afdesign
  artifactKey: Guid(81f58e329c0b3684787304d2ce3706a0) Importer(2089858483,0ecaa5967403d082aa24f35e1b516d23)
Start importing Assets/Violet Theme Ui/Progress Bars/Progress Bar.afdesign using Guid(81f58e329c0b3684787304d2ce3706a0) Importer(2089858483,0ecaa5967403d082aa24f35e1b516d23) [PhysX] Initialized MultithreadedTaskDispatcher with 20 workers.
 -> (artifact id: '3a91a6daad02db7f02c31babffcd4c35') in 0.002850 seconds
Number of updated asset objects reloaded before import = 0
Number of asset objects unloaded after import = 1
========================================================================
Received Import Request.
  Time since last request: 0.000016 seconds.
  path: Assets/Violet Theme Ui/Panels/Panels.afdesign
  artifactKey: Guid(a32677bfc1f00f54a896d384d319431f) Importer(2089858483,0ecaa5967403d082aa24f35e1b516d23)
Start importing Assets/Violet Theme Ui/Panels/Panels.afdesign using Guid(a32677bfc1f00f54a896d384d319431f) Importer(2089858483,0ecaa5967403d082aa24f35e1b516d23) [PhysX] Initialized MultithreadedTaskDispatcher with 20 workers.
 -> (artifact id: 'ce53221f21553c921fe2526ef7111702') in 0.002866 seconds
Number of updated asset objects reloaded before import = 0
Number of asset objects unloaded after import = 1
========================================================================
Received Import Request.
  Time since last request: 0.000017 seconds.
  path: Assets/Violet Theme Ui/Prefab/Toggles/Toggle Pink.prefab
  artifactKey: Guid(ec429b3b68bd482408c90230ff3d5b2f) Importer(2089858483,0ecaa5967403d082aa24f35e1b516d23)
Start importing Assets/Violet Theme Ui/Prefab/Toggles/Toggle Pink.prefab using Guid(ec429b3b68bd482408c90230ff3d5b2f) Importer(2089858483,0ecaa5967403d082aa24f35e1b516d23) [PhysX] Initialized MultithreadedTaskDispatcher with 20 workers.
 -> (artifact id: '6e9198bf8dbde6bda874a6a8d138851e') in 0.009595 seconds
Number of updated asset objects reloaded before import = 0
Number of asset objects unloaded after import = 19
========================================================================
Received Import Request.
  Time since last request: 0.000016 seconds.
  path: Assets/Violet Theme Ui/White Icons/White Friends.png
  artifactKey: Guid(5cc2642d821bdb54bb03592411e3180d) Importer(2089858483,0ecaa5967403d082aa24f35e1b516d23)
Start importing Assets/Violet Theme Ui/White Icons/White Friends.png using Guid(5cc2642d821bdb54bb03592411e3180d) Importer(2089858483,0ecaa5967403d082aa24f35e1b516d23) [PhysX] Initialized MultithreadedTaskDispatcher with 20 workers.
 -> (artifact id: '6a38a7bba512538921e5eab79b1dd642') in 0.011140 seconds
Number of updated asset objects reloaded before import = 0
Number of asset objects unloaded after import = 6
========================================================================
Received Import Request.
  Time since last request: 0.000015 seconds.
  path: Assets/Violet Theme Ui/White Icons/White ScrewDriver.png
  artifactKey: Guid(37d42bdd4ef2cf646834aec0bdc1609b) Importer(2089858483,0ecaa5967403d082aa24f35e1b516d23)
Start importing Assets/Violet Theme Ui/White Icons/White ScrewDriver.png using Guid(37d42bdd4ef2cf646834aec0bdc1609b) Importer(2089858483,0ecaa5967403d082aa24f35e1b516d23) [PhysX] Initialized MultithreadedTaskDispatcher with 20 workers.
 -> (artifact id: 'f476adb59a4767d7b347b043696f2524') in 0.007993 seconds
Number of updated asset objects reloaded before import = 0
Number of asset objects unloaded after import = 3
========================================================================
Received Import Request.
  Time since last request: 0.000013 seconds.
  path: Assets/Violet Theme Ui/Colored Icons/Magnifying Glass.png
  artifactKey: Guid(c565245094b56bb4e906bb430bd0702f) Importer(2089858483,0ecaa5967403d082aa24f35e1b516d23)
Start importing Assets/Violet Theme Ui/Colored Icons/Magnifying Glass.png using Guid(c565245094b56bb4e906bb430bd0702f) Importer(2089858483,0ecaa5967403d082aa24f35e1b516d23) [PhysX] Initialized MultithreadedTaskDispatcher with 20 workers.
 -> (artifact id: '0662bce5af5a72db6326d99bb8c5171b') in 0.007484 seconds
Number of updated asset objects reloaded before import = 0
Number of asset objects unloaded after import = 3
========================================================================
Received Import Request.
  Time since last request: 0.000015 seconds.
  path: Assets/Violet Theme Ui/Colored Icons/Ticket.png
  artifactKey: Guid(06322fbdfb1208249aa890e8ea3d1453) Importer(2089858483,0ecaa5967403d082aa24f35e1b516d23)
Start importing Assets/Violet Theme Ui/Colored Icons/Ticket.png using Guid(06322fbdfb1208249aa890e8ea3d1453) Importer(2089858483,0ecaa5967403d082aa24f35e1b516d23) [PhysX] Initialized MultithreadedTaskDispatcher with 20 workers.
 -> (artifact id: 'd8065e3ef8d8cc4746d19a1e9845fd3a') in 0.009365 seconds
Number of updated asset objects reloaded before import = 0
Number of asset objects unloaded after import = 3
========================================================================
Received Import Request.
  Time since last request: 0.000018 seconds.
  path: Assets/Violet Theme Ui/Colored Icons/Gold Lock.png
  artifactKey: Guid(38ddff12778ca354e99a1f645644de56) Importer(2089858483,0ecaa5967403d082aa24f35e1b516d23)
Start importing Assets/Violet Theme Ui/Colored Icons/Gold Lock.png using Guid(38ddff12778ca354e99a1f645644de56) Importer(2089858483,0ecaa5967403d082aa24f35e1b516d23) [PhysX] Initialized MultithreadedTaskDispatcher with 20 workers.
 -> (artifact id: 'cb5bdd9dc48b3e7303d50dcaf0b6c901') in 0.008397 seconds
Number of updated asset objects reloaded before import = 0
Number of asset objects unloaded after import = 3
========================================================================
Received Import Request.
  Time since last request: 0.000016 seconds.
  path: Assets/Violet Theme Ui/White Icons/White Pen.png
  artifactKey: Guid(936e454885c3e2145b35d3f1288d05aa) Importer(2089858483,0ecaa5967403d082aa24f35e1b516d23)
Start importing Assets/Violet Theme Ui/White Icons/White Pen.png using Guid(936e454885c3e2145b35d3f1288d05aa) Importer(2089858483,0ecaa5967403d082aa24f35e1b516d23) [PhysX] Initialized MultithreadedTaskDispatcher with 20 workers.
 -> (artifact id: '4756be2c192598ca4f3729a84cf87dd1') in 0.011030 seconds
Number of updated asset objects reloaded before import = 0
Number of asset objects unloaded after import = 4
========================================================================
Received Import Request.
  Time since last request: 0.000022 seconds.
  path: Assets/Violet Theme Ui/White Icons/White Sound On.png
  artifactKey: Guid(e66426b52acd2a948999e48ec901d97b) Importer(2089858483,0ecaa5967403d082aa24f35e1b516d23)
Start importing Assets/Violet Theme Ui/White Icons/White Sound On.png using Guid(e66426b52acd2a948999e48ec901d97b) Importer(2089858483,0ecaa5967403d082aa24f35e1b516d23) [PhysX] Initialized MultithreadedTaskDispatcher with 20 workers.
 -> (artifact id: 'd820d66c6ddd4aff78fb59175059152f') in 0.010431 seconds
Number of updated asset objects reloaded before import = 0
Number of asset objects unloaded after import = 5
========================================================================
Received Import Request.
  Time since last request: 0.000014 seconds.
  path: Assets/Violet Theme Ui/Progress Bars/Progress Bar Purple.png
  artifactKey: Guid(0815faab49ccf63458bea68717a665ae) Importer(2089858483,0ecaa5967403d082aa24f35e1b516d23)
Start importing Assets/Violet Theme Ui/Progress Bars/Progress Bar Purple.png using Guid(0815faab49ccf63458bea68717a665ae) Importer(2089858483,0ecaa5967403d082aa24f35e1b516d23) [PhysX] Initialized MultithreadedTaskDispatcher with 20 workers.
 -> (artifact id: '7eb330fe12d3ea886c5047867a2ae3be') in 0.010771 seconds
Number of updated asset objects reloaded before import = 0
Number of asset objects unloaded after import = 3
========================================================================
Received Import Request.
  Time since last request: 0.000015 seconds.
  path: Assets/Violet Theme Ui/Colored Icons/Ice Cream.png
  artifactKey: Guid(ff777246aa1a2ab428c099c13271de80) Importer(2089858483,0ecaa5967403d082aa24f35e1b516d23)
Start importing Assets/Violet Theme Ui/Colored Icons/Ice Cream.png using Guid(ff777246aa1a2ab428c099c13271de80) Importer(2089858483,0ecaa5967403d082aa24f35e1b516d23) [PhysX] Initialized MultithreadedTaskDispatcher with 20 workers.
 -> (artifact id: 'd290631ab588198003d91cc92f081579') in 0.007957 seconds
Number of updated asset objects reloaded before import = 0
Number of asset objects unloaded after import = 3
========================================================================
Received Import Request.
  Time since last request: 0.000019 seconds.
  path: Assets/Violet Theme Ui/White Icons/White Backward 2.png
  artifactKey: Guid(c962ddd9b0a42d3418bf5991eb64eeb8) Importer(2089858483,0ecaa5967403d082aa24f35e1b516d23)
Start importing Assets/Violet Theme Ui/White Icons/White Backward 2.png using Guid(c962ddd9b0a42d3418bf5991eb64eeb8) Importer(2089858483,0ecaa5967403d082aa24f35e1b516d23) [PhysX] Initialized MultithreadedTaskDispatcher with 20 workers.
 -> (artifact id: '3359e38c9b033cb9f41429717b10ceca') in 0.008769 seconds
Number of updated asset objects reloaded before import = 0
Number of asset objects unloaded after import = 3
========================================================================
Received Import Request.
  Time since last request: 0.000019 seconds.
  path: Assets/Violet Theme Ui/Colored Icons/Clock.png
  artifactKey: Guid(4879c28807ad63542b6f1c0842b574b2) Importer(2089858483,0ecaa5967403d082aa24f35e1b516d23)
Start importing Assets/Violet Theme Ui/Colored Icons/Clock.png using Guid(4879c28807ad63542b6f1c0842b574b2) Importer(2089858483,0ecaa5967403d082aa24f35e1b516d23) [PhysX] Initialized MultithreadedTaskDispatcher with 20 workers.
 -> (artifact id: '3fc907e555fabe45b83072b4872c375c') in 0.010292 seconds
Number of updated asset objects reloaded before import = 0
Number of asset objects unloaded after import = 3
========================================================================
Received Import Request.
  Time since last request: 0.000022 seconds.
  path: Assets/Violet Theme Ui/White Icons/White Shop 1.png
  artifactKey: Guid(0f80d17af4c953147b98d8f230285228) Importer(2089858483,0ecaa5967403d082aa24f35e1b516d23)
Start importing Assets/Violet Theme Ui/White Icons/White Shop 1.png using Guid(0f80d17af4c953147b98d8f230285228) Importer(2089858483,0ecaa5967403d082aa24f35e1b516d23) [PhysX] Initialized MultithreadedTaskDispatcher with 20 workers.
 -> (artifact id: '078e723a7e98c72fdece10f55cbcdb4e') in 0.010186 seconds
Number of updated asset objects reloaded before import = 0
Number of asset objects unloaded after import = 4
========================================================================
Received Import Request.
  Time since last request: 0.000039 seconds.
  path: Assets/Violet Theme Ui/Toggles/Toggle Fill Blue.png
  artifactKey: Guid(096850a21c881704988ae721d4033773) Importer(2089858483,0ecaa5967403d082aa24f35e1b516d23)
Start importing Assets/Violet Theme Ui/Toggles/Toggle Fill Blue.png using Guid(096850a21c881704988ae721d4033773) Importer(2089858483,0ecaa5967403d082aa24f35e1b516d23) [PhysX] Initialized MultithreadedTaskDispatcher with 20 workers.
 -> (artifact id: '843da5717150f35e39a4a644b52973e5') in 0.010499 seconds
Number of updated asset objects reloaded before import = 0
Number of asset objects unloaded after import = 3
========================================================================
Received Import Request.
  Time since last request: 0.000022 seconds.
  path: Assets/Violet Theme Ui/White Icons/White Snow Globe 2.png
  artifactKey: Guid(edae0c30266acd8488739e0305914058) Importer(2089858483,0ecaa5967403d082aa24f35e1b516d23)
Start importing Assets/Violet Theme Ui/White Icons/White Snow Globe 2.png using Guid(edae0c30266acd8488739e0305914058) Importer(2089858483,0ecaa5967403d082aa24f35e1b516d23) [PhysX] Initialized MultithreadedTaskDispatcher with 20 workers.
 -> (artifact id: '795b361405c4b468aa8258abc483f6dd') in 0.009743 seconds
Number of updated asset objects reloaded before import = 0
Number of asset objects unloaded after import = 4
========================================================================
Received Import Request.
  Time since last request: 0.000018 seconds.
  path: Assets/Violet Theme Ui/White Icons/White Message 2.png
  artifactKey: Guid(ef8f7e956d9d46e4b892fc4863cc6e5c) Importer(2089858483,0ecaa5967403d082aa24f35e1b516d23)
Start importing Assets/Violet Theme Ui/White Icons/White Message 2.png using Guid(ef8f7e956d9d46e4b892fc4863cc6e5c) Importer(2089858483,0ecaa5967403d082aa24f35e1b516d23) [PhysX] Initialized MultithreadedTaskDispatcher with 20 workers.
 -> (artifact id: 'ad6a002d65c896a87f58e135a65eaa65') in 0.011679 seconds
Number of updated asset objects reloaded before import = 0
Number of asset objects unloaded after import = 4
========================================================================
Received Import Request.
  Time since last request: 0.000015 seconds.
  path: Assets/Violet Theme Ui/White Icons/White Chat.png
  artifactKey: Guid(e0e00ede350534947bddc09603379697) Importer(2089858483,0ecaa5967403d082aa24f35e1b516d23)
Start importing Assets/Violet Theme Ui/White Icons/White Chat.png using Guid(e0e00ede350534947bddc09603379697) Importer(2089858483,0ecaa5967403d082aa24f35e1b516d23) [PhysX] Initialized MultithreadedTaskDispatcher with 20 workers.
 -> (artifact id: 'e0d19c82d136130ffa147928982b1a3b') in 0.008469 seconds
Number of updated asset objects reloaded before import = 0
Number of asset objects unloaded after import = 3
========================================================================
Received Import Request.
  Time since last request: 0.000017 seconds.
  path: Assets/Violet Theme Ui/White Icons/White Misc 1.png
  artifactKey: Guid(7e898551be21ba444acc993a9a736560) Importer(2089858483,0ecaa5967403d082aa24f35e1b516d23)
Start importing Assets/Violet Theme Ui/White Icons/White Misc 1.png using Guid(7e898551be21ba444acc993a9a736560) Importer(2089858483,0ecaa5967403d082aa24f35e1b516d23) [PhysX] Initialized MultithreadedTaskDispatcher with 20 workers.
 -> (artifact id: '620a61ff4c67a1039285085bbeba6281') in 0.014285 seconds
Number of updated asset objects reloaded before import = 0
Number of asset objects unloaded after import = 7
========================================================================
Received Import Request.
  Time since last request: 0.000019 seconds.
  path: Assets/Violet Theme Ui/White Icons/White Layers Round.png
  artifactKey: Guid(e0a17ee233304a242ba4649f5a99cd4c) Importer(2089858483,0ecaa5967403d082aa24f35e1b516d23)
Start importing Assets/Violet Theme Ui/White Icons/White Layers Round.png using Guid(e0a17ee233304a242ba4649f5a99cd4c) Importer(2089858483,0ecaa5967403d082aa24f35e1b516d23) [PhysX] Initialized MultithreadedTaskDispatcher with 20 workers.
 -> (artifact id: 'b67b6c8222a7cf7db44921b0c37cf09c') in 0.011534 seconds
Number of updated asset objects reloaded before import = 0
Number of asset objects unloaded after import = 5
========================================================================
Received Import Request.
  Time since last request: 0.000028 seconds.
  path: Assets/Violet Theme Ui/White Icons/White Subtract.png
  artifactKey: Guid(6d72efe67c73da241866fe5f803b9ee4) Importer(2089858483,0ecaa5967403d082aa24f35e1b516d23)
Start importing Assets/Violet Theme Ui/White Icons/White Subtract.png using Guid(6d72efe67c73da241866fe5f803b9ee4) Importer(2089858483,0ecaa5967403d082aa24f35e1b516d23) [PhysX] Initialized MultithreadedTaskDispatcher with 20 workers.
 -> (artifact id: '94e11285e32b582b423fade4f7571572') in 0.010709 seconds
Number of updated asset objects reloaded before import = 0
Number of asset objects unloaded after import = 3
========================================================================
Received Import Request.
  Time since last request: 0.000018 seconds.
  path: Assets/Violet Theme Ui/Prefab/Login.prefab
  artifactKey: Guid(8de9e4070f9532640a3f874b810ce4a3) Importer(2089858483,0ecaa5967403d082aa24f35e1b516d23)
Start importing Assets/Violet Theme Ui/Prefab/Login.prefab using Guid(8de9e4070f9532640a3f874b810ce4a3) Importer(2089858483,0ecaa5967403d082aa24f35e1b516d23) [PhysX] Initialized MultithreadedTaskDispatcher with 20 workers.
 -> (artifact id: 'a054c0f7ad25e6687a28e2f0f9d6e59c') in 0.010499 seconds
Number of updated asset objects reloaded before import = 0
Number of asset objects unloaded after import = 68
========================================================================
Received Import Request.
  Time since last request: 0.000016 seconds.
  path: Assets/Violet Theme Ui/White Icons/White Mountains.png
  artifactKey: Guid(69824fda0c31e1641a76ea54c6d0bc00) Importer(2089858483,0ecaa5967403d082aa24f35e1b516d23)
Start importing Assets/Violet Theme Ui/White Icons/White Mountains.png using Guid(69824fda0c31e1641a76ea54c6d0bc00) Importer(2089858483,0ecaa5967403d082aa24f35e1b516d23) [PhysX] Initialized MultithreadedTaskDispatcher with 20 workers.
 -> (artifact id: '8fd43a1501f1d135fd01ce55f500296b') in 0.008608 seconds
Number of updated asset objects reloaded before import = 0
Number of asset objects unloaded after import = 4
========================================================================
Received Import Request.
  Time since last request: 0.000022 seconds.
  path: Assets/Violet Theme Ui/White Icons/White Alarm 2.png
  artifactKey: Guid(e3937cebe64821a4f82f9d49c3c175db) Importer(2089858483,0ecaa5967403d082aa24f35e1b516d23)
Start importing Assets/Violet Theme Ui/White Icons/White Alarm 2.png using Guid(e3937cebe64821a4f82f9d49c3c175db) Importer(2089858483,0ecaa5967403d082aa24f35e1b516d23) [PhysX] Initialized MultithreadedTaskDispatcher with 20 workers.
 -> (artifact id: 'd389ac1f86ca5c05becd426cd44a0b00') in 0.010243 seconds
Number of updated asset objects reloaded before import = 0
Number of asset objects unloaded after import = 3
========================================================================
Received Import Request.
  Time since last request: 0.000018 seconds.
  path: Assets/Violet Theme Ui/White Icons/White Quiver.png
  artifactKey: Guid(7ebbe8a66c8166d45a87ef62481e8f41) Importer(2089858483,0ecaa5967403d082aa24f35e1b516d23)
Start importing Assets/Violet Theme Ui/White Icons/White Quiver.png using Guid(7ebbe8a66c8166d45a87ef62481e8f41) Importer(2089858483,0ecaa5967403d082aa24f35e1b516d23) [PhysX] Initialized MultithreadedTaskDispatcher with 20 workers.
 -> (artifact id: '1d2aebf6feafb9f0e8e7d698fd8cd2e3') in 0.008141 seconds
Number of updated asset objects reloaded before import = 0
Number of asset objects unloaded after import = 3
========================================================================
Received Import Request.
  Time since last request: 0.000030 seconds.
  path: Assets/Violet Theme Ui/White Icons/White Move Down.png
  artifactKey: Guid(799826695b4a66944af28bcf6d795c0d) Importer(2089858483,0ecaa5967403d082aa24f35e1b516d23)
Start importing Assets/Violet Theme Ui/White Icons/White Move Down.png using Guid(799826695b4a66944af28bcf6d795c0d) Importer(2089858483,0ecaa5967403d082aa24f35e1b516d23) [PhysX] Initialized MultithreadedTaskDispatcher with 20 workers.
 -> (artifact id: '6830c1fd49a6f38f768afa4b3882bf19') in 0.009151 seconds
Number of updated asset objects reloaded before import = 0
Number of asset objects unloaded after import = 3
========================================================================
Received Import Request.
  Time since last request: 0.000022 seconds.
  path: Assets/Violet Theme Ui/White Icons/White Fish 1.png
  artifactKey: Guid(e9f5ffbfecb772241b4a237e6f94e80d) Importer(2089858483,0ecaa5967403d082aa24f35e1b516d23)
Start importing Assets/Violet Theme Ui/White Icons/White Fish 1.png using Guid(e9f5ffbfecb772241b4a237e6f94e80d) Importer(2089858483,0ecaa5967403d082aa24f35e1b516d23) [PhysX] Initialized MultithreadedTaskDispatcher with 20 workers.
 -> (artifact id: '4d63a946c0421d1fe2e129250e57a816') in 0.011381 seconds
Number of updated asset objects reloaded before import = 0
Number of asset objects unloaded after import = 4
========================================================================
Received Import Request.
  Time since last request: 0.000025 seconds.
  path: Assets/Violet Theme Ui/White Icons/White Thumb Down.png
  artifactKey: Guid(b4f324868d453594cbc90bd2ba98bdd1) Importer(2089858483,0ecaa5967403d082aa24f35e1b516d23)
Start importing Assets/Violet Theme Ui/White Icons/White Thumb Down.png using Guid(b4f324868d453594cbc90bd2ba98bdd1) Importer(2089858483,0ecaa5967403d082aa24f35e1b516d23) [PhysX] Initialized MultithreadedTaskDispatcher with 20 workers.
 -> (artifact id: '733a7bb67037bf4ea5403773f71be9b3') in 0.009112 seconds
Number of updated asset objects reloaded before import = 0
Number of asset objects unloaded after import = 4
========================================================================
Received Import Request.
  Time since last request: 0.000033 seconds.
  path: Assets/Violet Theme Ui/Prefab/Progress Bar/Progress Bar Lavender.prefab
  artifactKey: Guid(e297ad5d1fe8db6419534426f3b2bf18) Importer(2089858483,0ecaa5967403d082aa24f35e1b516d23)
Start importing Assets/Violet Theme Ui/Prefab/Progress Bar/Progress Bar Lavender.prefab using Guid(e297ad5d1fe8db6419534426f3b2bf18) Importer(2089858483,0ecaa5967403d082aa24f35e1b516d23) [PhysX] Initialized MultithreadedTaskDispatcher with 20 workers.
 -> (artifact id: 'cf8e5633813027f79ba17d93a64a88f8') in 0.012032 seconds
Number of updated asset objects reloaded before import = 0
Number of asset objects unloaded after import = 17
========================================================================
Received Import Request.
  Time since last request: 0.000027 seconds.
  path: Assets/Violet Theme Ui/White Icons/White Symbol 14.png
  artifactKey: Guid(b0e596697b91d82409083c62e805898b) Importer(2089858483,0ecaa5967403d082aa24f35e1b516d23)
Start importing Assets/Violet Theme Ui/White Icons/White Symbol 14.png using Guid(b0e596697b91d82409083c62e805898b) Importer(2089858483,0ecaa5967403d082aa24f35e1b516d23) [PhysX] Initialized MultithreadedTaskDispatcher with 20 workers.
 -> (artifact id: '1c4271dfd98a506d0be147d43266209d') in 0.010330 seconds
Number of updated asset objects reloaded before import = 0
Number of asset objects unloaded after import = 4
========================================================================
Received Import Request.
  Time since last request: 0.000021 seconds.
  path: Assets/Violet Theme Ui/White Icons/White Heart Arrow.png
  artifactKey: Guid(399283a628f57804cbdf1072cb8c873b) Importer(2089858483,0ecaa5967403d082aa24f35e1b516d23)
Start importing Assets/Violet Theme Ui/White Icons/White Heart Arrow.png using Guid(399283a628f57804cbdf1072cb8c873b) Importer(2089858483,0ecaa5967403d082aa24f35e1b516d23) [PhysX] Initialized MultithreadedTaskDispatcher with 20 workers.
 -> (artifact id: '0c24814c81da5d005418a8c1e04a3673') in 0.009082 seconds
Number of updated asset objects reloaded before import = 0
Number of asset objects unloaded after import = 3
========================================================================
Received Import Request.
  Time since last request: 0.000014 seconds.
  path: Assets/Violet Theme Ui/Toggles/Toggle Fill Green.png
  artifactKey: Guid(5505ccb1a0cf5054393f94195e4cd60f) Importer(2089858483,0ecaa5967403d082aa24f35e1b516d23)
Start importing Assets/Violet Theme Ui/Toggles/Toggle Fill Green.png using Guid(5505ccb1a0cf5054393f94195e4cd60f) Importer(2089858483,0ecaa5967403d082aa24f35e1b516d23) [PhysX] Initialized MultithreadedTaskDispatcher with 20 workers.
 -> (artifact id: '0b17b4fc1e78e22d5e5856ffb83f2a5d') in 0.007823 seconds
Number of updated asset objects reloaded before import = 0
Number of asset objects unloaded after import = 3
========================================================================
Received Import Request.
  Time since last request: 0.000019 seconds.
  path: Assets/Violet Theme Ui/White Icons/White Witch Hat.png
  artifactKey: Guid(43956d00e12bb3941a8aaca2f2d11f75) Importer(2089858483,0ecaa5967403d082aa24f35e1b516d23)
Start importing Assets/Violet Theme Ui/White Icons/White Witch Hat.png using Guid(43956d00e12bb3941a8aaca2f2d11f75) Importer(2089858483,0ecaa5967403d082aa24f35e1b516d23) [PhysX] Initialized MultithreadedTaskDispatcher with 20 workers.
 -> (artifact id: 'b275397100215ecd6ca9335fc82f9d1e') in 0.008845 seconds
Number of updated asset objects reloaded before import = 0
Number of asset objects unloaded after import = 4
========================================================================
Received Import Request.
  Time since last request: 0.000018 seconds.
  path: Assets/Violet Theme Ui/White Icons/White Timer.png
  artifactKey: Guid(07cb3c5e393a88541b848f22a7ca18cb) Importer(2089858483,0ecaa5967403d082aa24f35e1b516d23)
Start importing Assets/Violet Theme Ui/White Icons/White Timer.png using Guid(07cb3c5e393a88541b848f22a7ca18cb) Importer(2089858483,0ecaa5967403d082aa24f35e1b516d23) [PhysX] Initialized MultithreadedTaskDispatcher with 20 workers.
 -> (artifact id: '64b7a7d908b064c007e695048ddf25c5') in 0.012583 seconds
Number of updated asset objects reloaded before import = 0
Number of asset objects unloaded after import = 6
========================================================================
Received Import Request.
  Time since last request: 0.000019 seconds.
  path: Assets/Violet Theme Ui/White Icons/White Percent.png
  artifactKey: Guid(08bf6b6609f89a94991487020b4bb1fc) Importer(2089858483,0ecaa5967403d082aa24f35e1b516d23)
Start importing Assets/Violet Theme Ui/White Icons/White Percent.png using Guid(08bf6b6609f89a94991487020b4bb1fc) Importer(2089858483,0ecaa5967403d082aa24f35e1b516d23) [PhysX] Initialized MultithreadedTaskDispatcher with 20 workers.
 -> (artifact id: '414af9ff84b04618608757e4c0174b55') in 0.009355 seconds
Number of updated asset objects reloaded before import = 0
Number of asset objects unloaded after import = 3
========================================================================
Received Import Request.
  Time since last request: 0.000023 seconds.
  path: Assets/Violet Theme Ui/Panels/White Panel Blue.png
  artifactKey: Guid(1a0826b925ea56842b7027ed1df8df4b) Importer(2089858483,0ecaa5967403d082aa24f35e1b516d23)
Start importing Assets/Violet Theme Ui/Panels/White Panel Blue.png using Guid(1a0826b925ea56842b7027ed1df8df4b) Importer(2089858483,0ecaa5967403d082aa24f35e1b516d23) [PhysX] Initialized MultithreadedTaskDispatcher with 20 workers.
 -> (artifact id: '12b4c577fcc9d60ed9994e494bdfa2b4') in 0.011852 seconds
Number of updated asset objects reloaded before import = 0
Number of asset objects unloaded after import = 3
========================================================================
Received Import Request.
  Time since last request: 0.000015 seconds.
  path: Assets/Violet Theme Ui/Colored Icons/meat.png
  artifactKey: Guid(f2846ec1658c8534d8487b998ae89b4b) Importer(2089858483,0ecaa5967403d082aa24f35e1b516d23)
Start importing Assets/Violet Theme Ui/Colored Icons/meat.png using Guid(f2846ec1658c8534d8487b998ae89b4b) Importer(2089858483,0ecaa5967403d082aa24f35e1b516d23) [PhysX] Initialized MultithreadedTaskDispatcher with 20 workers.
 -> (artifact id: '2773e8f97a86996c56d0cc7d37662b12') in 0.008584 seconds
Number of updated asset objects reloaded before import = 0
Number of asset objects unloaded after import = 3
========================================================================
Received Import Request.
  Time since last request: 0.000016 seconds.
  path: Assets/Violet Theme Ui/Panels/White Panel Style 2 purple.png
  artifactKey: Guid(c5442373b3b85274aab549187ebb01b5) Importer(2089858483,0ecaa5967403d082aa24f35e1b516d23)
Start importing Assets/Violet Theme Ui/Panels/White Panel Style 2 purple.png using Guid(c5442373b3b85274aab549187ebb01b5) Importer(2089858483,0ecaa5967403d082aa24f35e1b516d23) [PhysX] Initialized MultithreadedTaskDispatcher with 20 workers.
 -> (artifact id: 'b4fc8ba24cc6c03f9b5fee1e7b954a6f') in 0.010367 seconds
Number of updated asset objects reloaded before import = 0
Number of asset objects unloaded after import = 3
========================================================================
Received Import Request.
  Time since last request: 0.000016 seconds.
  path: Assets/Violet Theme Ui/White Icons
  artifactKey: Guid(4518c12eb2953dc45b92f61d3dc6e098) Importer(2089858483,0ecaa5967403d082aa24f35e1b516d23)
Start importing Assets/Violet Theme Ui/White Icons using Guid(4518c12eb2953dc45b92f61d3dc6e098) Importer(2089858483,0ecaa5967403d082aa24f35e1b516d23) [PhysX] Initialized MultithreadedTaskDispatcher with 20 workers.
 -> (artifact id: '01e74dd729b2600c451d670012b8c45e') in 0.002583 seconds
Number of updated asset objects reloaded before import = 0
Number of asset objects unloaded after import = 1
========================================================================
Received Import Request.
  Time since last request: 0.000015 seconds.
  path: Assets/Violet Theme Ui/White Icons/White Battery Empty.png
  artifactKey: Guid(8d9f54261b21bc6408119d9e04cc974f) Importer(2089858483,0ecaa5967403d082aa24f35e1b516d23)
Start importing Assets/Violet Theme Ui/White Icons/White Battery Empty.png using Guid(8d9f54261b21bc6408119d9e04cc974f) Importer(2089858483,0ecaa5967403d082aa24f35e1b516d23) [PhysX] Initialized MultithreadedTaskDispatcher with 20 workers.
 -> (artifact id: 'eb120500c7d42c0b3cdaa5eaf862c9b0') in 0.011040 seconds
Number of updated asset objects reloaded before import = 0
Number of asset objects unloaded after import = 4
========================================================================
Received Import Request.
  Time since last request: 0.000017 seconds.
  path: Assets/Violet Theme Ui/White Icons/White Cart.png
  artifactKey: Guid(cfdbd5242e19eb8438226557819869a0) Importer(2089858483,0ecaa5967403d082aa24f35e1b516d23)
Start importing Assets/Violet Theme Ui/White Icons/White Cart.png using Guid(cfdbd5242e19eb8438226557819869a0) Importer(2089858483,0ecaa5967403d082aa24f35e1b516d23) [PhysX] Initialized MultithreadedTaskDispatcher with 20 workers.
 -> (artifact id: 'a5d72db87f6d7efc7c2294d02be02bf6') in 0.008945 seconds
Number of updated asset objects reloaded before import = 0
Number of asset objects unloaded after import = 5
========================================================================
Received Import Request.
  Time since last request: 0.000015 seconds.
  path: Assets/Violet Theme Ui/White Icons/White Move LeftRight.png
  artifactKey: Guid(2e885d607179f424baafbef88f29e8cb) Importer(2089858483,0ecaa5967403d082aa24f35e1b516d23)
Start importing Assets/Violet Theme Ui/White Icons/White Move LeftRight.png using Guid(2e885d607179f424baafbef88f29e8cb) Importer(2089858483,0ecaa5967403d082aa24f35e1b516d23) [PhysX] Initialized MultithreadedTaskDispatcher with 20 workers.
 -> (artifact id: '1b396058d73367ea66f81c9412a6f779') in 0.011139 seconds
Number of updated asset objects reloaded before import = 0
Number of asset objects unloaded after import = 4
========================================================================
Received Import Request.
  Time since last request: 0.000017 seconds.
  path: Assets/Violet Theme Ui/Sliders/Slider Background.afdesign
  artifactKey: Guid(885b8cc82a55dcd40a3dd2f7cdc9fc1f) Importer(2089858483,0ecaa5967403d082aa24f35e1b516d23)
Start importing Assets/Violet Theme Ui/Sliders/Slider Background.afdesign using Guid(885b8cc82a55dcd40a3dd2f7cdc9fc1f) Importer(2089858483,0ecaa5967403d082aa24f35e1b516d23) [PhysX] Initialized MultithreadedTaskDispatcher with 20 workers.
 -> (artifact id: 'e7497c36b853800c4f1b29230e497b4e') in 0.002913 seconds
Number of updated asset objects reloaded before import = 0
Number of asset objects unloaded after import = 1
========================================================================
Received Import Request.
  Time since last request: 0.000051 seconds.
  path: Assets/Violet Theme Ui/Colored Icons/Gem 1 Green.png
  artifactKey: Guid(aa690ae72e998f54b8c8b099d2165bab) Importer(2089858483,0ecaa5967403d082aa24f35e1b516d23)
Start importing Assets/Violet Theme Ui/Colored Icons/Gem 1 Green.png using Guid(aa690ae72e998f54b8c8b099d2165bab) Importer(2089858483,0ecaa5967403d082aa24f35e1b516d23) [PhysX] Initialized MultithreadedTaskDispatcher with 20 workers.
 -> (artifact id: '5cfbf5694c50f96b9422825c6fe42755') in 0.008091 seconds
Number of updated asset objects reloaded before import = 0
Number of asset objects unloaded after import = 3
========================================================================
Received Import Request.
  Time since last request: 0.000016 seconds.
  path: Assets/Violet Theme Ui/White Icons/White Select 2.png
  artifactKey: Guid(3245564e41c5636469ea3f964aa29e55) Importer(2089858483,0ecaa5967403d082aa24f35e1b516d23)
Start importing Assets/Violet Theme Ui/White Icons/White Select 2.png using Guid(3245564e41c5636469ea3f964aa29e55) Importer(2089858483,0ecaa5967403d082aa24f35e1b516d23) [PhysX] Initialized MultithreadedTaskDispatcher with 20 workers.
 -> (artifact id: '1e6d0fb5cde8847dd48e8de745c1a063') in 0.012914 seconds
Number of updated asset objects reloaded before import = 0
Number of asset objects unloaded after import = 5
========================================================================
Received Import Request.
  Time since last request: 0.000019 seconds.
  path: Assets/Violet Theme Ui/White Icons/White Alarm.png
  artifactKey: Guid(085769504e28a10409187eb9d0d38e0f) Importer(2089858483,0ecaa5967403d082aa24f35e1b516d23)
Start importing Assets/Violet Theme Ui/White Icons/White Alarm.png using Guid(085769504e28a10409187eb9d0d38e0f) Importer(2089858483,0ecaa5967403d082aa24f35e1b516d23) [PhysX] Initialized MultithreadedTaskDispatcher with 20 workers.
 -> (artifact id: 'f65af787921c677d83c04c11cec9ccd5') in 0.012514 seconds
Number of updated asset objects reloaded before import = 0
Number of asset objects unloaded after import = 5
========================================================================
Received Import Request.
  Time since last request: 0.000020 seconds.
  path: Assets/Violet Theme Ui/White Icons/White Symbol 9.png
  artifactKey: Guid(1ec11e28ff92b614abacf24bca5e1f5f) Importer(2089858483,0ecaa5967403d082aa24f35e1b516d23)
Start importing Assets/Violet Theme Ui/White Icons/White Symbol 9.png using Guid(1ec11e28ff92b614abacf24bca5e1f5f) Importer(2089858483,0ecaa5967403d082aa24f35e1b516d23) [PhysX] Initialized MultithreadedTaskDispatcher with 20 workers.
 -> (artifact id: '890a013237c530d5754dad51a56014d9') in 0.008023 seconds
Number of updated asset objects reloaded before import = 0
Number of asset objects unloaded after import = 3
========================================================================
Received Import Request.
  Time since last request: 0.000015 seconds.
  path: Assets/Violet Theme Ui/White Icons/White Picture.png
  artifactKey: Guid(2ca81cad14bb89840ab5fd4900af2738) Importer(2089858483,0ecaa5967403d082aa24f35e1b516d23)
Start importing Assets/Violet Theme Ui/White Icons/White Picture.png using Guid(2ca81cad14bb89840ab5fd4900af2738) Importer(2089858483,0ecaa5967403d082aa24f35e1b516d23) [PhysX] Initialized MultithreadedTaskDispatcher with 20 workers.
 -> (artifact id: 'd5c2d52263089eb9f812a00c546e1f63') in 0.010807 seconds
Number of updated asset objects reloaded before import = 0
Number of asset objects unloaded after import = 3
========================================================================
Received Import Request.
  Time since last request: 0.000016 seconds.
  path: Assets/Violet Theme Ui/White Icons/White Trash Can.png
  artifactKey: Guid(c0a55cb526e493245950eb83307e2b1c) Importer(2089858483,0ecaa5967403d082aa24f35e1b516d23)
Start importing Assets/Violet Theme Ui/White Icons/White Trash Can.png using Guid(c0a55cb526e493245950eb83307e2b1c) Importer(2089858483,0ecaa5967403d082aa24f35e1b516d23) [PhysX] Initialized MultithreadedTaskDispatcher with 20 workers.
 -> (artifact id: 'a9bb29b08da0dc87eede8cbabb270572') in 0.009034 seconds
Number of updated asset objects reloaded before import = 0
Number of asset objects unloaded after import = 4
========================================================================
Received Import Request.
  Time since last request: 0.000016 seconds.
  path: Assets/Violet Theme Ui/Prefab/Progress Bar/Progress Bar Pink.prefab
  artifactKey: Guid(a6cf32a12d3652b438604456170c13c9) Importer(2089858483,0ecaa5967403d082aa24f35e1b516d23)
Start importing Assets/Violet Theme Ui/Prefab/Progress Bar/Progress Bar Pink.prefab using Guid(a6cf32a12d3652b438604456170c13c9) Importer(2089858483,0ecaa5967403d082aa24f35e1b516d23) [PhysX] Initialized MultithreadedTaskDispatcher with 20 workers.
 -> (artifact id: 'f86f4d6833b9f305ff85f18278385b91') in 0.010162 seconds
Number of updated asset objects reloaded before import = 0
Number of asset objects unloaded after import = 17
========================================================================
Received Import Request.
  Time since last request: 0.000019 seconds.
  path: Assets/Violet Theme Ui/White Icons/White Gear 1.png
  artifactKey: Guid(947a4a4150039314191f967d35886cf1) Importer(2089858483,0ecaa5967403d082aa24f35e1b516d23)
Start importing Assets/Violet Theme Ui/White Icons/White Gear 1.png using Guid(947a4a4150039314191f967d35886cf1) Importer(2089858483,0ecaa5967403d082aa24f35e1b516d23) [PhysX] Initialized MultithreadedTaskDispatcher with 20 workers.
 -> (artifact id: '49c81ee7580620fb3097bf92962c9647') in 0.007495 seconds
Number of updated asset objects reloaded before import = 0
Number of asset objects unloaded after import = 3
========================================================================
Received Import Request.
  Time since last request: 0.000017 seconds.
  path: Assets/Violet Theme Ui/White Icons/White Crown 2.png
  artifactKey: Guid(97a7a415fdd23b046a9d12ddb2e073c2) Importer(2089858483,0ecaa5967403d082aa24f35e1b516d23)
Start importing Assets/Violet Theme Ui/White Icons/White Crown 2.png using Guid(97a7a415fdd23b046a9d12ddb2e073c2) Importer(2089858483,0ecaa5967403d082aa24f35e1b516d23) [PhysX] Initialized MultithreadedTaskDispatcher with 20 workers.
 -> (artifact id: '975e0bf572d4236249874c5c2d60108c') in 0.009409 seconds
Number of updated asset objects reloaded before import = 0
Number of asset objects unloaded after import = 3
========================================================================
Received Import Request.
  Time since last request: 0.000017 seconds.
  path: Assets/Violet Theme Ui/White Icons/White Sysmbol 2.png
  artifactKey: Guid(3f10fa43175c5ef40b680d82908fba87) Importer(2089858483,0ecaa5967403d082aa24f35e1b516d23)
Start importing Assets/Violet Theme Ui/White Icons/White Sysmbol 2.png using Guid(3f10fa43175c5ef40b680d82908fba87) Importer(2089858483,0ecaa5967403d082aa24f35e1b516d23) [PhysX] Initialized MultithreadedTaskDispatcher with 20 workers.
 -> (artifact id: 'e5dc59fe8060af63f51beb5a0659cac2') in 0.010316 seconds
Number of updated asset objects reloaded before import = 0
Number of asset objects unloaded after import = 7
========================================================================
Received Import Request.
  Time since last request: 0.000020 seconds.
  path: Assets/Violet Theme Ui/Sliders/Handle Violet.png
  artifactKey: Guid(1bf6b9a3ebb8b9444b55cca415d03ac5) Importer(2089858483,0ecaa5967403d082aa24f35e1b516d23)
Start importing Assets/Violet Theme Ui/Sliders/Handle Violet.png using Guid(1bf6b9a3ebb8b9444b55cca415d03ac5) Importer(2089858483,0ecaa5967403d082aa24f35e1b516d23) [PhysX] Initialized MultithreadedTaskDispatcher with 20 workers.
 -> (artifact id: 'a270d671cfb5f28d2a31eeb93c2d1fb7') in 0.009053 seconds
Number of updated asset objects reloaded before import = 0
Number of asset objects unloaded after import = 3
========================================================================
Received Import Request.
  Time since last request: 0.000017 seconds.
  path: Assets/Violet Theme Ui/White Icons/White Magnet.png
  artifactKey: Guid(8cfada4c89eaa6c4685c523b514b7796) Importer(2089858483,0ecaa5967403d082aa24f35e1b516d23)
Start importing Assets/Violet Theme Ui/White Icons/White Magnet.png using Guid(8cfada4c89eaa6c4685c523b514b7796) Importer(2089858483,0ecaa5967403d082aa24f35e1b516d23) [PhysX] Initialized MultithreadedTaskDispatcher with 20 workers.
 -> (artifact id: 'fb3a705ab311f86e50c3bff6b4faacb7') in 0.009121 seconds
Number of updated asset objects reloaded before import = 0
Number of asset objects unloaded after import = 5
========================================================================
Received Import Request.
  Time since last request: 0.000016 seconds.
  path: Assets/Violet Theme Ui/Prefab/Slider/Slider Lavender.prefab
  artifactKey: Guid(42086793b9b4d7c46b50848cbabcae4e) Importer(2089858483,0ecaa5967403d082aa24f35e1b516d23)
Start importing Assets/Violet Theme Ui/Prefab/Slider/Slider Lavender.prefab using Guid(42086793b9b4d7c46b50848cbabcae4e) Importer(2089858483,0ecaa5967403d082aa24f35e1b516d23) [PhysX] Initialized MultithreadedTaskDispatcher with 20 workers.
 -> (artifact id: '5e2394cc7a3011e0496756455032ac6a') in 0.010023 seconds
Number of updated asset objects reloaded before import = 0
Number of asset objects unloaded after import = 24
========================================================================
Received Import Request.
  Time since last request: 0.000016 seconds.
  path: Assets/Violet Theme Ui/Progress Bars/Progress Bar Violet.png
  artifactKey: Guid(995f1bd50066f2b40a5bf442c8a8510c) Importer(2089858483,0ecaa5967403d082aa24f35e1b516d23)
Start importing Assets/Violet Theme Ui/Progress Bars/Progress Bar Violet.png using Guid(995f1bd50066f2b40a5bf442c8a8510c) Importer(2089858483,0ecaa5967403d082aa24f35e1b516d23) [PhysX] Initialized MultithreadedTaskDispatcher with 20 workers.
 -> (artifact id: '0fe7b05fbb599f9fc24116b8fc81c1ad') in 0.008134 seconds
Number of updated asset objects reloaded before import = 0
Number of asset objects unloaded after import = 3
========================================================================
Received Import Request.
  Time since last request: 0.000022 seconds.
  path: Assets/Violet Theme Ui/Prefab/Toggles/Toggle Blue.prefab
  artifactKey: Guid(8ce41f8e8c258734c8e6870e28e62127) Importer(2089858483,0ecaa5967403d082aa24f35e1b516d23)
Start importing Assets/Violet Theme Ui/Prefab/Toggles/Toggle Blue.prefab using Guid(8ce41f8e8c258734c8e6870e28e62127) Importer(2089858483,0ecaa5967403d082aa24f35e1b516d23) [PhysX] Initialized MultithreadedTaskDispatcher with 20 workers.
 -> (artifact id: '30a095f17d0464489121647d24c6dd60') in 0.010237 seconds
Number of updated asset objects reloaded before import = 0
Number of asset objects unloaded after import = 19
========================================================================
Received Import Request.
  Time since last request: 0.000014 seconds.
  path: Assets/Violet Theme Ui/White Icons/White Home.png
  artifactKey: Guid(bf99bf5f0d2339f44b1dca9c18a3b4da) Importer(2089858483,0ecaa5967403d082aa24f35e1b516d23)
Start importing Assets/Violet Theme Ui/White Icons/White Home.png using Guid(bf99bf5f0d2339f44b1dca9c18a3b4da) Importer(2089858483,0ecaa5967403d082aa24f35e1b516d23) [PhysX] Initialized MultithreadedTaskDispatcher with 20 workers.
 -> (artifact id: 'f3d294f787725e409a00c2ac1fa5ad12') in 0.008157 seconds
Number of updated asset objects reloaded before import = 0
Number of asset objects unloaded after import = 4
========================================================================
Received Import Request.
  Time since last request: 0.000014 seconds.
  path: Assets/Violet Theme Ui/White Icons/White Mask.png
  artifactKey: Guid(66696ccde8a43d84ca1148ccebc54c17) Importer(2089858483,0ecaa5967403d082aa24f35e1b516d23)
Start importing Assets/Violet Theme Ui/White Icons/White Mask.png using Guid(66696ccde8a43d84ca1148ccebc54c17) Importer(2089858483,0ecaa5967403d082aa24f35e1b516d23) [PhysX] Initialized MultithreadedTaskDispatcher with 20 workers.
 -> (artifact id: '194faf93a86b8a551e4e4b1e6f6980b8') in 0.011820 seconds
Number of updated asset objects reloaded before import = 0
Number of asset objects unloaded after import = 3
========================================================================
Received Import Request.
  Time since last request: 0.000017 seconds.
  path: Assets/Violet Theme Ui/Colored Icons/Heart.png
  artifactKey: Guid(2b8558b645a07d74582677fd0bf9dfa9) Importer(2089858483,0ecaa5967403d082aa24f35e1b516d23)
Start importing Assets/Violet Theme Ui/Colored Icons/Heart.png using Guid(2b8558b645a07d74582677fd0bf9dfa9) Importer(2089858483,0ecaa5967403d082aa24f35e1b516d23) [PhysX] Initialized MultithreadedTaskDispatcher with 20 workers.
 -> (artifact id: 'bde042afadcd729641402e8672dab7a7') in 0.009275 seconds
Number of updated asset objects reloaded before import = 0
Number of asset objects unloaded after import = 3
========================================================================
Received Import Request.
  Time since last request: 0.000016 seconds.
  path: Assets/Violet Theme Ui/White Icons/White Clip.png
  artifactKey: Guid(3137341deac2841429264dea35abb59d) Importer(2089858483,0ecaa5967403d082aa24f35e1b516d23)
Start importing Assets/Violet Theme Ui/White Icons/White Clip.png using Guid(3137341deac2841429264dea35abb59d) Importer(2089858483,0ecaa5967403d082aa24f35e1b516d23) [PhysX] Initialized MultithreadedTaskDispatcher with 20 workers.
 -> (artifact id: '2c6134b3fdf630845d1e200fc46d659a') in 0.007647 seconds
Number of updated asset objects reloaded before import = 0
Number of asset objects unloaded after import = 3
========================================================================
Received Import Request.
  Time since last request: 0.000015 seconds.
  path: Assets/Violet Theme Ui/White Icons/White Person 2.png
  artifactKey: Guid(f89f2f103f2d86a4e84ec602cb32cb14) Importer(2089858483,0ecaa5967403d082aa24f35e1b516d23)
Start importing Assets/Violet Theme Ui/White Icons/White Person 2.png using Guid(f89f2f103f2d86a4e84ec602cb32cb14) Importer(2089858483,0ecaa5967403d082aa24f35e1b516d23) [PhysX] Initialized MultithreadedTaskDispatcher with 20 workers.
 -> (artifact id: '9b8f5b7b2f52d6d2add92215ab49f4c2') in 0.010412 seconds
Number of updated asset objects reloaded before import = 0
Number of asset objects unloaded after import = 4
========================================================================
Received Import Request.
  Time since last request: 0.000016 seconds.
  path: Assets/Violet Theme Ui/Colored Icons/axe.png
  artifactKey: Guid(7abd59d488ec3484089d5f418816dbdb) Importer(2089858483,0ecaa5967403d082aa24f35e1b516d23)
Start importing Assets/Violet Theme Ui/Colored Icons/axe.png using Guid(7abd59d488ec3484089d5f418816dbdb) Importer(2089858483,0ecaa5967403d082aa24f35e1b516d23) [PhysX] Initialized MultithreadedTaskDispatcher with 20 workers.
 -> (artifact id: '6b2da6276a18a076adecef2ecf4e23ac') in 0.007767 seconds
Number of updated asset objects reloaded before import = 0
Number of asset objects unloaded after import = 3
========================================================================
Received Import Request.
  Time since last request: 0.000015 seconds.
  path: Assets/Violet Theme Ui/Colored Icons/Potion Red.png
  artifactKey: Guid(9035a2602b4b6774fb8c30b4f5872fca) Importer(2089858483,0ecaa5967403d082aa24f35e1b516d23)
Start importing Assets/Violet Theme Ui/Colored Icons/Potion Red.png using Guid(9035a2602b4b6774fb8c30b4f5872fca) Importer(2089858483,0ecaa5967403d082aa24f35e1b516d23) [PhysX] Initialized MultithreadedTaskDispatcher with 20 workers.
 -> (artifact id: '10016c5ddff5adfb3f39f0bfe798470d') in 0.009261 seconds
Number of updated asset objects reloaded before import = 0
Number of asset objects unloaded after import = 3
========================================================================
Received Import Request.
  Time since last request: 0.000019 seconds.
  path: Assets/Violet Theme Ui/White Icons/White Sound Icom.png
  artifactKey: Guid(a8ae8b26d38521f4d901e390c5bd5a87) Importer(2089858483,0ecaa5967403d082aa24f35e1b516d23)
Start importing Assets/Violet Theme Ui/White Icons/White Sound Icom.png using Guid(a8ae8b26d38521f4d901e390c5bd5a87) Importer(2089858483,0ecaa5967403d082aa24f35e1b516d23) [PhysX] Initialized MultithreadedTaskDispatcher with 20 workers.
 -> (artifact id: '99dadd552c1c4d4662acc041e850057f') in 0.008849 seconds
Number of updated asset objects reloaded before import = 0
Number of asset objects unloaded after import = 3
========================================================================
Received Import Request.
  Time since last request: 0.000018 seconds.
  path: Assets/Violet Theme Ui/White Icons/White Grenade.png
  artifactKey: Guid(13ac418459006ce48a3ce1fb7ca60c10) Importer(2089858483,0ecaa5967403d082aa24f35e1b516d23)
Start importing Assets/Violet Theme Ui/White Icons/White Grenade.png using Guid(13ac418459006ce48a3ce1fb7ca60c10) Importer(2089858483,0ecaa5967403d082aa24f35e1b516d23) [PhysX] Initialized MultithreadedTaskDispatcher with 20 workers.
 -> (artifact id: '19ed8e0b0f2391ef7df746d985fc7ddc') in 0.010360 seconds
Number of updated asset objects reloaded before import = 0
Number of asset objects unloaded after import = 5
========================================================================
Received Import Request.
  Time since last request: 0.000019 seconds.
  path: Assets/Violet Theme Ui/White Icons/White Smiley Happy.png
  artifactKey: Guid(0a48137e74ea3cf4ba3c1d5d5fe27e78) Importer(2089858483,0ecaa5967403d082aa24f35e1b516d23)
Start importing Assets/Violet Theme Ui/White Icons/White Smiley Happy.png using Guid(0a48137e74ea3cf4ba3c1d5d5fe27e78) Importer(2089858483,0ecaa5967403d082aa24f35e1b516d23) [PhysX] Initialized MultithreadedTaskDispatcher with 20 workers.
 -> (artifact id: '445e7a6d84edff2104425633a9d2d54b') in 0.009386 seconds
Number of updated asset objects reloaded before import = 0
Number of asset objects unloaded after import = 3
========================================================================
Received Import Request.
  Time since last request: 0.000015 seconds.
  path: Assets/Violet Theme Ui/White Icons/White Info 1.png
  artifactKey: Guid(458eadb5d498dba4f8a494ff07209f5a) Importer(2089858483,0ecaa5967403d082aa24f35e1b516d23)
Start importing Assets/Violet Theme Ui/White Icons/White Info 1.png using Guid(458eadb5d498dba4f8a494ff07209f5a) Importer(2089858483,0ecaa5967403d082aa24f35e1b516d23) [PhysX] Initialized MultithreadedTaskDispatcher with 20 workers.
 -> (artifact id: '3d37536db24280e7eae4396288953a6a') in 0.007741 seconds
Number of updated asset objects reloaded before import = 0
Number of asset objects unloaded after import = 3
========================================================================
Received Import Request.
  Time since last request: 0.000016 seconds.
  path: Assets/Violet Theme Ui/Colored Icons/Skull.png
  artifactKey: Guid(18050bc5ddbcb9f4e8a573db7f543236) Importer(2089858483,0ecaa5967403d082aa24f35e1b516d23)
Start importing Assets/Violet Theme Ui/Colored Icons/Skull.png using Guid(18050bc5ddbcb9f4e8a573db7f543236) Importer(2089858483,0ecaa5967403d082aa24f35e1b516d23) [PhysX] Initialized MultithreadedTaskDispatcher with 20 workers.
 -> (artifact id: '0f2918979b238c40c59e61d8fb15ecff') in 0.009127 seconds
Number of updated asset objects reloaded before import = 0
Number of asset objects unloaded after import = 3
========================================================================
Received Import Request.
  Time since last request: 0.000017 seconds.
  path: Assets/Violet Theme Ui/Colored Icons/Store 1.png
  artifactKey: Guid(448349a00cacb4d4a9f92ac041a2cfb4) Importer(2089858483,0ecaa5967403d082aa24f35e1b516d23)
Start importing Assets/Violet Theme Ui/Colored Icons/Store 1.png using Guid(448349a00cacb4d4a9f92ac041a2cfb4) Importer(2089858483,0ecaa5967403d082aa24f35e1b516d23) [PhysX] Initialized MultithreadedTaskDispatcher with 20 workers.
 -> (artifact id: '713c72d6620f08ad8bd15f95d3520cb9') in 0.008584 seconds
Number of updated asset objects reloaded before import = 0
Number of asset objects unloaded after import = 3
========================================================================
Received Import Request.
  Time since last request: 0.000018 seconds.
  path: Assets/Violet Theme Ui/Colored Icons/pot of gold.png
  artifactKey: Guid(51d736afd0db7194b8ef184a5ae24672) Importer(2089858483,0ecaa5967403d082aa24f35e1b516d23)
Start importing Assets/Violet Theme Ui/Colored Icons/pot of gold.png using Guid(51d736afd0db7194b8ef184a5ae24672) Importer(2089858483,0ecaa5967403d082aa24f35e1b516d23) [PhysX] Initialized MultithreadedTaskDispatcher with 20 workers.
 -> (artifact id: '5314ada4a6348183f5646c91e1cf76ac') in 0.007645 seconds
Number of updated asset objects reloaded before import = 0
Number of asset objects unloaded after import = 3
========================================================================
Received Import Request.
  Time since last request: 0.000019 seconds.
  path: Assets/Violet Theme Ui/White Icons/White Helmet.png
  artifactKey: Guid(182c0bef1c06ce94ba376bb88f2fa968) Importer(2089858483,0ecaa5967403d082aa24f35e1b516d23)
Start importing Assets/Violet Theme Ui/White Icons/White Helmet.png using Guid(182c0bef1c06ce94ba376bb88f2fa968) Importer(2089858483,0ecaa5967403d082aa24f35e1b516d23) [PhysX] Initialized MultithreadedTaskDispatcher with 20 workers.
 -> (artifact id: '000ebde582d994f6b9dbe55ec0ca9470') in 0.010342 seconds
Number of updated asset objects reloaded before import = 0
Number of asset objects unloaded after import = 3
========================================================================
Received Import Request.
  Time since last request: 0.000018 seconds.
  path: Assets/Violet Theme Ui/Colored Icons/Store 2.png
  artifactKey: Guid(c1db3d1c6576a28499770b3b9fc946e3) Importer(2089858483,0ecaa5967403d082aa24f35e1b516d23)
Start importing Assets/Violet Theme Ui/Colored Icons/Store 2.png using Guid(c1db3d1c6576a28499770b3b9fc946e3) Importer(2089858483,0ecaa5967403d082aa24f35e1b516d23) [PhysX] Initialized MultithreadedTaskDispatcher with 20 workers.
 -> (artifact id: '1972d151556180158202b4dd174c57aa') in 0.008172 seconds
Number of updated asset objects reloaded before import = 0
Number of asset objects unloaded after import = 3
========================================================================
Received Import Request.
  Time since last request: 0.000020 seconds.
  path: Assets/Violet Theme Ui/White Icons/White Paws.png
  artifactKey: Guid(84405b5e66bad994594325963d83e9b5) Importer(2089858483,0ecaa5967403d082aa24f35e1b516d23)
Start importing Assets/Violet Theme Ui/White Icons/White Paws.png using Guid(84405b5e66bad994594325963d83e9b5) Importer(2089858483,0ecaa5967403d082aa24f35e1b516d23) [PhysX] Initialized MultithreadedTaskDispatcher with 20 workers.
 -> (artifact id: '35f93f658e43bcfababbacc6b77497bb') in 0.013981 seconds
Number of updated asset objects reloaded before import = 0
Number of asset objects unloaded after import = 7
========================================================================
Received Import Request.
  Time since last request: 0.000018 seconds.
  path: Assets/Violet Theme Ui/Prefab/Status.prefab
  artifactKey: Guid(0c67cd333a1020d429e682990ff7a84d) Importer(2089858483,0ecaa5967403d082aa24f35e1b516d23)
Start importing Assets/Violet Theme Ui/Prefab/Status.prefab using Guid(0c67cd333a1020d429e682990ff7a84d) Importer(2089858483,0ecaa5967403d082aa24f35e1b516d23) [PhysX] Initialized MultithreadedTaskDispatcher with 20 workers.
 -> (artifact id: '1d601c191bf2173b9c7453f97b47a02e') in 0.009917 seconds
Number of updated asset objects reloaded before import = 0
Number of asset objects unloaded after import = 61
========================================================================
Received Import Request.
  Time since last request: 0.000018 seconds.
  path: Assets/Violet Theme Ui/White Icons/White Symbol 13.png
  artifactKey: Guid(bb6561b5412c1b54e8680c7379bdb40c) Importer(2089858483,0ecaa5967403d082aa24f35e1b516d23)
Start importing Assets/Violet Theme Ui/White Icons/White Symbol 13.png using Guid(bb6561b5412c1b54e8680c7379bdb40c) Importer(2089858483,0ecaa5967403d082aa24f35e1b516d23) [PhysX] Initialized MultithreadedTaskDispatcher with 20 workers.
 -> (artifact id: '2c64cf33dd26c82186c3fdd8d2e8ee7b') in 0.008247 seconds
Number of updated asset objects reloaded before import = 0
Number of asset objects unloaded after import = 3
========================================================================
Received Import Request.
  Time since last request: 0.000016 seconds.
  path: Assets/Violet Theme Ui/White Icons/White Apple.png
  artifactKey: Guid(88ee26ba40b2d35469e56a21a6d12df0) Importer(2089858483,0ecaa5967403d082aa24f35e1b516d23)
Start importing Assets/Violet Theme Ui/White Icons/White Apple.png using Guid(88ee26ba40b2d35469e56a21a6d12df0) Importer(2089858483,0ecaa5967403d082aa24f35e1b516d23) [PhysX] Initialized MultithreadedTaskDispatcher with 20 workers.
 -> (artifact id: '58078937d414fd2491f7dbb058950f35') in 0.010312 seconds
Number of updated asset objects reloaded before import = 0
Number of asset objects unloaded after import = 4
========================================================================
Received Import Request.
  Time since last request: 0.000017 seconds.
  path: Assets/Violet Theme Ui/Panels/Dark Panels Style 2 Yellow.png
  artifactKey: Guid(d05bc581a65fcb14094c810312ac3c3c) Importer(2089858483,0ecaa5967403d082aa24f35e1b516d23)
Start importing Assets/Violet Theme Ui/Panels/Dark Panels Style 2 Yellow.png using Guid(d05bc581a65fcb14094c810312ac3c3c) Importer(2089858483,0ecaa5967403d082aa24f35e1b516d23) [PhysX] Initialized MultithreadedTaskDispatcher with 20 workers.
 -> (artifact id: '04c3f90c438cc067dd42a39c32e04022') in 0.010429 seconds
Number of updated asset objects reloaded before import = 0
Number of asset objects unloaded after import = 3
========================================================================
Received Import Request.
  Time since last request: 0.000020 seconds.
  path: Assets/Violet Theme Ui/White Icons/White Zoom In.png
  artifactKey: Guid(4199668baf863e049a40f446e7319153) Importer(2089858483,0ecaa5967403d082aa24f35e1b516d23)
Start importing Assets/Violet Theme Ui/White Icons/White Zoom In.png using Guid(4199668baf863e049a40f446e7319153) Importer(2089858483,0ecaa5967403d082aa24f35e1b516d23) [PhysX] Initialized MultithreadedTaskDispatcher with 20 workers.
 -> (artifact id: 'cfd259e44b3382dab1af0a28ec727a85') in 0.010568 seconds
Number of updated asset objects reloaded before import = 0
Number of asset objects unloaded after import = 4
========================================================================
Received Import Request.
  Time since last request: 0.000029 seconds.
  path: Assets/Violet Theme Ui/Sliders
  artifactKey: Guid(3e3d300acce2f6a488f7ee2f17695881) Importer(2089858483,0ecaa5967403d082aa24f35e1b516d23)
Start importing Assets/Violet Theme Ui/Sliders using Guid(3e3d300acce2f6a488f7ee2f17695881) Importer(2089858483,0ecaa5967403d082aa24f35e1b516d23) [PhysX] Initialized MultithreadedTaskDispatcher with 20 workers.
 -> (artifact id: 'c6a11f63daed87b7167bfd22a8a5779c') in 0.002795 seconds
Number of updated asset objects reloaded before import = 0
Number of asset objects unloaded after import = 1
========================================================================
Received Import Request.
  Time since last request: 0.000040 seconds.
  path: Assets/Violet Theme Ui/Sliders/Slider Background.png
  artifactKey: Guid(1129e40c4bb98d04a8cc90b024594009) Importer(2089858483,0ecaa5967403d082aa24f35e1b516d23)
Start importing Assets/Violet Theme Ui/Sliders/Slider Background.png using Guid(1129e40c4bb98d04a8cc90b024594009) Importer(2089858483,0ecaa5967403d082aa24f35e1b516d23) [PhysX] Initialized MultithreadedTaskDispatcher with 20 workers.
 -> (artifact id: '61f697ee7e1dcb824176e7d3dbce5b41') in 0.007134 seconds
Number of updated asset objects reloaded before import = 0
Number of asset objects unloaded after import = 3
========================================================================
Received Import Request.
  Time since last request: 0.000017 seconds.
  path: Assets/Violet Theme Ui/Prefab/Progress Bar
  artifactKey: Guid(df7b61e8dd9929047ba5b99c07d8b911) Importer(2089858483,0ecaa5967403d082aa24f35e1b516d23)
Start importing Assets/Violet Theme Ui/Prefab/Progress Bar using Guid(df7b61e8dd9929047ba5b99c07d8b911) Importer(2089858483,0ecaa5967403d082aa24f35e1b516d23) [PhysX] Initialized MultithreadedTaskDispatcher with 20 workers.
 -> (artifact id: '84e2b89943e082d5df7d15fd35064ddb') in 0.002708 seconds
Number of updated asset objects reloaded before import = 0
Number of asset objects unloaded after import = 1
========================================================================
Received Import Request.
  Time since last request: 0.000068 seconds.
  path: Assets/Violet Theme Ui/White Icons/White Building 2.png
  artifactKey: Guid(895fe555ea23fcf4689652d3ec6f0647) Importer(2089858483,0ecaa5967403d082aa24f35e1b516d23)
Start importing Assets/Violet Theme Ui/White Icons/White Building 2.png using Guid(895fe555ea23fcf4689652d3ec6f0647) Importer(2089858483,0ecaa5967403d082aa24f35e1b516d23) [PhysX] Initialized MultithreadedTaskDispatcher with 20 workers.
 -> (artifact id: 'cd8182628a854c7fe6e8a8ad39bd743d') in 0.011998 seconds
Number of updated asset objects reloaded before import = 0
Number of asset objects unloaded after import = 7
========================================================================
Received Import Request.
  Time since last request: 0.000016 seconds.
  path: Assets/Violet Theme Ui/Colored Icons/Gem.png
  artifactKey: Guid(fdd7c39b6deb3f840b5fc0e9cbc6cb00) Importer(2089858483,0ecaa5967403d082aa24f35e1b516d23)
Start importing Assets/Violet Theme Ui/Colored Icons/Gem.png using Guid(fdd7c39b6deb3f840b5fc0e9cbc6cb00) Importer(2089858483,0ecaa5967403d082aa24f35e1b516d23) [PhysX] Initialized MultithreadedTaskDispatcher with 20 workers.
 -> (artifact id: '32e7b22d498325229f18f53298d93880') in 0.007924 seconds
Number of updated asset objects reloaded before import = 0
Number of asset objects unloaded after import = 3
========================================================================
Received Import Request.
  Time since last request: 0.000016 seconds.
  path: Assets/Violet Theme Ui/White Icons/White Speed Boost 2.png
  artifactKey: Guid(7651633fd56d228438ee6b73775d4a6f) Importer(2089858483,0ecaa5967403d082aa24f35e1b516d23)
Start importing Assets/Violet Theme Ui/White Icons/White Speed Boost 2.png using Guid(7651633fd56d228438ee6b73775d4a6f) Importer(2089858483,0ecaa5967403d082aa24f35e1b516d23) [PhysX] Initialized MultithreadedTaskDispatcher with 20 workers.
 -> (artifact id: '44de260aecaee01edc21b14b86561faa') in 0.011395 seconds
Number of updated asset objects reloaded before import = 0
Number of asset objects unloaded after import = 6
========================================================================
Received Import Request.
  Time since last request: 0.000016 seconds.
  path: Assets/Violet Theme Ui/Sliders/Handle.afdesign
  artifactKey: Guid(a51630d41376dbc4e881107216766526) Importer(2089858483,0ecaa5967403d082aa24f35e1b516d23)
Start importing Assets/Violet Theme Ui/Sliders/Handle.afdesign using Guid(a51630d41376dbc4e881107216766526) Importer(2089858483,0ecaa5967403d082aa24f35e1b516d23) [PhysX] Initialized MultithreadedTaskDispatcher with 20 workers.
 -> (artifact id: '5cbac711e6ff61c2edb7501738331d0a') in 0.002933 seconds
Number of updated asset objects reloaded before import = 0
Number of asset objects unloaded after import = 1
========================================================================
Received Import Request.
  Time since last request: 0.000062 seconds.
  path: Assets/Violet Theme Ui/Colored Icons/orange.png
  artifactKey: Guid(b26193825d007d7419f7e53259af7102) Importer(2089858483,0ecaa5967403d082aa24f35e1b516d23)
Start importing Assets/Violet Theme Ui/Colored Icons/orange.png using Guid(b26193825d007d7419f7e53259af7102) Importer(2089858483,0ecaa5967403d082aa24f35e1b516d23) [PhysX] Initialized MultithreadedTaskDispatcher with 20 workers.
 -> (artifact id: 'f59272ae2059eb4843444c751af25e6a') in 0.007795 seconds
Number of updated asset objects reloaded before import = 0
Number of asset objects unloaded after import = 3
========================================================================
Received Import Request.
  Time since last request: 0.000014 seconds.
  path: Assets/Violet Theme Ui/Colored Icons/Lock 2.png
  artifactKey: Guid(a767c174fe4153d4f80fe923fd478424) Importer(2089858483,0ecaa5967403d082aa24f35e1b516d23)
Start importing Assets/Violet Theme Ui/Colored Icons/Lock 2.png using Guid(a767c174fe4153d4f80fe923fd478424) Importer(2089858483,0ecaa5967403d082aa24f35e1b516d23) [PhysX] Initialized MultithreadedTaskDispatcher with 20 workers.
 -> (artifact id: '9083db916b55ac7608ed20fd1764e666') in 0.008148 seconds
Number of updated asset objects reloaded before import = 0
Number of asset objects unloaded after import = 3
========================================================================
Received Import Request.
  Time since last request: 0.000016 seconds.
  path: Assets/Violet Theme Ui/Buttons/Button Violet.png
  artifactKey: Guid(2204c5120d209e24b8d8473101c0670f) Importer(2089858483,0ecaa5967403d082aa24f35e1b516d23)
Start importing Assets/Violet Theme Ui/Buttons/Button Violet.png using Guid(2204c5120d209e24b8d8473101c0670f) Importer(2089858483,0ecaa5967403d082aa24f35e1b516d23) [PhysX] Initialized MultithreadedTaskDispatcher with 20 workers.
 -> (artifact id: 'c31018a84881cd0b873cbacfe950bec9') in 0.010562 seconds
Number of updated asset objects reloaded before import = 0
Number of asset objects unloaded after import = 3
========================================================================
Received Import Request.
  Time since last request: 0.000024 seconds.
  path: Assets/Violet Theme Ui/Prefab/Store.prefab
  artifactKey: Guid(ef94f707182732b4fb45389fc2da750f) Importer(2089858483,0ecaa5967403d082aa24f35e1b516d23)
Start importing Assets/Violet Theme Ui/Prefab/Store.prefab using Guid(ef94f707182732b4fb45389fc2da750f) Importer(2089858483,0ecaa5967403d082aa24f35e1b516d23) [PhysX] Initialized MultithreadedTaskDispatcher with 20 workers.
 -> (artifact id: '4e0cc45664ddaf5e34855f693f005ad7') in 0.012419 seconds
Number of updated asset objects reloaded before import = 0
Number of asset objects unloaded after import = 165
========================================================================
Received Import Request.
  Time since last request: 0.000020 seconds.
  path: Assets/Violet Theme Ui/White Icons/White Pause.png
  artifactKey: Guid(6170139bb959e8e408695ca6d14b4a4f) Importer(2089858483,0ecaa5967403d082aa24f35e1b516d23)
Start importing Assets/Violet Theme Ui/White Icons/White Pause.png using Guid(6170139bb959e8e408695ca6d14b4a4f) Importer(2089858483,0ecaa5967403d082aa24f35e1b516d23) [PhysX] Initialized MultithreadedTaskDispatcher with 20 workers.
 -> (artifact id: '2afcb0a1036a73e5164397995fbcb48d') in 0.013617 seconds
Number of updated asset objects reloaded before import = 0
Number of asset objects unloaded after import = 4
========================================================================
Received Import Request.
  Time since last request: 0.000022 seconds.
  path: Assets/Violet Theme Ui/White Icons/White Skype.png
  artifactKey: Guid(a513b77233bb63940b9553eea216af80) Importer(2089858483,0ecaa5967403d082aa24f35e1b516d23)
Start importing Assets/Violet Theme Ui/White Icons/White Skype.png using Guid(a513b77233bb63940b9553eea216af80) Importer(2089858483,0ecaa5967403d082aa24f35e1b516d23) [PhysX] Initialized MultithreadedTaskDispatcher with 20 workers.
 -> (artifact id: '7c8343ddc1959e0c596b8cefae81cbed') in 0.012809 seconds
Number of updated asset objects reloaded before import = 0
Number of asset objects unloaded after import = 3
========================================================================
Received Import Request.
  Time since last request: 0.000017 seconds.
  path: Assets/Violet Theme Ui/Sliders/Fill Blue.png
  artifactKey: Guid(25ca2528409a30f4e827cb2d05c772bb) Importer(2089858483,0ecaa5967403d082aa24f35e1b516d23)
Start importing Assets/Violet Theme Ui/Sliders/Fill Blue.png using Guid(25ca2528409a30f4e827cb2d05c772bb) Importer(2089858483,0ecaa5967403d082aa24f35e1b516d23) [PhysX] Initialized MultithreadedTaskDispatcher with 20 workers.
 -> (artifact id: '4fd33e42ea933208642d38054546d96a') in 0.015057 seconds
Number of updated asset objects reloaded before import = 0
Number of asset objects unloaded after import = 3
========================================================================
Received Import Request.
  Time since last request: 48.954549 seconds.
  path: Assets/Violet Theme Ui/Buttons
  artifactKey: Guid(f75d071555243374d8884bb445bc64c1) Importer(815301076,1909f56bfc062723c751e8b465ee728b)
Start importing Assets/Violet Theme Ui/Buttons using Guid(f75d071555243374d8884bb445bc64c1) Importer(815301076,1909f56bfc062723c751e8b465ee728b) [PhysX] Initialized MultithreadedTaskDispatcher with 20 workers.
 -> (artifact id: '9dcaec652a67b4d36283a02737d7c2a2') in 0.000455 seconds
Number of updated asset objects reloaded before import = 0
Number of asset objects unloaded after import = 0
========================================================================
Received Import Request.
  Time since last request: 0.056037 seconds.
  path: Assets/Violet Theme Ui/Buttons/Button Blue.png
  artifactKey: Guid(4edd415ab2cd6784ea5e7905122a703d) Importer(815301076,1909f56bfc062723c751e8b465ee728b)
Start importing Assets/Violet Theme Ui/Buttons/Button Blue.png using Guid(4edd415ab2cd6784ea5e7905122a703d) Importer(815301076,1909f56bfc062723c751e8b465ee728b) [PhysX] Initialized MultithreadedTaskDispatcher with 20 workers.
[PhysX] Initialized MultithreadedTaskDispatcher with 20 workers.
 -> (artifact id: '99d15e4dcb7dc7de985aac4cf6774ba0') in 0.017049 seconds
Number of updated asset objects reloaded before import = 0
Number of asset objects unloaded after import = 3
========================================================================
Received Import Request.
  Time since last request: 0.000016 seconds.
  path: Assets/Violet Theme Ui/Buttons/Button Yellow.png
  artifactKey: Guid(e869268efd7d38745a52967381cef55f) Importer(815301076,1909f56bfc062723c751e8b465ee728b)
Start importing Assets/Violet Theme Ui/Buttons/Button Yellow.png using Guid(e869268efd7d38745a52967381cef55f) Importer(815301076,1909f56bfc062723c751e8b465ee728b) [PhysX] Initialized MultithreadedTaskDispatcher with 20 workers.
[PhysX] Initialized MultithreadedTaskDispatcher with 20 workers.
 -> (artifact id: 'da04e987c953b93dd8bbf1b3315b39ab') in 0.007042 seconds
Number of updated asset objects reloaded before import = 0
Number of asset objects unloaded after import = 3
========================================================================
Received Import Request.
  Time since last request: 0.000077 seconds.
  path: Assets/Violet Theme Ui/Buttons/Button Violet.png
  artifactKey: Guid(2204c5120d209e24b8d8473101c0670f) Importer(815301076,1909f56bfc062723c751e8b465ee728b)
Start importing Assets/Violet Theme Ui/Buttons/Button Violet.png using Guid(2204c5120d209e24b8d8473101c0670f) Importer(815301076,1909f56bfc062723c751e8b465ee728b) [PhysX] Initialized MultithreadedTaskDispatcher with 20 workers.
[PhysX] Initialized MultithreadedTaskDispatcher with 20 workers.
 -> (artifact id: 'bdd3c7c654643abc2f8c89657072f417') in 0.006242 seconds
Number of updated asset objects reloaded before import = 0
Number of asset objects unloaded after import = 3
========================================================================
Received Import Request.
  Time since last request: 0.000014 seconds.
  path: Assets/Violet Theme Ui/Buttons/Button Red.png
  artifactKey: Guid(f05ec7f8583bfa3468fb8958e87e24d9) Importer(815301076,1909f56bfc062723c751e8b465ee728b)
Start importing Assets/Violet Theme Ui/Buttons/Button Red.png using Guid(f05ec7f8583bfa3468fb8958e87e24d9) Importer(815301076,1909f56bfc062723c751e8b465ee728b) [PhysX] Initialized MultithreadedTaskDispatcher with 20 workers.
[PhysX] Initialized MultithreadedTaskDispatcher with 20 workers.
 -> (artifact id: '6d177bac902a998554808a4a88fec84e') in 0.006307 seconds
Number of updated asset objects reloaded before import = 0
Number of asset objects unloaded after import = 3
========================================================================
Received Import Request.
  Time since last request: 14.575279 seconds.
  path: Assets/Violet Theme Ui/Buttons/Misc
  artifactKey: Guid(426b3985b700cae4e9a12ac6fb00ffd3) Importer(815301076,1909f56bfc062723c751e8b465ee728b)
Start importing Assets/Violet Theme Ui/Buttons/Misc using Guid(426b3985b700cae4e9a12ac6fb00ffd3) Importer(815301076,1909f56bfc062723c751e8b465ee728b) [PhysX] Initialized MultithreadedTaskDispatcher with 20 workers.
 -> (artifact id: '2e1082b0acd9110c068873d10b40d84e') in 0.000530 seconds
Number of updated asset objects reloaded before import = 0
Number of asset objects unloaded after import = 0
========================================================================
Received Import Request.
  Time since last request: 0.059064 seconds.
  path: Assets/Violet Theme Ui/Buttons/Misc/80x80 Background.png
  artifactKey: Guid(a64f98d7a00501442ae40845562f1c20) Importer(815301076,1909f56bfc062723c751e8b465ee728b)
Start importing Assets/Violet Theme Ui/Buttons/Misc/80x80 Background.png using Guid(a64f98d7a00501442ae40845562f1c20) Importer(815301076,1909f56bfc062723c751e8b465ee728b) [PhysX] Initialized MultithreadedTaskDispatcher with 20 workers.
[PhysX] Initialized MultithreadedTaskDispatcher with 20 workers.
 -> (artifact id: 'b881e9aa984c1ba7e0bcfea062f37d76') in 0.012256 seconds
Number of updated asset objects reloaded before import = 0
Number of asset objects unloaded after import = 3
========================================================================
Received Import Request.
  Time since last request: 0.000021 seconds.
  path: Assets/Violet Theme Ui/Buttons/Misc/Small Square Button Orange.png
  artifactKey: Guid(23a48ca1e983a4c47971fcf7eab26b89) Importer(815301076,1909f56bfc062723c751e8b465ee728b)
Start importing Assets/Violet Theme Ui/Buttons/Misc/Small Square Button Orange.png using Guid(23a48ca1e983a4c47971fcf7eab26b89) Importer(815301076,1909f56bfc062723c751e8b465ee728b) [PhysX] Initialized MultithreadedTaskDispatcher with 20 workers.
[PhysX] Initialized MultithreadedTaskDispatcher with 20 workers.
 -> (artifact id: 'ebb7311faef0501ab2429fef46ddf8bf') in 0.009171 seconds
Number of updated asset objects reloaded before import = 0
Number of asset objects unloaded after import = 3
========================================================================
Received Import Request.
  Time since last request: 0.000019 seconds.
  path: Assets/Violet Theme Ui/Buttons/Misc/Small Square Button Red.png
  artifactKey: Guid(fa360ec6245a3dd43bfbae1ac1093a6e) Importer(815301076,1909f56bfc062723c751e8b465ee728b)
Start importing Assets/Violet Theme Ui/Buttons/Misc/Small Square Button Red.png using Guid(fa360ec6245a3dd43bfbae1ac1093a6e) Importer(815301076,1909f56bfc062723c751e8b465ee728b) [PhysX] Initialized MultithreadedTaskDispatcher with 20 workers.
[PhysX] Initialized MultithreadedTaskDispatcher with 20 workers.
 -> (artifact id: '8cabb9d42e574a7ff2324bd9450fb83b') in 0.010425 seconds
Number of updated asset objects reloaded before import = 0
Number of asset objects unloaded after import = 3
========================================================================
Received Import Request.
  Time since last request: 1129.311946 seconds.
  path: Assets/player.cs
  artifactKey: Guid(dded657d3a53c1c4cbf2ad533e15ca84) Importer(2089858483,0ecaa5967403d082aa24f35e1b516d23)
Start importing Assets/player.cs using Guid(dded657d3a53c1c4cbf2ad533e15ca84) Importer(2089858483,0ecaa5967403d082aa24f35e1b516d23) [PhysX] Initialized MultithreadedTaskDispatcher with 20 workers.
 -> (artifact id: 'd0fbc8afbcbb9b53ab5369abc342ecd9') in 0.006394 seconds
Number of updated asset objects reloaded before import = 0
Number of asset objects unloaded after import = 1
========================================================================
Received Prepare
Caller must complete domain reload
Begin MonoManager ReloadAssembly
- Loaded All Assemblies, in  1.016 seconds
Native extension for WindowsStandalone target not found
Native extension for WebGL target not found
System.Exception: Error! Visual Scripting: couldn't find visual scripting package
  at Unity.VisualScripting.PackageVersionUtility.get_version () [0x00043] in .\Library\PackageCache\com.unity.visualscripting@1.9.4\Editor\VisualScripting.Core\Utilities\PackageVersionUtility.cs:31 
  at Unity.VisualScripting.BoltCoreManifest.get_version () [0x00000] in .\Library\PackageCache\com.unity.visualscripting@1.9.4\Editor\VisualScripting.Core\Plugin\BoltCoreManifest.cs:11 
  at Unity.VisualScripting.PluginManifest.get_currentVersion () [0x00000] in .\Library\PackageCache\com.unity.visualscripting@1.9.4\Editor\VisualScripting.Core\Plugins\PluginManifest.cs:33 
  at Unity.VisualScripting.PluginManifest.get_versionMismatch () [0x00000] in .\Library\PackageCache\com.unity.visualscripting@1.9.4\Editor\VisualScripting.Core\Plugins\PluginManifest.cs:48 
  at Unity.VisualScripting.PluginContainer.Initialize () [0x00525] in .\Library\PackageCache\com.unity.visualscripting@1.9.4\Editor\VisualScripting.Core\Plugins\PluginContainer.cs:208 
  at Unity.VisualScripting.PluginContainer.InitializeOnLoad () [0x00009] in .\Library\PackageCache\com.unity.visualscripting@1.9.4\Editor\VisualScripting.Core\Plugins\PluginContainer.cs:32 
  at Unity.VisualScripting.VSUsageUtility.DoInitializeOnLoadCalls () [0x00034] in .\Library\PackageCache\com.unity.visualscripting@1.9.4\Editor\VisualScripting.Core\Utilities\VSUsageUtility.cs:76 
  at Unity.VisualScripting.VSUsageUtility.set_isVisualScriptingUsed (System.Boolean value) [0x0002c] in .\Library\PackageCache\com.unity.visualscripting@1.9.4\Editor\VisualScripting.Core\Utilities\VSUsageUtility.cs:114 
  at Unity.VisualScripting.VSUsageUtility.CheckAndSetIsVisualScriptingUsed () [0x0000d] in .\Library\PackageCache\com.unity.visualscripting@1.9.4\Editor\VisualScripting.Core\Utilities\VSUsageUtility.cs:33 
  at Unity.VisualScripting.VSUsageUtility..cctor () [0x00000] in .\Library\PackageCache\com.unity.visualscripting@1.9.4\Editor\VisualScripting.Core\Utilities\VSUsageUtility.cs:22 
UnityEngine.StackTraceUtility:ExtractStackTrace ()
UnityEngine.DebugLogHandler:LogFormat (UnityEngine.LogType,UnityEngine.Object,string,object[])
UnityEngine.Logger:Log (UnityEngine.LogType,object)
UnityEngine.Debug:LogError (object)
UnityEditor.EditorAssemblies:ProcessInitializeOnLoadAttributes (System.Type[])

[Package Manager] Server::EnsureServerProcessIsRunning -- launch failed, reason: Unity was launched with the -noUpm command-line argument
[Package Manager] UpmClient::Send -- Unable to send message (not connected to UPM process).
[Package Manager] Cannot connect to Unity Package Manager local server
Mono: successfully reloaded assembly
- Finished resetting the current domain, in  0.736 seconds
Domain Reload Profiling: 1748ms
	BeginReloadAssembly (607ms)
		ExecutionOrderSort (0ms)
		DisableScriptedObjects (403ms)
		BackupInstance (0ms)
		ReleaseScriptingObjects (0ms)
		CreateAndSetChildDomain (72ms)
	RebuildCommonClasses (21ms)
	RebuildNativeTypeToScriptingClass (7ms)
	initialDomainReloadingComplete (27ms)
	LoadAllAssembliesAndSetupDomain (350ms)
		LoadAssemblies (411ms)
		RebuildTransferFunctionScriptingTraits (0ms)
		AnalyzeDomain (26ms)
			TypeCache.Refresh (10ms)
				TypeCache.ScanAssembly (0ms)
			ScanForSourceGeneratedMonoScriptInfo (10ms)
			ResolveRequiredComponents (5ms)
	FinalizeReload (736ms)
		ReleaseScriptCaches (0ms)
		RebuildScriptCaches (0ms)
		SetupLoadedEditorAssemblies (474ms)
			LogAssemblyErrors (0ms)
			InitializePlatformSupportModulesInManaged (7ms)
			SetLoadedEditorAssemblies (3ms)
			RefreshPlugins (0ms)
			BeforeProcessingInitializeOnLoad (55ms)
			ProcessInitializeOnLoadAttributes (380ms)
			ProcessInitializeOnLoadMethodAttributes (23ms)
			AfterProcessingInitializeOnLoad (6ms)
			EditorAssembliesLoaded (0ms)
		ExecutionOrderSort2 (0ms)
		AwakeInstancesAfterBackupRestoration (12ms)
Refreshing native plugins compatible for Editor in 6.47 ms, found 4 plugins.
Preloading 0 native plugins for Editor in 0.00 ms.
Unloading 4022 Unused Serialized files (Serialized files now loaded: 0)
Unloading 29 unused Assets / (302.7 KB). Loaded Objects now: 4564.
Memory consumption went from 145.8 MB to 145.5 MB.
Total: 8.728100 ms (FindLiveObjects: 0.173600 ms CreateObjectMapping: 0.079400 ms MarkObjects: 8.313000 ms  DeleteObjects: 0.161200 ms)

Prepare: number of updated asset objects reloaded= 0
AssetImportParameters requested are different than current active one (requested -> active):
  custom:container-demuxer-ogg: 62fdf1f143b41e24485cea50d1cbac27 -> 
  custom:video-decoder-ogg-theora: a1e56fd34408186e4bbccfd4996cb3dc -> 
  custom:framework-win-MediaFoundation: 216162199b28c13a410421893ffa2e32 -> 
  custom:CustomObjectIndexerAttribute: 9a22284fe3817be447336de3de66b15e -> 
  custom:container-demuxer-webm: 4f35f7cbe854078d1ac9338744f61a02 -> 
  custom:container-muxer-webm: aa71ff27fc2769a1b78a27578f13a17b -> 
  custom:video-decoder-webm-vp8: 9c59270c3fd7afecdb556c50c9e8de78 -> 
  custom:SearchIndexIgnoredProperties: e643bd26f0fe6173181afceb89e7c659 -> 
  custom:AudioImporter_EditorPlatform: d09bf68614088b80899f8185d706f6e7 -> 
  custom:video-encoder-webm-vp8: eb34c28f22e8b96e1ab97ce403110664 -> 
  custom:scripting/monoscript/fileName/player.cs: b1b0b99e0fbd8450a8ac2481988cbaeb -> 
  custom:audio-decoder-ogg-vorbis: bf7c407c2cedff20999df2af8eb42d56 -> 
  custom:audio-encoder-webm-vorbis: bf7c407c2cedff20999df2af8eb42d56 -> 
  custom:scripting/precompiled-assembly-types:Assembly-CSharp: f6412a83e51d55aca6a05e6807c6c264 -> 
========================================================================
Received Prepare
Caller must complete domain reload
Begin MonoManager ReloadAssembly
- Loaded All Assemblies, in  0.769 seconds
Native extension for WindowsStandalone target not found
Native extension for WebGL target not found
System.Exception: Error! Visual Scripting: couldn't find visual scripting package
  at Unity.VisualScripting.PackageVersionUtility.get_version () [0x00043] in .\Library\PackageCache\com.unity.visualscripting@1.9.4\Editor\VisualScripting.Core\Utilities\PackageVersionUtility.cs:31 
  at Unity.VisualScripting.BoltCoreManifest.get_version () [0x00000] in .\Library\PackageCache\com.unity.visualscripting@1.9.4\Editor\VisualScripting.Core\Plugin\BoltCoreManifest.cs:11 
  at Unity.VisualScripting.PluginManifest.get_currentVersion () [0x00000] in .\Library\PackageCache\com.unity.visualscripting@1.9.4\Editor\VisualScripting.Core\Plugins\PluginManifest.cs:33 
  at Unity.VisualScripting.PluginManifest.get_versionMismatch () [0x00000] in .\Library\PackageCache\com.unity.visualscripting@1.9.4\Editor\VisualScripting.Core\Plugins\PluginManifest.cs:48 
  at Unity.VisualScripting.PluginContainer.Initialize () [0x00525] in .\Library\PackageCache\com.unity.visualscripting@1.9.4\Editor\VisualScripting.Core\Plugins\PluginContainer.cs:208 
  at Unity.VisualScripting.PluginContainer.InitializeOnLoad () [0x00009] in .\Library\PackageCache\com.unity.visualscripting@1.9.4\Editor\VisualScripting.Core\Plugins\PluginContainer.cs:32 
  at Unity.VisualScripting.VSUsageUtility.DoInitializeOnLoadCalls () [0x00034] in .\Library\PackageCache\com.unity.visualscripting@1.9.4\Editor\VisualScripting.Core\Utilities\VSUsageUtility.cs:76 
  at Unity.VisualScripting.VSUsageUtility.set_isVisualScriptingUsed (System.Boolean value) [0x0002c] in .\Library\PackageCache\com.unity.visualscripting@1.9.4\Editor\VisualScripting.Core\Utilities\VSUsageUtility.cs:114 
  at Unity.VisualScripting.VSUsageUtility.CheckAndSetIsVisualScriptingUsed () [0x0000d] in .\Library\PackageCache\com.unity.visualscripting@1.9.4\Editor\VisualScripting.Core\Utilities\VSUsageUtility.cs:33 
  at Unity.VisualScripting.VSUsageUtility..cctor () [0x00000] in .\Library\PackageCache\com.unity.visualscripting@1.9.4\Editor\VisualScripting.Core\Utilities\VSUsageUtility.cs:22 
UnityEngine.StackTraceUtility:ExtractStackTrace ()
UnityEngine.DebugLogHandler:LogFormat (UnityEngine.LogType,UnityEngine.Object,string,object[])
UnityEngine.Logger:Log (UnityEngine.LogType,object)
UnityEngine.Debug:LogError (object)
UnityEditor.EditorAssemblies:ProcessInitializeOnLoadAttributes (System.Type[])

[Package Manager] Server::EnsureServerProcessIsRunning -- launch failed, reason: Unity was launched with the -noUpm command-line argument
[Package Manager] UpmClient::Send -- Unable to send message (not connected to UPM process).
[Package Manager] Cannot connect to Unity Package Manager local server
Mono: successfully reloaded assembly
- Finished resetting the current domain, in  2.501 seconds
Domain Reload Profiling: 3259ms
	BeginReloadAssembly (235ms)
		ExecutionOrderSort (0ms)
		DisableScriptedObjects (15ms)
		BackupInstance (0ms)
		ReleaseScriptingObjects (0ms)
		CreateAndSetChildDomain (44ms)
	RebuildCommonClasses (42ms)
	RebuildNativeTypeToScriptingClass (15ms)
	initialDomainReloadingComplete (55ms)
	LoadAllAssembliesAndSetupDomain (411ms)
		LoadAssemblies (492ms)
		RebuildTransferFunctionScriptingTraits (0ms)
		AnalyzeDomain (32ms)
			TypeCache.Refresh (11ms)
				TypeCache.ScanAssembly (0ms)
			ScanForSourceGeneratedMonoScriptInfo (12ms)
			ResolveRequiredComponents (8ms)
	FinalizeReload (2502ms)
		ReleaseScriptCaches (0ms)
		RebuildScriptCaches (0ms)
		SetupLoadedEditorAssemblies (1088ms)
			LogAssemblyErrors (0ms)
			InitializePlatformSupportModulesInManaged (11ms)
			SetLoadedEditorAssemblies (4ms)
			RefreshPlugins (0ms)
			BeforeProcessingInitializeOnLoad (111ms)
			ProcessInitializeOnLoadAttributes (889ms)
			ProcessInitializeOnLoadMethodAttributes (53ms)
			AfterProcessingInitializeOnLoad (20ms)
			EditorAssembliesLoaded (0ms)
		ExecutionOrderSort2 (0ms)
		AwakeInstancesAfterBackupRestoration (20ms)
Refreshing native plugins compatible for Editor in 14.23 ms, found 4 plugins.
Preloading 0 native plugins for Editor in 0.00 ms.
Unloading 4023 Unused Serialized files (Serialized files now loaded: 0)
Unloading 25 unused Assets / (213.8 KB). Loaded Objects now: 4569.
Memory consumption went from 146.0 MB to 145.8 MB.
Total: 13.087700 ms (FindLiveObjects: 0.430600 ms CreateObjectMapping: 0.159200 ms MarkObjects: 12.296100 ms  DeleteObjects: 0.200600 ms)

Prepare: number of updated asset objects reloaded= 0
AssetImportParameters requested are different than current active one (requested -> active):
  custom:container-demuxer-ogg: 62fdf1f143b41e24485cea50d1cbac27 -> 
  custom:video-decoder-ogg-theora: a1e56fd34408186e4bbccfd4996cb3dc -> 
  custom:framework-win-MediaFoundation: 216162199b28c13a410421893ffa2e32 -> 
  custom:CustomObjectIndexerAttribute: 9a22284fe3817be447336de3de66b15e -> 
  custom:container-demuxer-webm: 4f35f7cbe854078d1ac9338744f61a02 -> 
  custom:container-muxer-webm: aa71ff27fc2769a1b78a27578f13a17b -> 
  custom:video-decoder-webm-vp8: 9c59270c3fd7afecdb556c50c9e8de78 -> 
  custom:SearchIndexIgnoredProperties: e643bd26f0fe6173181afceb89e7c659 -> 
  custom:AudioImporter_EditorPlatform: d09bf68614088b80899f8185d706f6e7 -> 
  custom:video-encoder-webm-vp8: eb34c28f22e8b96e1ab97ce403110664 -> 
  custom:scripting/monoscript/fileName/player.cs: b1b0b99e0fbd8450a8ac2481988cbaeb -> 
  custom:audio-decoder-ogg-vorbis: bf7c407c2cedff20999df2af8eb42d56 -> 
  custom:audio-encoder-webm-vorbis: bf7c407c2cedff20999df2af8eb42d56 -> 
  custom:scripting/precompiled-assembly-types:Assembly-CSharp: f6412a83e51d55aca6a05e6807c6c264 -> 
========================================================================
Received Import Request.
  Time since last request: 712.865330 seconds.
  path: Assets/knight.prefab
  artifactKey: Guid(12f2cb076f079644f9752db018c92c2d) Importer(815301076,1909f56bfc062723c751e8b465ee728b)
Start importing Assets/knight.prefab using Guid(12f2cb076f079644f9752db018c92c2d) Importer(815301076,1909f56bfc062723c751e8b465ee728b) [PhysX] Initialized MultithreadedTaskDispatcher with 20 workers.
[PhysX] Initialized MultithreadedTaskDispatcher with 20 workers.
 -> (artifact id: '422c1f856f59ab3e3f51b56f3577ebb3') in 0.145255 seconds
Number of updated asset objects reloaded before import = 0
Number of asset objects unloaded after import = 8
========================================================================
Received Import Request.
  Time since last request: 38.475262 seconds.
  path: Assets/knight.prefab
  artifactKey: Guid(12f2cb076f079644f9752db018c92c2d) Importer(815301076,1909f56bfc062723c751e8b465ee728b)
Start importing Assets/knight.prefab using Guid(12f2cb076f079644f9752db018c92c2d) Importer(815301076,1909f56bfc062723c751e8b465ee728b) [PhysX] Initialized MultithreadedTaskDispatcher with 20 workers.
 -> (artifact id: '5c9d4476b3463a23b2baded857835612') in 0.001631 seconds
Number of updated asset objects reloaded before import = 0
Number of asset objects unloaded after import = 6
========================================================================
Received Import Request.
  Time since last request: 62.613276 seconds.
  path: Assets/player.cs
  artifactKey: Guid(dded657d3a53c1c4cbf2ad533e15ca84) Importer(815301076,1909f56bfc062723c751e8b465ee728b)
Start importing Assets/player.cs using Guid(dded657d3a53c1c4cbf2ad533e15ca84) Importer(815301076,1909f56bfc062723c751e8b465ee728b) [PhysX] Initialized MultithreadedTaskDispatcher with 20 workers.
 -> (artifact id: '41e461697abd24fc36d1bf74b5292ceb') in 0.000705 seconds
Number of updated asset objects reloaded before import = 0
Number of asset objects unloaded after import = 0
========================================================================
Received Import Request.
  Time since last request: 83.087505 seconds.
  path: Assets/Free Pixel Battle Backgrounds + Free Pixel Characters/Characters/Enemy 3.png
  artifactKey: Guid(0dd85adfe1144c9448bce17fdbf64ac9) Importer(815301076,1909f56bfc062723c751e8b465ee728b)
Start importing Assets/Free Pixel Battle Backgrounds + Free Pixel Characters/Characters/Enemy 3.png using Guid(0dd85adfe1144c9448bce17fdbf64ac9) Importer(815301076,1909f56bfc062723c751e8b465ee728b) [PhysX] Initialized MultithreadedTaskDispatcher with 20 workers.
[PhysX] Initialized MultithreadedTaskDispatcher with 20 workers.
 -> (artifact id: '728d0567aa532a2ee49fec4a2d2ed4d3') in 0.021105 seconds
Number of updated asset objects reloaded before import = 0
Number of asset objects unloaded after import = 3
========================================================================
Received Import Request.
  Time since last request: 18.862558 seconds.
  path: Assets/Free Pixel Battle Backgrounds + Free Pixel Characters/Characters/GALAHAD.png
  artifactKey: Guid(af87d6334d9427c45a0ebeb8b44df130) Importer(815301076,1909f56bfc062723c751e8b465ee728b)
Start importing Assets/Free Pixel Battle Backgrounds + Free Pixel Characters/Characters/GALAHAD.png using Guid(af87d6334d9427c45a0ebeb8b44df130) Importer(815301076,1909f56bfc062723c751e8b465ee728b) [PhysX] Initialized MultithreadedTaskDispatcher with 20 workers.
[PhysX] Initialized MultithreadedTaskDispatcher with 20 workers.
 -> (artifact id: '47d7ff54a9b65a7b7f75881bdb98a579') in 0.037821 seconds
Number of updated asset objects reloaded before import = 0
Number of asset objects unloaded after import = 3
========================================================================
Received Import Request.
  Time since last request: 66.473670 seconds.
  path: Assets/player_galahad.prefab
  artifactKey: Guid(12f2cb076f079644f9752db018c92c2d) Importer(815301076,1909f56bfc062723c751e8b465ee728b)
Start importing Assets/player_galahad.prefab using Guid(12f2cb076f079644f9752db018c92c2d) Importer(815301076,1909f56bfc062723c751e8b465ee728b) [PhysX] Initialized MultithreadedTaskDispatcher with 20 workers.
[PhysX] Initialized MultithreadedTaskDispatcher with 20 workers.
 -> (artifact id: 'e79d49103844b4e422ee7a99564a8ff5') in 0.006668 seconds
Number of updated asset objects reloaded before import = 0
Number of asset objects unloaded after import = 8
========================================================================
Received Prepare
Caller must complete domain reload
Begin MonoManager ReloadAssembly
- Loaded All Assemblies, in  0.399 seconds
Native extension for WindowsStandalone target not found
Native extension for WebGL target not found
System.Exception: Error! Visual Scripting: couldn't find visual scripting package
  at Unity.VisualScripting.PackageVersionUtility.get_version () [0x00043] in .\Library\PackageCache\com.unity.visualscripting@1.9.4\Editor\VisualScripting.Core\Utilities\PackageVersionUtility.cs:31 
  at Unity.VisualScripting.BoltCoreManifest.get_version () [0x00000] in .\Library\PackageCache\com.unity.visualscripting@1.9.4\Editor\VisualScripting.Core\Plugin\BoltCoreManifest.cs:11 
  at Unity.VisualScripting.PluginManifest.get_currentVersion () [0x00000] in .\Library\PackageCache\com.unity.visualscripting@1.9.4\Editor\VisualScripting.Core\Plugins\PluginManifest.cs:33 
  at Unity.VisualScripting.PluginManifest.get_versionMismatch () [0x00000] in .\Library\PackageCache\com.unity.visualscripting@1.9.4\Editor\VisualScripting.Core\Plugins\PluginManifest.cs:48 
  at Unity.VisualScripting.PluginContainer.Initialize () [0x00525] in .\Library\PackageCache\com.unity.visualscripting@1.9.4\Editor\VisualScripting.Core\Plugins\PluginContainer.cs:208 
  at Unity.VisualScripting.PluginContainer.InitializeOnLoad () [0x00009] in .\Library\PackageCache\com.unity.visualscripting@1.9.4\Editor\VisualScripting.Core\Plugins\PluginContainer.cs:32 
  at Unity.VisualScripting.VSUsageUtility.DoInitializeOnLoadCalls () [0x00034] in .\Library\PackageCache\com.unity.visualscripting@1.9.4\Editor\VisualScripting.Core\Utilities\VSUsageUtility.cs:76 
  at Unity.VisualScripting.VSUsageUtility.set_isVisualScriptingUsed (System.Boolean value) [0x0002c] in .\Library\PackageCache\com.unity.visualscripting@1.9.4\Editor\VisualScripting.Core\Utilities\VSUsageUtility.cs:114 
  at Unity.VisualScripting.VSUsageUtility.CheckAndSetIsVisualScriptingUsed () [0x0000d] in .\Library\PackageCache\com.unity.visualscripting@1.9.4\Editor\VisualScripting.Core\Utilities\VSUsageUtility.cs:33 
  at Unity.VisualScripting.VSUsageUtility..cctor () [0x00000] in .\Library\PackageCache\com.unity.visualscripting@1.9.4\Editor\VisualScripting.Core\Utilities\VSUsageUtility.cs:22 
UnityEngine.StackTraceUtility:ExtractStackTrace ()
UnityEngine.DebugLogHandler:LogFormat (UnityEngine.LogType,UnityEngine.Object,string,object[])
UnityEngine.Logger:Log (UnityEngine.LogType,object)
UnityEngine.Debug:LogError (object)
UnityEditor.EditorAssemblies:ProcessInitializeOnLoadAttributes (System.Type[])

[Package Manager] Server::EnsureServerProcessIsRunning -- launch failed, reason: Unity was launched with the -noUpm command-line argument
[Package Manager] UpmClient::Send -- Unable to send message (not connected to UPM process).
[Package Manager] Cannot connect to Unity Package Manager local server
Mono: successfully reloaded assembly
- Finished resetting the current domain, in  1.274 seconds
Domain Reload Profiling: 1668ms
	BeginReloadAssembly (135ms)
		ExecutionOrderSort (0ms)
		DisableScriptedObjects (7ms)
		BackupInstance (0ms)
		ReleaseScriptingObjects (0ms)
		CreateAndSetChildDomain (33ms)
	RebuildCommonClasses (24ms)
	RebuildNativeTypeToScriptingClass (9ms)
	initialDomainReloadingComplete (26ms)
	LoadAllAssembliesAndSetupDomain (200ms)
		LoadAssemblies (241ms)
		RebuildTransferFunctionScriptingTraits (0ms)
		AnalyzeDomain (19ms)
			TypeCache.Refresh (6ms)
				TypeCache.ScanAssembly (0ms)
			ScanForSourceGeneratedMonoScriptInfo (8ms)
			ResolveRequiredComponents (4ms)
	FinalizeReload (1275ms)
		ReleaseScriptCaches (0ms)
		RebuildScriptCaches (0ms)
		SetupLoadedEditorAssemblies (498ms)
			LogAssemblyErrors (0ms)
			InitializePlatformSupportModulesInManaged (5ms)
			SetLoadedEditorAssemblies (2ms)
			RefreshPlugins (0ms)
			BeforeProcessingInitializeOnLoad (58ms)
			ProcessInitializeOnLoadAttributes (393ms)
			ProcessInitializeOnLoadMethodAttributes (24ms)
			AfterProcessingInitializeOnLoad (15ms)
			EditorAssembliesLoaded (0ms)
		ExecutionOrderSort2 (0ms)
		AwakeInstancesAfterBackupRestoration (9ms)
Refreshing native plugins compatible for Editor in 7.39 ms, found 4 plugins.
Preloading 0 native plugins for Editor in 0.00 ms.
Unloading 4023 Unused Serialized files (Serialized files now loaded: 0)
Unloading 25 unused Assets / (213.2 KB). Loaded Objects now: 4575.
Memory consumption went from 145.8 MB to 145.5 MB.
Total: 7.294400 ms (FindLiveObjects: 0.187300 ms CreateObjectMapping: 0.087600 ms MarkObjects: 6.878900 ms  DeleteObjects: 0.139400 ms)

Prepare: number of updated asset objects reloaded= 0
AssetImportParameters requested are different than current active one (requested -> active):
  custom:container-demuxer-ogg: 62fdf1f143b41e24485cea50d1cbac27 -> 
  custom:scripting/monoscript/fileName/enemyvalues.cs: b2871cba44f342a4684feb21ced01089 -> 
  custom:video-decoder-ogg-theora: a1e56fd34408186e4bbccfd4996cb3dc -> 
  custom:framework-win-MediaFoundation: 216162199b28c13a410421893ffa2e32 -> 
  custom:CustomObjectIndexerAttribute: 9a22284fe3817be447336de3de66b15e -> 
  custom:container-demuxer-webm: 4f35f7cbe854078d1ac9338744f61a02 -> 
  custom:container-muxer-webm: aa71ff27fc2769a1b78a27578f13a17b -> 
  custom:video-decoder-webm-vp8: 9c59270c3fd7afecdb556c50c9e8de78 -> 
  custom:SearchIndexIgnoredProperties: e643bd26f0fe6173181afceb89e7c659 -> 
  custom:AudioImporter_EditorPlatform: d09bf68614088b80899f8185d706f6e7 -> 
  custom:video-encoder-webm-vp8: eb34c28f22e8b96e1ab97ce403110664 -> 
  custom:scripting/monoscript/fileName/player.cs: b1b0b99e0fbd8450a8ac2481988cbaeb -> 
  custom:audio-decoder-ogg-vorbis: bf7c407c2cedff20999df2af8eb42d56 -> 
  custom:audio-encoder-webm-vorbis: bf7c407c2cedff20999df2af8eb42d56 -> 
  custom:scripting/precompiled-assembly-types:Assembly-CSharp: aa61322e6954570d36cbb9395d90f6fc -> 
========================================================================
Received Prepare
Caller must complete domain reload
Begin MonoManager ReloadAssembly
- Loaded All Assemblies, in  0.765 seconds
Native extension for WindowsStandalone target not found
Native extension for WebGL target not found
System.Exception: Error! Visual Scripting: couldn't find visual scripting package
  at Unity.VisualScripting.PackageVersionUtility.get_version () [0x00043] in .\Library\PackageCache\com.unity.visualscripting@1.9.4\Editor\VisualScripting.Core\Utilities\PackageVersionUtility.cs:31 
  at Unity.VisualScripting.BoltCoreManifest.get_version () [0x00000] in .\Library\PackageCache\com.unity.visualscripting@1.9.4\Editor\VisualScripting.Core\Plugin\BoltCoreManifest.cs:11 
  at Unity.VisualScripting.PluginManifest.get_currentVersion () [0x00000] in .\Library\PackageCache\com.unity.visualscripting@1.9.4\Editor\VisualScripting.Core\Plugins\PluginManifest.cs:33 
  at Unity.VisualScripting.PluginManifest.get_versionMismatch () [0x00000] in .\Library\PackageCache\com.unity.visualscripting@1.9.4\Editor\VisualScripting.Core\Plugins\PluginManifest.cs:48 
  at Unity.VisualScripting.PluginContainer.Initialize () [0x00525] in .\Library\PackageCache\com.unity.visualscripting@1.9.4\Editor\VisualScripting.Core\Plugins\PluginContainer.cs:208 
  at Unity.VisualScripting.PluginContainer.InitializeOnLoad () [0x00009] in .\Library\PackageCache\com.unity.visualscripting@1.9.4\Editor\VisualScripting.Core\Plugins\PluginContainer.cs:32 
  at Unity.VisualScripting.VSUsageUtility.DoInitializeOnLoadCalls () [0x00034] in .\Library\PackageCache\com.unity.visualscripting@1.9.4\Editor\VisualScripting.Core\Utilities\VSUsageUtility.cs:76 
  at Unity.VisualScripting.VSUsageUtility.set_isVisualScriptingUsed (System.Boolean value) [0x0002c] in .\Library\PackageCache\com.unity.visualscripting@1.9.4\Editor\VisualScripting.Core\Utilities\VSUsageUtility.cs:114 
  at Unity.VisualScripting.VSUsageUtility.CheckAndSetIsVisualScriptingUsed () [0x0000d] in .\Library\PackageCache\com.unity.visualscripting@1.9.4\Editor\VisualScripting.Core\Utilities\VSUsageUtility.cs:33 
  at Unity.VisualScripting.VSUsageUtility..cctor () [0x00000] in .\Library\PackageCache\com.unity.visualscripting@1.9.4\Editor\VisualScripting.Core\Utilities\VSUsageUtility.cs:22 
UnityEngine.StackTraceUtility:ExtractStackTrace ()
UnityEngine.DebugLogHandler:LogFormat (UnityEngine.LogType,UnityEngine.Object,string,object[])
UnityEngine.Logger:Log (UnityEngine.LogType,object)
UnityEngine.Debug:LogError (object)
UnityEditor.EditorAssemblies:ProcessInitializeOnLoadAttributes (System.Type[])

[Package Manager] Server::EnsureServerProcessIsRunning -- launch failed, reason: Unity was launched with the -noUpm command-line argument
[Package Manager] UpmClient::Send -- Unable to send message (not connected to UPM process).
[Package Manager] Cannot connect to Unity Package Manager local server
Mono: successfully reloaded assembly
- Finished resetting the current domain, in  1.108 seconds
Domain Reload Profiling: 1863ms
	BeginReloadAssembly (246ms)
		ExecutionOrderSort (0ms)
		DisableScriptedObjects (18ms)
		BackupInstance (0ms)
		ReleaseScriptingObjects (0ms)
		CreateAndSetChildDomain (46ms)
	RebuildCommonClasses (44ms)
	RebuildNativeTypeToScriptingClass (15ms)
	initialDomainReloadingComplete (51ms)
	LoadAllAssembliesAndSetupDomain (399ms)
		LoadAssemblies (485ms)
		RebuildTransferFunctionScriptingTraits (0ms)
		AnalyzeDomain (33ms)
			TypeCache.Refresh (11ms)
				TypeCache.ScanAssembly (0ms)
			ScanForSourceGeneratedMonoScriptInfo (13ms)
			ResolveRequiredComponents (8ms)
	FinalizeReload (1108ms)
		ReleaseScriptCaches (0ms)
		RebuildScriptCaches (0ms)
		SetupLoadedEditorAssemblies (470ms)
			LogAssemblyErrors (0ms)
			InitializePlatformSupportModulesInManaged (5ms)
			SetLoadedEditorAssemblies (2ms)
			RefreshPlugins (0ms)
			BeforeProcessingInitializeOnLoad (57ms)
			ProcessInitializeOnLoadAttributes (375ms)
			ProcessInitializeOnLoadMethodAttributes (22ms)
			AfterProcessingInitializeOnLoad (8ms)
			EditorAssembliesLoaded (0ms)
		ExecutionOrderSort2 (0ms)
		AwakeInstancesAfterBackupRestoration (9ms)
Refreshing native plugins compatible for Editor in 5.81 ms, found 4 plugins.
Preloading 0 native plugins for Editor in 0.00 ms.
Unloading 4024 Unused Serialized files (Serialized files now loaded: 0)
Unloading 25 unused Assets / (213.4 KB). Loaded Objects now: 4580.
Memory consumption went from 146.0 MB to 145.8 MB.
Total: 6.929600 ms (FindLiveObjects: 0.177500 ms CreateObjectMapping: 0.086000 ms MarkObjects: 6.536300 ms  DeleteObjects: 0.128700 ms)

Prepare: number of updated asset objects reloaded= 0
AssetImportParameters requested are different than current active one (requested -> active):
  custom:container-demuxer-ogg: 62fdf1f143b41e24485cea50d1cbac27 -> 
  custom:scripting/monoscript/fileName/enemyvalues.cs: b2871cba44f342a4684feb21ced01089 -> 
  custom:video-decoder-ogg-theora: a1e56fd34408186e4bbccfd4996cb3dc -> 
  custom:framework-win-MediaFoundation: 216162199b28c13a410421893ffa2e32 -> 
  custom:CustomObjectIndexerAttribute: 9a22284fe3817be447336de3de66b15e -> 
  custom:container-demuxer-webm: 4f35f7cbe854078d1ac9338744f61a02 -> 
  custom:container-muxer-webm: aa71ff27fc2769a1b78a27578f13a17b -> 
  custom:video-decoder-webm-vp8: 9c59270c3fd7afecdb556c50c9e8de78 -> 
  custom:SearchIndexIgnoredProperties: e643bd26f0fe6173181afceb89e7c659 -> 
  custom:AudioImporter_EditorPlatform: d09bf68614088b80899f8185d706f6e7 -> 
  custom:video-encoder-webm-vp8: eb34c28f22e8b96e1ab97ce403110664 -> 
  custom:scripting/monoscript/fileName/player.cs: b1b0b99e0fbd8450a8ac2481988cbaeb -> 
  custom:audio-decoder-ogg-vorbis: bf7c407c2cedff20999df2af8eb42d56 -> 
  custom:audio-encoder-webm-vorbis: bf7c407c2cedff20999df2af8eb42d56 -> 
  custom:scripting/precompiled-assembly-types:Assembly-CSharp: aa61322e6954570d36cbb9395d90f6fc -> 
========================================================================
Received Import Request.
  Time since last request: 280.306770 seconds.
  path: Assets/goblin.prefab
  artifactKey: Guid(a9af2c918aaccf140b32a84867cd3e2e) Importer(815301076,1909f56bfc062723c751e8b465ee728b)
Start importing Assets/goblin.prefab using Guid(a9af2c918aaccf140b32a84867cd3e2e) Importer(815301076,1909f56bfc062723c751e8b465ee728b) [PhysX] Initialized MultithreadedTaskDispatcher with 20 workers.
[PhysX] Initialized MultithreadedTaskDispatcher with 20 workers.
 -> (artifact id: 'e34072c304dbb6432bcb1ba393410460') in 0.043500 seconds
Number of updated asset objects reloaded before import = 0
Number of asset objects unloaded after import = 8
========================================================================
Received Prepare
Caller must complete domain reload
Begin MonoManager ReloadAssembly
- Loaded All Assemblies, in  0.497 seconds
Native extension for WindowsStandalone target not found
Native extension for WebGL target not found
System.Exception: Error! Visual Scripting: couldn't find visual scripting package
  at Unity.VisualScripting.PackageVersionUtility.get_version () [0x00043] in .\Library\PackageCache\com.unity.visualscripting@1.9.4\Editor\VisualScripting.Core\Utilities\PackageVersionUtility.cs:31 
  at Unity.VisualScripting.BoltCoreManifest.get_version () [0x00000] in .\Library\PackageCache\com.unity.visualscripting@1.9.4\Editor\VisualScripting.Core\Plugin\BoltCoreManifest.cs:11 
  at Unity.VisualScripting.PluginManifest.get_currentVersion () [0x00000] in .\Library\PackageCache\com.unity.visualscripting@1.9.4\Editor\VisualScripting.Core\Plugins\PluginManifest.cs:33 
  at Unity.VisualScripting.PluginManifest.get_versionMismatch () [0x00000] in .\Library\PackageCache\com.unity.visualscripting@1.9.4\Editor\VisualScripting.Core\Plugins\PluginManifest.cs:48 
  at Unity.VisualScripting.PluginContainer.Initialize () [0x00525] in .\Library\PackageCache\com.unity.visualscripting@1.9.4\Editor\VisualScripting.Core\Plugins\PluginContainer.cs:208 
  at Unity.VisualScripting.PluginContainer.InitializeOnLoad () [0x00009] in .\Library\PackageCache\com.unity.visualscripting@1.9.4\Editor\VisualScripting.Core\Plugins\PluginContainer.cs:32 
  at Unity.VisualScripting.VSUsageUtility.DoInitializeOnLoadCalls () [0x00034] in .\Library\PackageCache\com.unity.visualscripting@1.9.4\Editor\VisualScripting.Core\Utilities\VSUsageUtility.cs:76 
  at Unity.VisualScripting.VSUsageUtility.set_isVisualScriptingUsed (System.Boolean value) [0x0002c] in .\Library\PackageCache\com.unity.visualscripting@1.9.4\Editor\VisualScripting.Core\Utilities\VSUsageUtility.cs:114 
  at Unity.VisualScripting.VSUsageUtility.CheckAndSetIsVisualScriptingUsed () [0x0000d] in .\Library\PackageCache\com.unity.visualscripting@1.9.4\Editor\VisualScripting.Core\Utilities\VSUsageUtility.cs:33 
  at Unity.VisualScripting.VSUsageUtility..cctor () [0x00000] in .\Library\PackageCache\com.unity.visualscripting@1.9.4\Editor\VisualScripting.Core\Utilities\VSUsageUtility.cs:22 
UnityEngine.StackTraceUtility:ExtractStackTrace ()
UnityEngine.DebugLogHandler:LogFormat (UnityEngine.LogType,UnityEngine.Object,string,object[])
UnityEngine.Logger:Log (UnityEngine.LogType,object)
UnityEngine.Debug:LogError (object)
UnityEditor.EditorAssemblies:ProcessInitializeOnLoadAttributes (System.Type[])

[Package Manager] Server::EnsureServerProcessIsRunning -- launch failed, reason: Unity was launched with the -noUpm command-line argument
[Package Manager] UpmClient::Send -- Unable to send message (not connected to UPM process).
[Package Manager] Cannot connect to Unity Package Manager local server
Mono: successfully reloaded assembly
- Finished resetting the current domain, in  1.088 seconds
Domain Reload Profiling: 1579ms
	BeginReloadAssembly (156ms)
		ExecutionOrderSort (0ms)
		DisableScriptedObjects (7ms)
		BackupInstance (0ms)
		ReleaseScriptingObjects (0ms)
		CreateAndSetChildDomain (33ms)
	RebuildCommonClasses (24ms)
	RebuildNativeTypeToScriptingClass (8ms)
	initialDomainReloadingComplete (30ms)
	LoadAllAssembliesAndSetupDomain (273ms)
		LoadAssemblies (325ms)
		RebuildTransferFunctionScriptingTraits (0ms)
		AnalyzeDomain (25ms)
			TypeCache.Refresh (8ms)
				TypeCache.ScanAssembly (0ms)
			ScanForSourceGeneratedMonoScriptInfo (12ms)
			ResolveRequiredComponents (4ms)
	FinalizeReload (1089ms)
		ReleaseScriptCaches (0ms)
		RebuildScriptCaches (0ms)
		SetupLoadedEditorAssemblies (446ms)
			LogAssemblyErrors (0ms)
			InitializePlatformSupportModulesInManaged (5ms)
			SetLoadedEditorAssemblies (2ms)
			RefreshPlugins (0ms)
			BeforeProcessingInitializeOnLoad (54ms)
			ProcessInitializeOnLoadAttributes (355ms)
			ProcessInitializeOnLoadMethodAttributes (22ms)
			AfterProcessingInitializeOnLoad (7ms)
			EditorAssembliesLoaded (0ms)
		ExecutionOrderSort2 (0ms)
		AwakeInstancesAfterBackupRestoration (9ms)
Refreshing native plugins compatible for Editor in 7.31 ms, found 4 plugins.
Preloading 0 native plugins for Editor in 0.00 ms.
Unloading 4023 Unused Serialized files (Serialized files now loaded: 0)
Unloading 25 unused Assets / (213.3 KB). Loaded Objects now: 4585.
Memory consumption went from 145.8 MB to 145.6 MB.
Total: 7.054200 ms (FindLiveObjects: 0.179800 ms CreateObjectMapping: 0.088800 ms MarkObjects: 6.655200 ms  DeleteObjects: 0.129000 ms)

Prepare: number of updated asset objects reloaded= 0
AssetImportParameters requested are different than current active one (requested -> active):
  custom:container-demuxer-ogg: 62fdf1f143b41e24485cea50d1cbac27 -> 
  custom:scripting/monoscript/fileName/enemyvalues.cs: b2871cba44f342a4684feb21ced01089 -> 
  custom:video-decoder-ogg-theora: a1e56fd34408186e4bbccfd4996cb3dc -> 
  custom:framework-win-MediaFoundation: 216162199b28c13a410421893ffa2e32 -> 
  custom:CustomObjectIndexerAttribute: 9a22284fe3817be447336de3de66b15e -> 
  custom:scripting/monoscript/fileName/playervalues.cs: b1b0b99e0fbd8450a8ac2481988cbaeb -> 
  custom:container-demuxer-webm: 4f35f7cbe854078d1ac9338744f61a02 -> 
  custom:container-muxer-webm: aa71ff27fc2769a1b78a27578f13a17b -> 
  custom:video-decoder-webm-vp8: 9c59270c3fd7afecdb556c50c9e8de78 -> 
  custom:SearchIndexIgnoredProperties: e643bd26f0fe6173181afceb89e7c659 -> 
  custom:AudioImporter_EditorPlatform: d09bf68614088b80899f8185d706f6e7 -> 
  custom:video-encoder-webm-vp8: eb34c28f22e8b96e1ab97ce403110664 -> 
  custom:scripting/monoscript/fileName/player.cs: b1b0b99e0fbd8450a8ac2481988cbaeb -> 
  custom:audio-decoder-ogg-vorbis: bf7c407c2cedff20999df2af8eb42d56 -> 
  custom:audio-encoder-webm-vorbis: bf7c407c2cedff20999df2af8eb42d56 -> 
  custom:scripting/precompiled-assembly-types:Assembly-CSharp: e4d2975870f9e9e2e13213c29b1ca100 -> 
========================================================================
Received Prepare
Caller must complete domain reload
Begin MonoManager ReloadAssembly
- Loaded All Assemblies, in  0.536 seconds
Native extension for WindowsStandalone target not found
Native extension for WebGL target not found
System.Exception: Error! Visual Scripting: couldn't find visual scripting package
  at Unity.VisualScripting.PackageVersionUtility.get_version () [0x00043] in .\Library\PackageCache\com.unity.visualscripting@1.9.4\Editor\VisualScripting.Core\Utilities\PackageVersionUtility.cs:31 
  at Unity.VisualScripting.BoltCoreManifest.get_version () [0x00000] in .\Library\PackageCache\com.unity.visualscripting@1.9.4\Editor\VisualScripting.Core\Plugin\BoltCoreManifest.cs:11 
  at Unity.VisualScripting.PluginManifest.get_currentVersion () [0x00000] in .\Library\PackageCache\com.unity.visualscripting@1.9.4\Editor\VisualScripting.Core\Plugins\PluginManifest.cs:33 
  at Unity.VisualScripting.PluginManifest.get_versionMismatch () [0x00000] in .\Library\PackageCache\com.unity.visualscripting@1.9.4\Editor\VisualScripting.Core\Plugins\PluginManifest.cs:48 
  at Unity.VisualScripting.PluginContainer.Initialize () [0x00525] in .\Library\PackageCache\com.unity.visualscripting@1.9.4\Editor\VisualScripting.Core\Plugins\PluginContainer.cs:208 
  at Unity.VisualScripting.PluginContainer.InitializeOnLoad () [0x00009] in .\Library\PackageCache\com.unity.visualscripting@1.9.4\Editor\VisualScripting.Core\Plugins\PluginContainer.cs:32 
  at Unity.VisualScripting.VSUsageUtility.DoInitializeOnLoadCalls () [0x00034] in .\Library\PackageCache\com.unity.visualscripting@1.9.4\Editor\VisualScripting.Core\Utilities\VSUsageUtility.cs:76 
  at Unity.VisualScripting.VSUsageUtility.set_isVisualScriptingUsed (System.Boolean value) [0x0002c] in .\Library\PackageCache\com.unity.visualscripting@1.9.4\Editor\VisualScripting.Core\Utilities\VSUsageUtility.cs:114 
  at Unity.VisualScripting.VSUsageUtility.CheckAndSetIsVisualScriptingUsed () [0x0000d] in .\Library\PackageCache\com.unity.visualscripting@1.9.4\Editor\VisualScripting.Core\Utilities\VSUsageUtility.cs:33 
  at Unity.VisualScripting.VSUsageUtility..cctor () [0x00000] in .\Library\PackageCache\com.unity.visualscripting@1.9.4\Editor\VisualScripting.Core\Utilities\VSUsageUtility.cs:22 
UnityEngine.StackTraceUtility:ExtractStackTrace ()
UnityEngine.DebugLogHandler:LogFormat (UnityEngine.LogType,UnityEngine.Object,string,object[])
UnityEngine.Logger:Log (UnityEngine.LogType,object)
UnityEngine.Debug:LogError (object)
UnityEditor.EditorAssemblies:ProcessInitializeOnLoadAttributes (System.Type[])

[Package Manager] Server::EnsureServerProcessIsRunning -- launch failed, reason: Unity was launched with the -noUpm command-line argument
[Package Manager] UpmClient::Send -- Unable to send message (not connected to UPM process).
[Package Manager] Cannot connect to Unity Package Manager local server
Mono: successfully reloaded assembly
- Finished resetting the current domain, in  1.347 seconds
Domain Reload Profiling: 1878ms
	BeginReloadAssembly (187ms)
		ExecutionOrderSort (0ms)
		DisableScriptedObjects (10ms)
		BackupInstance (0ms)
		ReleaseScriptingObjects (0ms)
		CreateAndSetChildDomain (53ms)
	RebuildCommonClasses (24ms)
	RebuildNativeTypeToScriptingClass (10ms)
	initialDomainReloadingComplete (32ms)
	LoadAllAssembliesAndSetupDomain (278ms)
		LoadAssemblies (340ms)
		RebuildTransferFunctionScriptingTraits (0ms)
		AnalyzeDomain (20ms)
			TypeCache.Refresh (7ms)
				TypeCache.ScanAssembly (0ms)
			ScanForSourceGeneratedMonoScriptInfo (8ms)
			ResolveRequiredComponents (4ms)
	FinalizeReload (1348ms)
		ReleaseScriptCaches (0ms)
		RebuildScriptCaches (0ms)
		SetupLoadedEditorAssemblies (576ms)
			LogAssemblyErrors (0ms)
			InitializePlatformSupportModulesInManaged (5ms)
			SetLoadedEditorAssemblies (2ms)
			RefreshPlugins (0ms)
			BeforeProcessingInitializeOnLoad (61ms)
			ProcessInitializeOnLoadAttributes (467ms)
			ProcessInitializeOnLoadMethodAttributes (31ms)
			AfterProcessingInitializeOnLoad (8ms)
			EditorAssembliesLoaded (0ms)
		ExecutionOrderSort2 (0ms)
		AwakeInstancesAfterBackupRestoration (13ms)
Refreshing native plugins compatible for Editor in 6.69 ms, found 4 plugins.
Preloading 0 native plugins for Editor in 0.00 ms.
Unloading 4024 Unused Serialized files (Serialized files now loaded: 0)
Unloading 25 unused Assets / (213.3 KB). Loaded Objects now: 4590.
Memory consumption went from 146.0 MB to 145.8 MB.
Total: 10.151100 ms (FindLiveObjects: 0.202600 ms CreateObjectMapping: 0.092900 ms MarkObjects: 9.702500 ms  DeleteObjects: 0.151900 ms)

Prepare: number of updated asset objects reloaded= 0
AssetImportParameters requested are different than current active one (requested -> active):
  custom:container-demuxer-ogg: 62fdf1f143b41e24485cea50d1cbac27 -> 
  custom:scripting/monoscript/fileName/enemyvalues.cs: b2871cba44f342a4684feb21ced01089 -> 
  custom:video-decoder-ogg-theora: a1e56fd34408186e4bbccfd4996cb3dc -> 
  custom:framework-win-MediaFoundation: 216162199b28c13a410421893ffa2e32 -> 
  custom:CustomObjectIndexerAttribute: 9a22284fe3817be447336de3de66b15e -> 
  custom:scripting/monoscript/fileName/playervalues.cs: 8246be7a4dfdae6cb4722066f9fe78c7 -> 
  custom:container-demuxer-webm: 4f35f7cbe854078d1ac9338744f61a02 -> 
  custom:container-muxer-webm: aa71ff27fc2769a1b78a27578f13a17b -> 
  custom:video-decoder-webm-vp8: 9c59270c3fd7afecdb556c50c9e8de78 -> 
  custom:SearchIndexIgnoredProperties: e643bd26f0fe6173181afceb89e7c659 -> 
  custom:AudioImporter_EditorPlatform: d09bf68614088b80899f8185d706f6e7 -> 
  custom:video-encoder-webm-vp8: eb34c28f22e8b96e1ab97ce403110664 -> 
  custom:scripting/monoscript/fileName/player.cs: b1b0b99e0fbd8450a8ac2481988cbaeb -> 
  custom:audio-decoder-ogg-vorbis: bf7c407c2cedff20999df2af8eb42d56 -> 
  custom:audio-encoder-webm-vorbis: bf7c407c2cedff20999df2af8eb42d56 -> 
  custom:scripting/precompiled-assembly-types:Assembly-CSharp: 37c76b5f7a156c6537266022a383f68a -> 
========================================================================
Received Prepare
Caller must complete domain reload
Begin MonoManager ReloadAssembly
- Loaded All Assemblies, in  0.425 seconds
Native extension for WindowsStandalone target not found
Native extension for WebGL target not found
System.Exception: Error! Visual Scripting: couldn't find visual scripting package
  at Unity.VisualScripting.PackageVersionUtility.get_version () [0x00043] in .\Library\PackageCache\com.unity.visualscripting@1.9.4\Editor\VisualScripting.Core\Utilities\PackageVersionUtility.cs:31 
  at Unity.VisualScripting.BoltCoreManifest.get_version () [0x00000] in .\Library\PackageCache\com.unity.visualscripting@1.9.4\Editor\VisualScripting.Core\Plugin\BoltCoreManifest.cs:11 
  at Unity.VisualScripting.PluginManifest.get_currentVersion () [0x00000] in .\Library\PackageCache\com.unity.visualscripting@1.9.4\Editor\VisualScripting.Core\Plugins\PluginManifest.cs:33 
  at Unity.VisualScripting.PluginManifest.get_versionMismatch () [0x00000] in .\Library\PackageCache\com.unity.visualscripting@1.9.4\Editor\VisualScripting.Core\Plugins\PluginManifest.cs:48 
  at Unity.VisualScripting.PluginContainer.Initialize () [0x00525] in .\Library\PackageCache\com.unity.visualscripting@1.9.4\Editor\VisualScripting.Core\Plugins\PluginContainer.cs:208 
  at Unity.VisualScripting.PluginContainer.InitializeOnLoad () [0x00009] in .\Library\PackageCache\com.unity.visualscripting@1.9.4\Editor\VisualScripting.Core\Plugins\PluginContainer.cs:32 
  at Unity.VisualScripting.VSUsageUtility.DoInitializeOnLoadCalls () [0x00034] in .\Library\PackageCache\com.unity.visualscripting@1.9.4\Editor\VisualScripting.Core\Utilities\VSUsageUtility.cs:76 
  at Unity.VisualScripting.VSUsageUtility.set_isVisualScriptingUsed (System.Boolean value) [0x0002c] in .\Library\PackageCache\com.unity.visualscripting@1.9.4\Editor\VisualScripting.Core\Utilities\VSUsageUtility.cs:114 
  at Unity.VisualScripting.VSUsageUtility.CheckAndSetIsVisualScriptingUsed () [0x0000d] in .\Library\PackageCache\com.unity.visualscripting@1.9.4\Editor\VisualScripting.Core\Utilities\VSUsageUtility.cs:33 
  at Unity.VisualScripting.VSUsageUtility..cctor () [0x00000] in .\Library\PackageCache\com.unity.visualscripting@1.9.4\Editor\VisualScripting.Core\Utilities\VSUsageUtility.cs:22 
UnityEngine.StackTraceUtility:ExtractStackTrace ()
UnityEngine.DebugLogHandler:LogFormat (UnityEngine.LogType,UnityEngine.Object,string,object[])
UnityEngine.Logger:Log (UnityEngine.LogType,object)
UnityEngine.Debug:LogError (object)
UnityEditor.EditorAssemblies:ProcessInitializeOnLoadAttributes (System.Type[])

[Package Manager] Server::EnsureServerProcessIsRunning -- launch failed, reason: Unity was launched with the -noUpm command-line argument
[Package Manager] UpmClient::Send -- Unable to send message (not connected to UPM process).
[Package Manager] Cannot connect to Unity Package Manager local server
Mono: successfully reloaded assembly
- Finished resetting the current domain, in  1.088 seconds
Domain Reload Profiling: 1509ms
	BeginReloadAssembly (155ms)
		ExecutionOrderSort (0ms)
		DisableScriptedObjects (10ms)
		BackupInstance (0ms)
		ReleaseScriptingObjects (0ms)
		CreateAndSetChildDomain (39ms)
	RebuildCommonClasses (29ms)
	RebuildNativeTypeToScriptingClass (9ms)
	initialDomainReloadingComplete (26ms)
	LoadAllAssembliesAndSetupDomain (202ms)
		LoadAssemblies (248ms)
		RebuildTransferFunctionScriptingTraits (0ms)
		AnalyzeDomain (20ms)
			TypeCache.Refresh (7ms)
				TypeCache.ScanAssembly (0ms)
			ScanForSourceGeneratedMonoScriptInfo (8ms)
			ResolveRequiredComponents (4ms)
	FinalizeReload (1089ms)
		ReleaseScriptCaches (0ms)
		RebuildScriptCaches (0ms)
		SetupLoadedEditorAssemblies (443ms)
			LogAssemblyErrors (0ms)
			InitializePlatformSupportModulesInManaged (5ms)
			SetLoadedEditorAssemblies (2ms)
			RefreshPlugins (0ms)
			BeforeProcessingInitializeOnLoad (55ms)
			ProcessInitializeOnLoadAttributes (351ms)
			ProcessInitializeOnLoadMethodAttributes (23ms)
			AfterProcessingInitializeOnLoad (7ms)
			EditorAssembliesLoaded (0ms)
		ExecutionOrderSort2 (0ms)
		AwakeInstancesAfterBackupRestoration (9ms)
Refreshing native plugins compatible for Editor in 5.62 ms, found 4 plugins.
Preloading 0 native plugins for Editor in 0.00 ms.
Unloading 4024 Unused Serialized files (Serialized files now loaded: 0)
Unloading 25 unused Assets / (213.4 KB). Loaded Objects now: 4595.
Memory consumption went from 146.0 MB to 145.8 MB.
Total: 6.982800 ms (FindLiveObjects: 0.186300 ms CreateObjectMapping: 0.083100 ms MarkObjects: 6.572700 ms  DeleteObjects: 0.139700 ms)

Prepare: number of updated asset objects reloaded= 0
AssetImportParameters requested are different than current active one (requested -> active):
  custom:container-demuxer-ogg: 62fdf1f143b41e24485cea50d1cbac27 -> 
  custom:scripting/monoscript/fileName/enemyvalues.cs: 6d3759815fd7be00f9546723da6f552c -> 
  custom:video-decoder-ogg-theora: a1e56fd34408186e4bbccfd4996cb3dc -> 
  custom:framework-win-MediaFoundation: 216162199b28c13a410421893ffa2e32 -> 
  custom:CustomObjectIndexerAttribute: 9a22284fe3817be447336de3de66b15e -> 
  custom:scripting/monoscript/fileName/playervalues.cs: 8246be7a4dfdae6cb4722066f9fe78c7 -> 
  custom:container-demuxer-webm: 4f35f7cbe854078d1ac9338744f61a02 -> 
  custom:container-muxer-webm: aa71ff27fc2769a1b78a27578f13a17b -> 
  custom:video-decoder-webm-vp8: 9c59270c3fd7afecdb556c50c9e8de78 -> 
  custom:SearchIndexIgnoredProperties: e643bd26f0fe6173181afceb89e7c659 -> 
  custom:AudioImporter_EditorPlatform: d09bf68614088b80899f8185d706f6e7 -> 
  custom:video-encoder-webm-vp8: eb34c28f22e8b96e1ab97ce403110664 -> 
  custom:scripting/monoscript/fileName/player.cs: b1b0b99e0fbd8450a8ac2481988cbaeb -> 
  custom:audio-decoder-ogg-vorbis: bf7c407c2cedff20999df2af8eb42d56 -> 
  custom:audio-encoder-webm-vorbis: bf7c407c2cedff20999df2af8eb42d56 -> 
  custom:scripting/precompiled-assembly-types:Assembly-CSharp: 28426b0147af48f063bd58f186b0cc9f -> 
========================================================================
Received Prepare
Caller must complete domain reload
Begin MonoManager ReloadAssembly
- Loaded All Assemblies, in  0.382 seconds
Native extension for WindowsStandalone target not found
Native extension for WebGL target not found
System.Exception: Error! Visual Scripting: couldn't find visual scripting package
  at Unity.VisualScripting.PackageVersionUtility.get_version () [0x00043] in .\Library\PackageCache\com.unity.visualscripting@1.9.4\Editor\VisualScripting.Core\Utilities\PackageVersionUtility.cs:31 
  at Unity.VisualScripting.BoltCoreManifest.get_version () [0x00000] in .\Library\PackageCache\com.unity.visualscripting@1.9.4\Editor\VisualScripting.Core\Plugin\BoltCoreManifest.cs:11 
  at Unity.VisualScripting.PluginManifest.get_currentVersion () [0x00000] in .\Library\PackageCache\com.unity.visualscripting@1.9.4\Editor\VisualScripting.Core\Plugins\PluginManifest.cs:33 
  at Unity.VisualScripting.PluginManifest.get_versionMismatch () [0x00000] in .\Library\PackageCache\com.unity.visualscripting@1.9.4\Editor\VisualScripting.Core\Plugins\PluginManifest.cs:48 
  at Unity.VisualScripting.PluginContainer.Initialize () [0x00525] in .\Library\PackageCache\com.unity.visualscripting@1.9.4\Editor\VisualScripting.Core\Plugins\PluginContainer.cs:208 
  at Unity.VisualScripting.PluginContainer.InitializeOnLoad () [0x00009] in .\Library\PackageCache\com.unity.visualscripting@1.9.4\Editor\VisualScripting.Core\Plugins\PluginContainer.cs:32 
  at Unity.VisualScripting.VSUsageUtility.DoInitializeOnLoadCalls () [0x00034] in .\Library\PackageCache\com.unity.visualscripting@1.9.4\Editor\VisualScripting.Core\Utilities\VSUsageUtility.cs:76 
  at Unity.VisualScripting.VSUsageUtility.set_isVisualScriptingUsed (System.Boolean value) [0x0002c] in .\Library\PackageCache\com.unity.visualscripting@1.9.4\Editor\VisualScripting.Core\Utilities\VSUsageUtility.cs:114 
  at Unity.VisualScripting.VSUsageUtility.CheckAndSetIsVisualScriptingUsed () [0x0000d] in .\Library\PackageCache\com.unity.visualscripting@1.9.4\Editor\VisualScripting.Core\Utilities\VSUsageUtility.cs:33 
  at Unity.VisualScripting.VSUsageUtility..cctor () [0x00000] in .\Library\PackageCache\com.unity.visualscripting@1.9.4\Editor\VisualScripting.Core\Utilities\VSUsageUtility.cs:22 
UnityEngine.StackTraceUtility:ExtractStackTrace ()
UnityEngine.DebugLogHandler:LogFormat (UnityEngine.LogType,UnityEngine.Object,string,object[])
UnityEngine.Logger:Log (UnityEngine.LogType,object)
UnityEngine.Debug:LogError (object)
UnityEditor.EditorAssemblies:ProcessInitializeOnLoadAttributes (System.Type[])

[Package Manager] Server::EnsureServerProcessIsRunning -- launch failed, reason: Unity was launched with the -noUpm command-line argument
[Package Manager] UpmClient::Send -- Unable to send message (not connected to UPM process).
[Package Manager] Cannot connect to Unity Package Manager local server
Mono: successfully reloaded assembly
- Finished resetting the current domain, in  0.987 seconds
Domain Reload Profiling: 1365ms
	BeginReloadAssembly (135ms)
		ExecutionOrderSort (0ms)
		DisableScriptedObjects (7ms)
		BackupInstance (0ms)
		ReleaseScriptingObjects (0ms)
		CreateAndSetChildDomain (31ms)
	RebuildCommonClasses (22ms)
	RebuildNativeTypeToScriptingClass (7ms)
	initialDomainReloadingComplete (24ms)
	LoadAllAssembliesAndSetupDomain (189ms)
		LoadAssemblies (233ms)
		RebuildTransferFunctionScriptingTraits (0ms)
		AnalyzeDomain (19ms)
			TypeCache.Refresh (8ms)
				TypeCache.ScanAssembly (0ms)
			ScanForSourceGeneratedMonoScriptInfo (7ms)
			ResolveRequiredComponents (4ms)
	FinalizeReload (987ms)
		ReleaseScriptCaches (0ms)
		RebuildScriptCaches (0ms)
		SetupLoadedEditorAssemblies (412ms)
			LogAssemblyErrors (0ms)
			InitializePlatformSupportModulesInManaged (5ms)
			SetLoadedEditorAssemblies (2ms)
			RefreshPlugins (0ms)
			BeforeProcessingInitializeOnLoad (50ms)
			ProcessInitializeOnLoadAttributes (329ms)
			ProcessInitializeOnLoadMethodAttributes (20ms)
			AfterProcessingInitializeOnLoad (7ms)
			EditorAssembliesLoaded (0ms)
		ExecutionOrderSort2 (0ms)
		AwakeInstancesAfterBackupRestoration (8ms)
Refreshing native plugins compatible for Editor in 8.73 ms, found 4 plugins.
Preloading 0 native plugins for Editor in 0.00 ms.
Unloading 4025 Unused Serialized files (Serialized files now loaded: 0)
Unloading 25 unused Assets / (213.2 KB). Loaded Objects now: 4601.
Memory consumption went from 146.1 MB to 145.9 MB.
Total: 6.910200 ms (FindLiveObjects: 0.167100 ms CreateObjectMapping: 0.077400 ms MarkObjects: 6.535100 ms  DeleteObjects: 0.129800 ms)

Prepare: number of updated asset objects reloaded= 0
AssetImportParameters requested are different than current active one (requested -> active):
  custom:container-demuxer-ogg: 62fdf1f143b41e24485cea50d1cbac27 -> 
  custom:scripting/monoscript/fileName/enemyvalues.cs: 6d3759815fd7be00f9546723da6f552c -> 
  custom:video-decoder-ogg-theora: a1e56fd34408186e4bbccfd4996cb3dc -> 
  custom:framework-win-MediaFoundation: 216162199b28c13a410421893ffa2e32 -> 
  custom:CustomObjectIndexerAttribute: 9a22284fe3817be447336de3de66b15e -> 
  custom:scripting/monoscript/fileName/playervalues.cs: 8246be7a4dfdae6cb4722066f9fe78c7 -> 
  custom:container-demuxer-webm: 4f35f7cbe854078d1ac9338744f61a02 -> 
  custom:container-muxer-webm: aa71ff27fc2769a1b78a27578f13a17b -> 
  custom:video-decoder-webm-vp8: 9c59270c3fd7afecdb556c50c9e8de78 -> 
  custom:SearchIndexIgnoredProperties: e643bd26f0fe6173181afceb89e7c659 -> 
  custom:AudioImporter_EditorPlatform: d09bf68614088b80899f8185d706f6e7 -> 
  custom:video-encoder-webm-vp8: eb34c28f22e8b96e1ab97ce403110664 -> 
  custom:scripting/monoscript/fileName/player.cs: b1b0b99e0fbd8450a8ac2481988cbaeb -> 
  custom:scripting/monoscript/fileName/combatsystem.cs: 8872a57b1c80ec4a65fcbcdad3cdf073 -> 
  custom:audio-decoder-ogg-vorbis: bf7c407c2cedff20999df2af8eb42d56 -> 
  custom:audio-encoder-webm-vorbis: bf7c407c2cedff20999df2af8eb42d56 -> 
  custom:scripting/precompiled-assembly-types:Assembly-CSharp: f52db860158e2afd55952f0e2685598a -> 
========================================================================
Received Import Request.
  Time since last request: 521.482400 seconds.
  path: Assets/Violet Theme Ui/Panels
  artifactKey: Guid(f80ae926262792041867b286a3417cf3) Importer(815301076,1909f56bfc062723c751e8b465ee728b)
Start importing Assets/Violet Theme Ui/Panels using Guid(f80ae926262792041867b286a3417cf3) Importer(815301076,1909f56bfc062723c751e8b465ee728b) [PhysX] Initialized MultithreadedTaskDispatcher with 20 workers.
 -> (artifact id: '21b8fda032ddfeed1c20312636df5796') in 0.003696 seconds
Number of updated asset objects reloaded before import = 0
Number of asset objects unloaded after import = 0
========================================================================
Received Import Request.
  Time since last request: 0.054702 seconds.
  path: Assets/Violet Theme Ui/Panels/Dark Panel Blue.png
  artifactKey: Guid(207cc794caeb5e74e9163ba05a99b1bc) Importer(815301076,1909f56bfc062723c751e8b465ee728b)
Start importing Assets/Violet Theme Ui/Panels/Dark Panel Blue.png using Guid(207cc794caeb5e74e9163ba05a99b1bc) Importer(815301076,1909f56bfc062723c751e8b465ee728b) [PhysX] Initialized MultithreadedTaskDispatcher with 20 workers.
[PhysX] Initialized MultithreadedTaskDispatcher with 20 workers.
 -> (artifact id: '72c591b58e1a0ec88c961a3852b25d1e') in 0.082784 seconds
Number of updated asset objects reloaded before import = 0
Number of asset objects unloaded after import = 3
========================================================================
Received Import Request.
  Time since last request: 0.040116 seconds.
  path: Assets/Violet Theme Ui/Panels/Dark Panel Yellow.png
  artifactKey: Guid(5f9fbceed0b35d2428c55a800ea8b1c1) Importer(815301076,1909f56bfc062723c751e8b465ee728b)
Start importing Assets/Violet Theme Ui/Panels/Dark Panel Yellow.png using Guid(5f9fbceed0b35d2428c55a800ea8b1c1) Importer(815301076,1909f56bfc062723c751e8b465ee728b) [PhysX] Initialized MultithreadedTaskDispatcher with 20 workers.
[PhysX] Initialized MultithreadedTaskDispatcher with 20 workers.
 -> (artifact id: '97b753f7b12bb9f61390130d0441bd9e') in 0.017599 seconds
Number of updated asset objects reloaded before import = 0
Number of asset objects unloaded after import = 3
========================================================================
Received Import Request.
  Time since last request: 0.000015 seconds.
  path: Assets/Violet Theme Ui/Panels/Dark Panels Style 2 Orange.png
  artifactKey: Guid(5af159fe7617e0d49bac227578248a75) Importer(815301076,1909f56bfc062723c751e8b465ee728b)
Start importing Assets/Violet Theme Ui/Panels/Dark Panels Style 2 Orange.png using Guid(5af159fe7617e0d49bac227578248a75) Importer(815301076,1909f56bfc062723c751e8b465ee728b) [PhysX] Initialized MultithreadedTaskDispatcher with 20 workers.
[PhysX] Initialized MultithreadedTaskDispatcher with 20 workers.
 -> (artifact id: '531c36cf5c284f5c0242ecd4684a89bf') in 0.017411 seconds
Number of updated asset objects reloaded before import = 0
Number of asset objects unloaded after import = 3
========================================================================
Received Import Request.
  Time since last request: 0.000026 seconds.
  path: Assets/Violet Theme Ui/Panels/White Panel Violet.png
  artifactKey: Guid(70b674ed6c1298644aee2e129a94c4df) Importer(815301076,1909f56bfc062723c751e8b465ee728b)
Start importing Assets/Violet Theme Ui/Panels/White Panel Violet.png using Guid(70b674ed6c1298644aee2e129a94c4df) Importer(815301076,1909f56bfc062723c751e8b465ee728b) [PhysX] Initialized MultithreadedTaskDispatcher with 20 workers.
[PhysX] Initialized MultithreadedTaskDispatcher with 20 workers.
 -> (artifact id: 'cafafcfb713777be339b92bf4fa96b95') in 0.017622 seconds
Number of updated asset objects reloaded before import = 0
Number of asset objects unloaded after import = 3
========================================================================
Received Import Request.
  Time since last request: 0.000022 seconds.
  path: Assets/Violet Theme Ui/Panels/White Panel Red.png
  artifactKey: Guid(a9af6f756a1fd544cb3e5fa671ffc232) Importer(815301076,1909f56bfc062723c751e8b465ee728b)
Start importing Assets/Violet Theme Ui/Panels/White Panel Red.png using Guid(a9af6f756a1fd544cb3e5fa671ffc232) Importer(815301076,1909f56bfc062723c751e8b465ee728b) [PhysX] Initialized MultithreadedTaskDispatcher with 20 workers.
[PhysX] Initialized MultithreadedTaskDispatcher with 20 workers.
 -> (artifact id: 'cd45042859d709b37d71beb0605f538a') in 0.016388 seconds
Number of updated asset objects reloaded before import = 0
Number of asset objects unloaded after import = 3
========================================================================
Received Import Request.
  Time since last request: 0.000019 seconds.
  path: Assets/Violet Theme Ui/Panels/White Panel Orange.png
  artifactKey: Guid(25b8e83b0b204f54595f1e934897503a) Importer(815301076,1909f56bfc062723c751e8b465ee728b)
Start importing Assets/Violet Theme Ui/Panels/White Panel Orange.png using Guid(25b8e83b0b204f54595f1e934897503a) Importer(815301076,1909f56bfc062723c751e8b465ee728b) [PhysX] Initialized MultithreadedTaskDispatcher with 20 workers.
[PhysX] Initialized MultithreadedTaskDispatcher with 20 workers.
 -> (artifact id: 'd2d36e08cc786e6988607746189fc07f') in 0.015304 seconds
Number of updated asset objects reloaded before import = 0
Number of asset objects unloaded after import = 3
========================================================================
Received Import Request.
  Time since last request: 0.000018 seconds.
  path: Assets/Violet Theme Ui/Panels/White Panel Style 2 Violet.png
  artifactKey: Guid(8dc0d81c32fd06241b092585c45b6993) Importer(815301076,1909f56bfc062723c751e8b465ee728b)
Start importing Assets/Violet Theme Ui/Panels/White Panel Style 2 Violet.png using Guid(8dc0d81c32fd06241b092585c45b6993) Importer(815301076,1909f56bfc062723c751e8b465ee728b) [PhysX] Initialized MultithreadedTaskDispatcher with 20 workers.
[PhysX] Initialized MultithreadedTaskDispatcher with 20 workers.
 -> (artifact id: '412db5387a6b9d9f0d8e1818ceb8fb23') in 0.014370 seconds
Number of updated asset objects reloaded before import = 0
Number of asset objects unloaded after import = 3
========================================================================
Received Import Request.
  Time since last request: 0.000019 seconds.
  path: Assets/Violet Theme Ui/Panels/White Panel Style 2 Orange.png
  artifactKey: Guid(904015734ff79b74f9429d2d99567820) Importer(815301076,1909f56bfc062723c751e8b465ee728b)
Start importing Assets/Violet Theme Ui/Panels/White Panel Style 2 Orange.png using Guid(904015734ff79b74f9429d2d99567820) Importer(815301076,1909f56bfc062723c751e8b465ee728b) [PhysX] Initialized MultithreadedTaskDispatcher with 20 workers.
[PhysX] Initialized MultithreadedTaskDispatcher with 20 workers.
 -> (artifact id: '3a546a3fc96c5a436ca6c593558cbf69') in 0.015826 seconds
Number of updated asset objects reloaded before import = 0
Number of asset objects unloaded after import = 3
========================================================================
Received Import Request.
  Time since last request: 0.000023 seconds.
  path: Assets/Violet Theme Ui/Panels/White Panel Style 2 Green.png
  artifactKey: Guid(76051ae65406d234aad7799de589f22d) Importer(815301076,1909f56bfc062723c751e8b465ee728b)
Start importing Assets/Violet Theme Ui/Panels/White Panel Style 2 Green.png using Guid(76051ae65406d234aad7799de589f22d) Importer(815301076,1909f56bfc062723c751e8b465ee728b) [PhysX] Initialized MultithreadedTaskDispatcher with 20 workers.
[PhysX] Initialized MultithreadedTaskDispatcher with 20 workers.
 -> (artifact id: '97315ca3bdf34309edb2157da4ff9825') in 0.017128 seconds
Number of updated asset objects reloaded before import = 0
Number of asset objects unloaded after import = 3
========================================================================
Received Import Request.
  Time since last request: 0.000023 seconds.
  path: Assets/Violet Theme Ui/Panels/Dark Panel Violet.png
  artifactKey: Guid(6b1e6c0890cad0b47ada90b6965c9cd8) Importer(815301076,1909f56bfc062723c751e8b465ee728b)
Start importing Assets/Violet Theme Ui/Panels/Dark Panel Violet.png using Guid(6b1e6c0890cad0b47ada90b6965c9cd8) Importer(815301076,1909f56bfc062723c751e8b465ee728b) [PhysX] Initialized MultithreadedTaskDispatcher with 20 workers.
[PhysX] Initialized MultithreadedTaskDispatcher with 20 workers.
 -> (artifact id: '7f738e6bf183c1d8dc837504bd68be27') in 0.016442 seconds
Number of updated asset objects reloaded before import = 0
Number of asset objects unloaded after import = 3
========================================================================
Received Import Request.
  Time since last request: 0.000022 seconds.
  path: Assets/Violet Theme Ui/Panels/White Panel Pink.png
  artifactKey: Guid(d8265e6a959e1064c97197868736a524) Importer(815301076,1909f56bfc062723c751e8b465ee728b)
Start importing Assets/Violet Theme Ui/Panels/White Panel Pink.png using Guid(d8265e6a959e1064c97197868736a524) Importer(815301076,1909f56bfc062723c751e8b465ee728b) [PhysX] Initialized MultithreadedTaskDispatcher with 20 workers.
[PhysX] Initialized MultithreadedTaskDispatcher with 20 workers.
 -> (artifact id: '9ba72f19e1e6b297c3e7a3407a449edd') in 0.014578 seconds
Number of updated asset objects reloaded before import = 0
Number of asset objects unloaded after import = 3
========================================================================
Received Import Request.
  Time since last request: 0.000018 seconds.
  path: Assets/Violet Theme Ui/Panels/White Panel Style 2 Pink.png
  artifactKey: Guid(2c39a557c7779ae42950c7dd2918d6de) Importer(815301076,1909f56bfc062723c751e8b465ee728b)
Start importing Assets/Violet Theme Ui/Panels/White Panel Style 2 Pink.png using Guid(2c39a557c7779ae42950c7dd2918d6de) Importer(815301076,1909f56bfc062723c751e8b465ee728b) [PhysX] Initialized MultithreadedTaskDispatcher with 20 workers.
[PhysX] Initialized MultithreadedTaskDispatcher with 20 workers.
 -> (artifact id: '91ba6c9cfb91f0bfcb092eb31a42471c') in 0.015392 seconds
Number of updated asset objects reloaded before import = 0
Number of asset objects unloaded after import = 3
========================================================================
Received Import Request.
  Time since last request: 0.000024 seconds.
  path: Assets/Violet Theme Ui/Panels/White Panel Green.png
  artifactKey: Guid(61c69ee4216f9254eb98e9d4b2830aa7) Importer(815301076,1909f56bfc062723c751e8b465ee728b)
Start importing Assets/Violet Theme Ui/Panels/White Panel Green.png using Guid(61c69ee4216f9254eb98e9d4b2830aa7) Importer(815301076,1909f56bfc062723c751e8b465ee728b) [PhysX] Initialized MultithreadedTaskDispatcher with 20 workers.
[PhysX] Initialized MultithreadedTaskDispatcher with 20 workers.
 -> (artifact id: 'd737b677f02e07bbc1ac08e81abc8ec3') in 0.024848 seconds
Number of updated asset objects reloaded before import = 0
Number of asset objects unloaded after import = 3
========================================================================
Received Import Request.
  Time since last request: 0.000026 seconds.
  path: Assets/Violet Theme Ui/Panels/Dark Panels Style 2 Pink.png
  artifactKey: Guid(816373d26daf2fe40b59acd3712be032) Importer(815301076,1909f56bfc062723c751e8b465ee728b)
Start importing Assets/Violet Theme Ui/Panels/Dark Panels Style 2 Pink.png using Guid(816373d26daf2fe40b59acd3712be032) Importer(815301076,1909f56bfc062723c751e8b465ee728b) [PhysX] Initialized MultithreadedTaskDispatcher with 20 workers.
[PhysX] Initialized MultithreadedTaskDispatcher with 20 workers.
 -> (artifact id: '5e7486e911525aee214bfe1e9ffca930') in 0.013873 seconds
Number of updated asset objects reloaded before import = 0
Number of asset objects unloaded after import = 3
========================================================================
Received Import Request.
  Time since last request: 0.000014 seconds.
  path: Assets/Violet Theme Ui/Panels/Dark Panels Style 2 Blue.png
  artifactKey: Guid(c0e73a4e12747dd46b7ca90d2284fb29) Importer(815301076,1909f56bfc062723c751e8b465ee728b)
Start importing Assets/Violet Theme Ui/Panels/Dark Panels Style 2 Blue.png using Guid(c0e73a4e12747dd46b7ca90d2284fb29) Importer(815301076,1909f56bfc062723c751e8b465ee728b) [PhysX] Initialized MultithreadedTaskDispatcher with 20 workers.
[PhysX] Initialized MultithreadedTaskDispatcher with 20 workers.
 -> (artifact id: '1d5b3a80587680f0fe0eb0d9fa3292b3') in 0.013429 seconds
Number of updated asset objects reloaded before import = 0
Number of asset objects unloaded after import = 3
========================================================================
Received Import Request.
  Time since last request: 0.000017 seconds.
  path: Assets/Violet Theme Ui/Panels/White Panel Blue.png
  artifactKey: Guid(1a0826b925ea56842b7027ed1df8df4b) Importer(815301076,1909f56bfc062723c751e8b465ee728b)
Start importing Assets/Violet Theme Ui/Panels/White Panel Blue.png using Guid(1a0826b925ea56842b7027ed1df8df4b) Importer(815301076,1909f56bfc062723c751e8b465ee728b) [PhysX] Initialized MultithreadedTaskDispatcher with 20 workers.
[PhysX] Initialized MultithreadedTaskDispatcher with 20 workers.
 -> (artifact id: '80ac9b336c2632241fa04c1380954599') in 0.011624 seconds
Number of updated asset objects reloaded before import = 0
Number of asset objects unloaded after import = 3
========================================================================
Received Import Request.
  Time since last request: 39.139575 seconds.
  path: Assets/characters/goblin.prefab
  artifactKey: Guid(a9af2c918aaccf140b32a84867cd3e2e) Importer(815301076,1909f56bfc062723c751e8b465ee728b)
Start importing Assets/characters/goblin.prefab using Guid(a9af2c918aaccf140b32a84867cd3e2e) Importer(815301076,1909f56bfc062723c751e8b465ee728b) [PhysX] Initialized MultithreadedTaskDispatcher with 20 workers.
 -> (artifact id: '2380b4de4baaaf6dc2716253fb9689f0') in 0.001205 seconds
Number of updated asset objects reloaded before import = 0
Number of asset objects unloaded after import = 0
========================================================================
Received Import Request.
  Time since last request: 17.541627 seconds.
  path: Assets/Violet Theme Ui/Progress Bars/Progress Bar Background.png
  artifactKey: Guid(3884787ef484b9641b8d705dfa15ea9d) Importer(815301076,1909f56bfc062723c751e8b465ee728b)
Start importing Assets/Violet Theme Ui/Progress Bars/Progress Bar Background.png using Guid(3884787ef484b9641b8d705dfa15ea9d) Importer(815301076,1909f56bfc062723c751e8b465ee728b) [PhysX] Initialized MultithreadedTaskDispatcher with 20 workers.
[PhysX] Initialized MultithreadedTaskDispatcher with 20 workers.
 -> (artifact id: '41ef2684dfe0751baf3139b0d72009c1') in 0.009377 seconds
Number of updated asset objects reloaded before import = 0
Number of asset objects unloaded after import = 3
========================================================================
Received Import Request.
  Time since last request: 0.000016 seconds.
  path: Assets/Violet Theme Ui/Progress Bars/Progress Bar Purple.png
  artifactKey: Guid(0815faab49ccf63458bea68717a665ae) Importer(815301076,1909f56bfc062723c751e8b465ee728b)
Start importing Assets/Violet Theme Ui/Progress Bars/Progress Bar Purple.png using Guid(0815faab49ccf63458bea68717a665ae) Importer(815301076,1909f56bfc062723c751e8b465ee728b) [PhysX] Initialized MultithreadedTaskDispatcher with 20 workers.
[PhysX] Initialized MultithreadedTaskDispatcher with 20 workers.
 -> (artifact id: '5e04a31d90370ef7157419d2551f9f00') in 0.008460 seconds
Number of updated asset objects reloaded before import = 0
Number of asset objects unloaded after import = 3
========================================================================
Received Import Request.
  Time since last request: 0.000015 seconds.
  path: Assets/Violet Theme Ui/Progress Bars/Progress Bar Red.png
  artifactKey: Guid(1e8ffb2f21a909b46bb2883ddb8a7b21) Importer(815301076,1909f56bfc062723c751e8b465ee728b)
Start importing Assets/Violet Theme Ui/Progress Bars/Progress Bar Red.png using Guid(1e8ffb2f21a909b46bb2883ddb8a7b21) Importer(815301076,1909f56bfc062723c751e8b465ee728b) [PhysX] Initialized MultithreadedTaskDispatcher with 20 workers.
[PhysX] Initialized MultithreadedTaskDispatcher with 20 workers.
 -> (artifact id: 'cb6a974e9e583338caffb0b8ccf03666') in 0.006516 seconds
Number of updated asset objects reloaded before import = 0
Number of asset objects unloaded after import = 3
========================================================================
Received Import Request.
  Time since last request: 1.422523 seconds.
  path: Assets/Violet Theme Ui/Sliders/Fill Blue.png
  artifactKey: Guid(25ca2528409a30f4e827cb2d05c772bb) Importer(815301076,1909f56bfc062723c751e8b465ee728b)
Start importing Assets/Violet Theme Ui/Sliders/Fill Blue.png using Guid(25ca2528409a30f4e827cb2d05c772bb) Importer(815301076,1909f56bfc062723c751e8b465ee728b) [PhysX] Initialized MultithreadedTaskDispatcher with 20 workers.
[PhysX] Initialized MultithreadedTaskDispatcher with 20 workers.
 -> (artifact id: '7905d7cb0592248dd6f6c975cb61ebbb') in 0.008168 seconds
Number of updated asset objects reloaded before import = 0
Number of asset objects unloaded after import = 3
========================================================================
Received Import Request.
  Time since last request: 0.000019 seconds.
  path: Assets/Violet Theme Ui/Sliders/Handle Blue.png
  artifactKey: Guid(90a65e5f1a9c4c04a89791b3a9eda3c9) Importer(815301076,1909f56bfc062723c751e8b465ee728b)
Start importing Assets/Violet Theme Ui/Sliders/Handle Blue.png using Guid(90a65e5f1a9c4c04a89791b3a9eda3c9) Importer(815301076,1909f56bfc062723c751e8b465ee728b) [PhysX] Initialized MultithreadedTaskDispatcher with 20 workers.
[PhysX] Initialized MultithreadedTaskDispatcher with 20 workers.
 -> (artifact id: '126dbcec1e81a761d6f52cc7c59b8fb0') in 0.009865 seconds
Number of updated asset objects reloaded before import = 0
Number of asset objects unloaded after import = 3
========================================================================
Received Import Request.
  Time since last request: 0.000015 seconds.
  path: Assets/Violet Theme Ui/Sliders/Slider Background.png
  artifactKey: Guid(1129e40c4bb98d04a8cc90b024594009) Importer(815301076,1909f56bfc062723c751e8b465ee728b)
Start importing Assets/Violet Theme Ui/Sliders/Slider Background.png using Guid(1129e40c4bb98d04a8cc90b024594009) Importer(815301076,1909f56bfc062723c751e8b465ee728b) [PhysX] Initialized MultithreadedTaskDispatcher with 20 workers.
[PhysX] Initialized MultithreadedTaskDispatcher with 20 workers.
 -> (artifact id: '645fbe2f38b4802a0229a470d5de9f08') in 0.007917 seconds
Number of updated asset objects reloaded before import = 0
Number of asset objects unloaded after import = 3
========================================================================
Received Import Request.
  Time since last request: 0.000019 seconds.
  path: Assets/Violet Theme Ui/Sliders/Handle Red.png
  artifactKey: Guid(34c670642e6efda40b50b89365cb199b) Importer(815301076,1909f56bfc062723c751e8b465ee728b)
Start importing Assets/Violet Theme Ui/Sliders/Handle Red.png using Guid(34c670642e6efda40b50b89365cb199b) Importer(815301076,1909f56bfc062723c751e8b465ee728b) [PhysX] Initialized MultithreadedTaskDispatcher with 20 workers.
[PhysX] Initialized MultithreadedTaskDispatcher with 20 workers.
 -> (artifact id: 'f6a14b5b703e957b70649c8c4217b5c7') in 0.006409 seconds
Number of updated asset objects reloaded before import = 0
Number of asset objects unloaded after import = 3
========================================================================
Received Import Request.
  Time since last request: 1778.341633 seconds.
  path: Assets/Violet Theme Ui/Buttons/Misc/Background.afdesign
  artifactKey: Guid(86eee8928789acc4abd4e7c03d2b7d5b) Importer(815301076,1909f56bfc062723c751e8b465ee728b)
Start importing Assets/Violet Theme Ui/Buttons/Misc/Background.afdesign using Guid(86eee8928789acc4abd4e7c03d2b7d5b) Importer(815301076,1909f56bfc062723c751e8b465ee728b) [PhysX] Initialized MultithreadedTaskDispatcher with 20 workers.
 -> (artifact id: 'cbda74e95f702ced10a80e50244ce993') in 0.002716 seconds
Number of updated asset objects reloaded before import = 0
Number of asset objects unloaded after import = 1
========================================================================
Received Import Request.
  Time since last request: 1.252907 seconds.
  path: Assets/Violet Theme Ui/Buttons/Misc/80x80 Background.afdesign
  artifactKey: Guid(06517eb482146f649bd7deb3ed9d6540) Importer(815301076,1909f56bfc062723c751e8b465ee728b)
Start importing Assets/Violet Theme Ui/Buttons/Misc/80x80 Background.afdesign using Guid(06517eb482146f649bd7deb3ed9d6540) Importer(815301076,1909f56bfc062723c751e8b465ee728b) [PhysX] Initialized MultithreadedTaskDispatcher with 20 workers.
 -> (artifact id: 'f299e610ca7d2fe8411233f0b0985ce8') in 0.001051 seconds
Number of updated asset objects reloaded before import = 0
Number of asset objects unloaded after import = 1
========================================================================
Received Import Request.
  Time since last request: 11.786493 seconds.
  path: Assets/Violet Theme Ui/Prefab
  artifactKey: Guid(e7e91a1d394973d429d076395e413b56) Importer(815301076,1909f56bfc062723c751e8b465ee728b)
Start importing Assets/Violet Theme Ui/Prefab using Guid(e7e91a1d394973d429d076395e413b56) Importer(815301076,1909f56bfc062723c751e8b465ee728b) [PhysX] Initialized MultithreadedTaskDispatcher with 20 workers.
 -> (artifact id: '1babe0727e386e448a99d8e53e95c1cd') in 0.000591 seconds
Number of updated asset objects reloaded before import = 0
Number of asset objects unloaded after import = 0
========================================================================
Received Import Request.
  Time since last request: 0.061558 seconds.
  path: Assets/Violet Theme Ui/Prefab/Bottom Menu.prefab
  artifactKey: Guid(070add71008581e49986cf2f1d3ff193) Importer(815301076,1909f56bfc062723c751e8b465ee728b)
Start importing Assets/Violet Theme Ui/Prefab/Bottom Menu.prefab using Guid(070add71008581e49986cf2f1d3ff193) Importer(815301076,1909f56bfc062723c751e8b465ee728b) [PhysX] Initialized MultithreadedTaskDispatcher with 20 workers.
 -> (artifact id: '09503f0b66d9f919e22f4c4a58ab005c') in 0.000576 seconds
Number of updated asset objects reloaded before import = 0
Number of asset objects unloaded after import = 0
========================================================================
Received Import Request.
  Time since last request: 0.000346 seconds.
  path: Assets/Violet Theme Ui/Prefab/Login.prefab
  artifactKey: Guid(8de9e4070f9532640a3f874b810ce4a3) Importer(815301076,1909f56bfc062723c751e8b465ee728b)
Start importing Assets/Violet Theme Ui/Prefab/Login.prefab using Guid(8de9e4070f9532640a3f874b810ce4a3) Importer(815301076,1909f56bfc062723c751e8b465ee728b) [PhysX] Initialized MultithreadedTaskDispatcher with 20 workers.
 -> (artifact id: '23df63592d3ddc0f056f9ae7ba24190b') in 0.000511 seconds
Number of updated asset objects reloaded before import = 0
Number of asset objects unloaded after import = 0
========================================================================
Received Import Request.
  Time since last request: 0.000793 seconds.
  path: Assets/Violet Theme Ui/Prefab/Message.prefab
  artifactKey: Guid(b01002205b707a24c9bcc655f14264cb) Importer(815301076,1909f56bfc062723c751e8b465ee728b)
Start importing Assets/Violet Theme Ui/Prefab/Message.prefab using Guid(b01002205b707a24c9bcc655f14264cb) Importer(815301076,1909f56bfc062723c751e8b465ee728b) [PhysX] Initialized MultithreadedTaskDispatcher with 20 workers.
 -> (artifact id: '839d28ab2825df2ed404701df9371617') in 0.000399 seconds
Number of updated asset objects reloaded before import = 0
Number of asset objects unloaded after import = 0
========================================================================
Received Import Request.
  Time since last request: 0.000025 seconds.
  path: Assets/Violet Theme Ui/Prefab/Settings.prefab
  artifactKey: Guid(5cff5332165ee994bb3978aec68054b4) Importer(815301076,1909f56bfc062723c751e8b465ee728b)
Start importing Assets/Violet Theme Ui/Prefab/Settings.prefab using Guid(5cff5332165ee994bb3978aec68054b4) Importer(815301076,1909f56bfc062723c751e8b465ee728b) [PhysX] Initialized MultithreadedTaskDispatcher with 20 workers.
 -> (artifact id: 'dc0b18b367bfe55aea908169d45a6f4a') in 0.000432 seconds
Number of updated asset objects reloaded before import = 0
Number of asset objects unloaded after import = 0
========================================================================
Received Import Request.
  Time since last request: 0.000145 seconds.
  path: Assets/Violet Theme Ui/Prefab/Status.prefab
  artifactKey: Guid(0c67cd333a1020d429e682990ff7a84d) Importer(815301076,1909f56bfc062723c751e8b465ee728b)
Start importing Assets/Violet Theme Ui/Prefab/Status.prefab using Guid(0c67cd333a1020d429e682990ff7a84d) Importer(815301076,1909f56bfc062723c751e8b465ee728b) [PhysX] Initialized MultithreadedTaskDispatcher with 20 workers.
 -> (artifact id: '9f898c25893f8bca44a4afbe9c191cef') in 0.000368 seconds
Number of updated asset objects reloaded before import = 0
Number of asset objects unloaded after import = 0
========================================================================
Received Import Request.
  Time since last request: 0.000131 seconds.
  path: Assets/Violet Theme Ui/Prefab/Store.prefab
  artifactKey: Guid(ef94f707182732b4fb45389fc2da750f) Importer(815301076,1909f56bfc062723c751e8b465ee728b)
Start importing Assets/Violet Theme Ui/Prefab/Store.prefab using Guid(ef94f707182732b4fb45389fc2da750f) Importer(815301076,1909f56bfc062723c751e8b465ee728b) [PhysX] Initialized MultithreadedTaskDispatcher with 20 workers.
 -> (artifact id: '1d01db41576664d1f591013f61f59db8') in 0.000547 seconds
Number of updated asset objects reloaded before import = 0
Number of asset objects unloaded after import = 0
========================================================================
Received Import Request.
  Time since last request: 0.000300 seconds.
  path: Assets/Violet Theme Ui/Prefab/Win.prefab
  artifactKey: Guid(6d8d3cab81ba0094b97b07e00afbce17) Importer(815301076,1909f56bfc062723c751e8b465ee728b)
Start importing Assets/Violet Theme Ui/Prefab/Win.prefab using Guid(6d8d3cab81ba0094b97b07e00afbce17) Importer(815301076,1909f56bfc062723c751e8b465ee728b) [PhysX] Initialized MultithreadedTaskDispatcher with 20 workers.
 -> (artifact id: 'f387b2ad6dd0b5a79c1e9bfe4593768c') in 0.000937 seconds
Number of updated asset objects reloaded before import = 0
Number of asset objects unloaded after import = 0
========================================================================
Received Import Request.
  Time since last request: 14.699111 seconds.
  path: Assets/Violet Theme Ui/Prefab/Bottom Menu.prefab
  artifactKey: Guid(070add71008581e49986cf2f1d3ff193) Importer(815301076,1909f56bfc062723c751e8b465ee728b)
Start importing Assets/Violet Theme Ui/Prefab/Bottom Menu.prefab using Guid(070add71008581e49986cf2f1d3ff193) Importer(815301076,1909f56bfc062723c751e8b465ee728b) [PhysX] Initialized MultithreadedTaskDispatcher with 20 workers.
 -> (artifact id: '09503f0b66d9f919e22f4c4a58ab005c') in 0.000681 seconds
Number of updated asset objects reloaded before import = 0
Number of asset objects unloaded after import = 0
========================================================================
Received Import Request.
  Time since last request: 0.025729 seconds.
  path: Assets/Violet Theme Ui/Prefab/Status.prefab
  artifactKey: Guid(0c67cd333a1020d429e682990ff7a84d) Importer(815301076,1909f56bfc062723c751e8b465ee728b)
Start importing Assets/Violet Theme Ui/Prefab/Status.prefab using Guid(0c67cd333a1020d429e682990ff7a84d) Importer(815301076,1909f56bfc062723c751e8b465ee728b) [PhysX] Initialized MultithreadedTaskDispatcher with 20 workers.
 -> (artifact id: '9f898c25893f8bca44a4afbe9c191cef') in 0.000769 seconds
Number of updated asset objects reloaded before import = 0
Number of asset objects unloaded after import = 0
========================================================================
Received Import Request.
  Time since last request: 0.000055 seconds.
  path: Assets/Violet Theme Ui/Prefab/Win.prefab
  artifactKey: Guid(6d8d3cab81ba0094b97b07e00afbce17) Importer(815301076,1909f56bfc062723c751e8b465ee728b)
Start importing Assets/Violet Theme Ui/Prefab/Win.prefab using Guid(6d8d3cab81ba0094b97b07e00afbce17) Importer(815301076,1909f56bfc062723c751e8b465ee728b) [PhysX] Initialized MultithreadedTaskDispatcher with 20 workers.
 -> (artifact id: 'f387b2ad6dd0b5a79c1e9bfe4593768c') in 0.000526 seconds
Number of updated asset objects reloaded before import = 0
Number of asset objects unloaded after import = 0
========================================================================
Received Import Request.
  Time since last request: 0.000027 seconds.
  path: Assets/Violet Theme Ui/Prefab/Store.prefab
  artifactKey: Guid(ef94f707182732b4fb45389fc2da750f) Importer(815301076,1909f56bfc062723c751e8b465ee728b)
Start importing Assets/Violet Theme Ui/Prefab/Store.prefab using Guid(ef94f707182732b4fb45389fc2da750f) Importer(815301076,1909f56bfc062723c751e8b465ee728b) [PhysX] Initialized MultithreadedTaskDispatcher with 20 workers.
 -> (artifact id: '1d01db41576664d1f591013f61f59db8') in 0.000556 seconds
Number of updated asset objects reloaded before import = 0
Number of asset objects unloaded after import = 0
========================================================================
Received Import Request.
  Time since last request: 0.000041 seconds.
  path: Assets/Violet Theme Ui/Prefab/Message.prefab
  artifactKey: Guid(b01002205b707a24c9bcc655f14264cb) Importer(815301076,1909f56bfc062723c751e8b465ee728b)
Start importing Assets/Violet Theme Ui/Prefab/Message.prefab using Guid(b01002205b707a24c9bcc655f14264cb) Importer(815301076,1909f56bfc062723c751e8b465ee728b) [PhysX] Initialized MultithreadedTaskDispatcher with 20 workers.
 -> (artifact id: '839d28ab2825df2ed404701df9371617') in 0.000486 seconds
Number of updated asset objects reloaded before import = 0
Number of asset objects unloaded after import = 0
========================================================================
Received Import Request.
  Time since last request: 0.464026 seconds.
  path: Assets/Violet Theme Ui/Prefab/Bottom Menu.prefab
  artifactKey: Guid(070add71008581e49986cf2f1d3ff193) Importer(815301076,1909f56bfc062723c751e8b465ee728b)
Start importing Assets/Violet Theme Ui/Prefab/Bottom Menu.prefab using Guid(070add71008581e49986cf2f1d3ff193) Importer(815301076,1909f56bfc062723c751e8b465ee728b) [PhysX] Initialized MultithreadedTaskDispatcher with 20 workers.
 -> (artifact id: '09503f0b66d9f919e22f4c4a58ab005c') in 0.000525 seconds
Number of updated asset objects reloaded before import = 0
Number of asset objects unloaded after import = 0
========================================================================
Received Import Request.
  Time since last request: 0.000240 seconds.
  path: Assets/Violet Theme Ui/Prefab/Status.prefab
  artifactKey: Guid(0c67cd333a1020d429e682990ff7a84d) Importer(815301076,1909f56bfc062723c751e8b465ee728b)
Start importing Assets/Violet Theme Ui/Prefab/Status.prefab using Guid(0c67cd333a1020d429e682990ff7a84d) Importer(815301076,1909f56bfc062723c751e8b465ee728b) [PhysX] Initialized MultithreadedTaskDispatcher with 20 workers.
 -> (artifact id: '9f898c25893f8bca44a4afbe9c191cef') in 0.000434 seconds
Number of updated asset objects reloaded before import = 0
Number of asset objects unloaded after import = 0
========================================================================
Received Import Request.
  Time since last request: 0.000010 seconds.
  path: Assets/Violet Theme Ui/Prefab/Store.prefab
  artifactKey: Guid(ef94f707182732b4fb45389fc2da750f) Importer(815301076,1909f56bfc062723c751e8b465ee728b)
Start importing Assets/Violet Theme Ui/Prefab/Store.prefab using Guid(ef94f707182732b4fb45389fc2da750f) Importer(815301076,1909f56bfc062723c751e8b465ee728b) [PhysX] Initialized MultithreadedTaskDispatcher with 20 workers.
 -> (artifact id: '1d01db41576664d1f591013f61f59db8') in 0.000386 seconds
Number of updated asset objects reloaded before import = 0
Number of asset objects unloaded after import = 0
========================================================================
Received Import Request.
  Time since last request: 0.000092 seconds.
  path: Assets/Violet Theme Ui/Prefab/Win.prefab
  artifactKey: Guid(6d8d3cab81ba0094b97b07e00afbce17) Importer(815301076,1909f56bfc062723c751e8b465ee728b)
Start importing Assets/Violet Theme Ui/Prefab/Win.prefab using Guid(6d8d3cab81ba0094b97b07e00afbce17) Importer(815301076,1909f56bfc062723c751e8b465ee728b) [PhysX] Initialized MultithreadedTaskDispatcher with 20 workers.
 -> (artifact id: 'f387b2ad6dd0b5a79c1e9bfe4593768c') in 0.000798 seconds
Number of updated asset objects reloaded before import = 0
Number of asset objects unloaded after import = 0
========================================================================
Received Prepare
Caller must complete domain reload
Begin MonoManager ReloadAssembly
- Loaded All Assemblies, in  0.804 seconds
Native extension for WindowsStandalone target not found
Native extension for WebGL target not found
System.Exception: Error! Visual Scripting: couldn't find visual scripting package
  at Unity.VisualScripting.PackageVersionUtility.get_version () [0x00043] in .\Library\PackageCache\com.unity.visualscripting@1.9.4\Editor\VisualScripting.Core\Utilities\PackageVersionUtility.cs:31 
  at Unity.VisualScripting.BoltCoreManifest.get_version () [0x00000] in .\Library\PackageCache\com.unity.visualscripting@1.9.4\Editor\VisualScripting.Core\Plugin\BoltCoreManifest.cs:11 
  at Unity.VisualScripting.PluginManifest.get_currentVersion () [0x00000] in .\Library\PackageCache\com.unity.visualscripting@1.9.4\Editor\VisualScripting.Core\Plugins\PluginManifest.cs:33 
  at Unity.VisualScripting.PluginManifest.get_versionMismatch () [0x00000] in .\Library\PackageCache\com.unity.visualscripting@1.9.4\Editor\VisualScripting.Core\Plugins\PluginManifest.cs:48 
  at Unity.VisualScripting.PluginContainer.Initialize () [0x00525] in .\Library\PackageCache\com.unity.visualscripting@1.9.4\Editor\VisualScripting.Core\Plugins\PluginContainer.cs:208 
  at Unity.VisualScripting.PluginContainer.InitializeOnLoad () [0x00009] in .\Library\PackageCache\com.unity.visualscripting@1.9.4\Editor\VisualScripting.Core\Plugins\PluginContainer.cs:32 
  at Unity.VisualScripting.VSUsageUtility.DoInitializeOnLoadCalls () [0x00034] in .\Library\PackageCache\com.unity.visualscripting@1.9.4\Editor\VisualScripting.Core\Utilities\VSUsageUtility.cs:76 
  at Unity.VisualScripting.VSUsageUtility.set_isVisualScriptingUsed (System.Boolean value) [0x0002c] in .\Library\PackageCache\com.unity.visualscripting@1.9.4\Editor\VisualScripting.Core\Utilities\VSUsageUtility.cs:114 
  at Unity.VisualScripting.VSUsageUtility.CheckAndSetIsVisualScriptingUsed () [0x0000d] in .\Library\PackageCache\com.unity.visualscripting@1.9.4\Editor\VisualScripting.Core\Utilities\VSUsageUtility.cs:33 
  at Unity.VisualScripting.VSUsageUtility..cctor () [0x00000] in .\Library\PackageCache\com.unity.visualscripting@1.9.4\Editor\VisualScripting.Core\Utilities\VSUsageUtility.cs:22 
UnityEngine.StackTraceUtility:ExtractStackTrace ()
UnityEngine.DebugLogHandler:LogFormat (UnityEngine.LogType,UnityEngine.Object,string,object[])
UnityEngine.Logger:Log (UnityEngine.LogType,object)
UnityEngine.Debug:LogError (object)
UnityEditor.EditorAssemblies:ProcessInitializeOnLoadAttributes (System.Type[])

[Package Manager] Server::EnsureServerProcessIsRunning -- launch failed, reason: Unity was launched with the -noUpm command-line argument
[Package Manager] UpmClient::Send -- Unable to send message (not connected to UPM process).
[Package Manager] Cannot connect to Unity Package Manager local server
Mono: successfully reloaded assembly
- Finished resetting the current domain, in  1.291 seconds
Domain Reload Profiling: 2090ms
	BeginReloadAssembly (302ms)
		ExecutionOrderSort (0ms)
		DisableScriptedObjects (22ms)
		BackupInstance (0ms)
		ReleaseScriptingObjects (0ms)
		CreateAndSetChildDomain (103ms)
	RebuildCommonClasses (41ms)
	RebuildNativeTypeToScriptingClass (9ms)
	initialDomainReloadingComplete (38ms)
	LoadAllAssembliesAndSetupDomain (409ms)
		LoadAssemblies (488ms)
		RebuildTransferFunctionScriptingTraits (0ms)
		AnalyzeDomain (24ms)
			TypeCache.Refresh (10ms)
				TypeCache.ScanAssembly (1ms)
			ScanForSourceGeneratedMonoScriptInfo (9ms)
			ResolveRequiredComponents (5ms)
	FinalizeReload (1292ms)
		ReleaseScriptCaches (0ms)
		RebuildScriptCaches (0ms)
		SetupLoadedEditorAssemblies (494ms)
			LogAssemblyErrors (0ms)
			InitializePlatformSupportModulesInManaged (7ms)
			SetLoadedEditorAssemblies (5ms)
			RefreshPlugins (0ms)
			BeforeProcessingInitializeOnLoad (60ms)
			ProcessInitializeOnLoadAttributes (390ms)
			ProcessInitializeOnLoadMethodAttributes (24ms)
			AfterProcessingInitializeOnLoad (8ms)
			EditorAssembliesLoaded (0ms)
		ExecutionOrderSort2 (0ms)
		AwakeInstancesAfterBackupRestoration (9ms)
Refreshing native plugins compatible for Editor in 6.24 ms, found 4 plugins.
Preloading 0 native plugins for Editor in 0.00 ms.
Unloading 4037 Unused Serialized files (Serialized files now loaded: 0)
Unloading 38 unused Assets / (0.9 MB). Loaded Objects now: 4620.
Memory consumption went from 149.7 MB to 148.8 MB.
Total: 9.716600 ms (FindLiveObjects: 0.190000 ms CreateObjectMapping: 0.092000 ms MarkObjects: 9.073200 ms  DeleteObjects: 0.360100 ms)

Prepare: number of updated asset objects reloaded= 0
AssetImportParameters requested are different than current active one (requested -> active):
  custom:container-demuxer-ogg: 62fdf1f143b41e24485cea50d1cbac27 -> 
  custom:scripting/monoscript/fileName/enemyvalues.cs: 6d3759815fd7be00f9546723da6f552c -> 
  custom:video-decoder-ogg-theora: a1e56fd34408186e4bbccfd4996cb3dc -> 
  custom:framework-win-MediaFoundation: 216162199b28c13a410421893ffa2e32 -> 
  custom:CustomObjectIndexerAttribute: 9a22284fe3817be447336de3de66b15e -> 
  custom:scripting/monoscript/fileName/playervalues.cs: 8246be7a4dfdae6cb4722066f9fe78c7 -> 
  custom:container-demuxer-webm: 4f35f7cbe854078d1ac9338744f61a02 -> 
  custom:container-muxer-webm: aa71ff27fc2769a1b78a27578f13a17b -> 
  custom:video-decoder-webm-vp8: 9c59270c3fd7afecdb556c50c9e8de78 -> 
  custom:SearchIndexIgnoredProperties: e643bd26f0fe6173181afceb89e7c659 -> 
  custom:AudioImporter_EditorPlatform: d09bf68614088b80899f8185d706f6e7 -> 
  custom:video-encoder-webm-vp8: eb34c28f22e8b96e1ab97ce403110664 -> 
  custom:scripting/monoscript/fileName/player.cs: b1b0b99e0fbd8450a8ac2481988cbaeb -> 
  custom:scripting/monoscript/fileName/combatsystem.cs: 8872a57b1c80ec4a65fcbcdad3cdf073 -> 
  custom:audio-decoder-ogg-vorbis: bf7c407c2cedff20999df2af8eb42d56 -> 
  custom:audio-encoder-webm-vorbis: bf7c407c2cedff20999df2af8eb42d56 -> 
  custom:scripting/precompiled-assembly-types:Assembly-CSharp: 9d4de6be5b679680312063e996201b19 -> 
========================================================================
Received Prepare
Caller must complete domain reload
Begin MonoManager ReloadAssembly
- Loaded All Assemblies, in  0.541 seconds
Native extension for WindowsStandalone target not found
Native extension for WebGL target not found
System.Exception: Error! Visual Scripting: couldn't find visual scripting package
  at Unity.VisualScripting.PackageVersionUtility.get_version () [0x00043] in .\Library\PackageCache\com.unity.visualscripting@1.9.4\Editor\VisualScripting.Core\Utilities\PackageVersionUtility.cs:31 
  at Unity.VisualScripting.BoltCoreManifest.get_version () [0x00000] in .\Library\PackageCache\com.unity.visualscripting@1.9.4\Editor\VisualScripting.Core\Plugin\BoltCoreManifest.cs:11 
  at Unity.VisualScripting.PluginManifest.get_currentVersion () [0x00000] in .\Library\PackageCache\com.unity.visualscripting@1.9.4\Editor\VisualScripting.Core\Plugins\PluginManifest.cs:33 
  at Unity.VisualScripting.PluginManifest.get_versionMismatch () [0x00000] in .\Library\PackageCache\com.unity.visualscripting@1.9.4\Editor\VisualScripting.Core\Plugins\PluginManifest.cs:48 
  at Unity.VisualScripting.PluginContainer.Initialize () [0x00525] in .\Library\PackageCache\com.unity.visualscripting@1.9.4\Editor\VisualScripting.Core\Plugins\PluginContainer.cs:208 
  at Unity.VisualScripting.PluginContainer.InitializeOnLoad () [0x00009] in .\Library\PackageCache\com.unity.visualscripting@1.9.4\Editor\VisualScripting.Core\Plugins\PluginContainer.cs:32 
  at Unity.VisualScripting.VSUsageUtility.DoInitializeOnLoadCalls () [0x00034] in .\Library\PackageCache\com.unity.visualscripting@1.9.4\Editor\VisualScripting.Core\Utilities\VSUsageUtility.cs:76 
  at Unity.VisualScripting.VSUsageUtility.set_isVisualScriptingUsed (System.Boolean value) [0x0002c] in .\Library\PackageCache\com.unity.visualscripting@1.9.4\Editor\VisualScripting.Core\Utilities\VSUsageUtility.cs:114 
  at Unity.VisualScripting.VSUsageUtility.CheckAndSetIsVisualScriptingUsed () [0x0000d] in .\Library\PackageCache\com.unity.visualscripting@1.9.4\Editor\VisualScripting.Core\Utilities\VSUsageUtility.cs:33 
  at Unity.VisualScripting.VSUsageUtility..cctor () [0x00000] in .\Library\PackageCache\com.unity.visualscripting@1.9.4\Editor\VisualScripting.Core\Utilities\VSUsageUtility.cs:22 
UnityEngine.StackTraceUtility:ExtractStackTrace ()
UnityEngine.DebugLogHandler:LogFormat (UnityEngine.LogType,UnityEngine.Object,string,object[])
UnityEngine.Logger:Log (UnityEngine.LogType,object)
UnityEngine.Debug:LogError (object)
UnityEditor.EditorAssemblies:ProcessInitializeOnLoadAttributes (System.Type[])

[Package Manager] Server::EnsureServerProcessIsRunning -- launch failed, reason: Unity was launched with the -noUpm command-line argument
[Package Manager] UpmClient::Send -- Unable to send message (not connected to UPM process).
[Package Manager] Cannot connect to Unity Package Manager local server
Mono: successfully reloaded assembly
- Finished resetting the current domain, in  1.081 seconds
Domain Reload Profiling: 1617ms
	BeginReloadAssembly (228ms)
		ExecutionOrderSort (0ms)
		DisableScriptedObjects (7ms)
		BackupInstance (0ms)
		ReleaseScriptingObjects (0ms)
		CreateAndSetChildDomain (29ms)
	RebuildCommonClasses (32ms)
	RebuildNativeTypeToScriptingClass (34ms)
	initialDomainReloadingComplete (25ms)
	LoadAllAssembliesAndSetupDomain (217ms)
		LoadAssemblies (356ms)
		RebuildTransferFunctionScriptingTraits (0ms)
		AnalyzeDomain (19ms)
			TypeCache.Refresh (7ms)
				TypeCache.ScanAssembly (0ms)
			ScanForSourceGeneratedMonoScriptInfo (7ms)
			ResolveRequiredComponents (4ms)
	FinalizeReload (1081ms)
		ReleaseScriptCaches (0ms)
		RebuildScriptCaches (0ms)
		SetupLoadedEditorAssemblies (460ms)
			LogAssemblyErrors (0ms)
			InitializePlatformSupportModulesInManaged (6ms)
			SetLoadedEditorAssemblies (2ms)
			RefreshPlugins (0ms)
			BeforeProcessingInitializeOnLoad (58ms)
			ProcessInitializeOnLoadAttributes (365ms)
			ProcessInitializeOnLoadMethodAttributes (22ms)
			AfterProcessingInitializeOnLoad (7ms)
			EditorAssembliesLoaded (0ms)
		ExecutionOrderSort2 (0ms)
		AwakeInstancesAfterBackupRestoration (8ms)
Refreshing native plugins compatible for Editor in 6.65 ms, found 4 plugins.
Preloading 0 native plugins for Editor in 0.00 ms.
Unloading 4072 Unused Serialized files (Serialized files now loaded: 0)
Unloading 38 unused Assets / (0.9 MB). Loaded Objects now: 4659.
Memory consumption went from 150.6 MB to 149.7 MB.
Total: 7.729600 ms (FindLiveObjects: 0.192400 ms CreateObjectMapping: 0.122200 ms MarkObjects: 7.105700 ms  DeleteObjects: 0.308300 ms)

Prepare: number of updated asset objects reloaded= 0
AssetImportParameters requested are different than current active one (requested -> active):
  custom:scripting/monoscript/fileName/SkewTextExample.cs: c142d02d70a129e0533975f7c2f96956 -> 
  custom:container-demuxer-ogg: 62fdf1f143b41e24485cea50d1cbac27 -> 
  custom:scripting/monoscript/fileName/TMP_TextEventHandler.cs: f5cd9d5a43bfefc8f4fec80e6de896a4 -> 
  custom:scripting/monoscript/fileName/TextMeshProFloatingText.cs: 92608fa4a6315cd0786d82205e77b697 -> 
  custom:scripting/monoscript/fileName/VertexZoom.cs: 650ab1e81d40126e3edcf737cce646e4 -> 
  custom:scripting/monoscript/fileName/enemyvalues.cs: 6d3759815fd7be00f9546723da6f552c -> 
  custom:scripting/monoscript/fileName/VertexShakeA.cs: 63ec564c588058369499638dd899e05b -> 
  custom:scripting/monoscript/fileName/TMP_ExampleScript_01.cs: a9d4be556104ff54e7d240529b3e01dc -> 
  custom:video-decoder-ogg-theora: a1e56fd34408186e4bbccfd4996cb3dc -> 
  custom:scripting/monoscript/fileName/TMP_TextEventCheck.cs: 13505d917eab5868c435e0c2986dadfa -> 
  custom:scripting/monoscript/fileName/TMP_TextSelector_B.cs: ba2be21a7486d37b1011342977a2e49d -> 
  custom:scripting/monoscript/fileName/Benchmark01.cs: 2d3e2cd961730ab95f139a49a673bace -> 
  custom:framework-win-MediaFoundation: 216162199b28c13a410421893ffa2e32 -> 
  custom:scripting/monoscript/fileName/Benchmark02.cs: 5640963252ce70910e726415f869ced6 -> 
  custom:scripting/monoscript/fileName/DropdownSample.cs: 0a92251794e5f10400149f96c3c59e5d -> 
  custom:scripting/monoscript/fileName/WarpTextExample.cs: 2663459c266363641981c7d17b698d7f -> 
  custom:CustomObjectIndexerAttribute: 9a22284fe3817be447336de3de66b15e -> 
  custom:scripting/monoscript/fileName/playervalues.cs: 8246be7a4dfdae6cb4722066f9fe78c7 -> 
  custom:container-demuxer-webm: 4f35f7cbe854078d1ac9338744f61a02 -> 
  custom:scripting/monoscript/fileName/ChatController.cs: 876d5ccae6e345dd5d9450eb0a748f16 -> 
  custom:scripting/monoscript/fileName/TextMeshSpawner.cs: 76f28e2ddb031571e6ec62b018f65fa8 -> 
  custom:scripting/monoscript/fileName/TeleType.cs: 31fa97821c4c70f157ec81d507aa6b62 -> 
  custom:scripting/monoscript/fileName/Benchmark04.cs: 32220b148620e52aa81c13a114862bf4 -> 
  custom:container-muxer-webm: aa71ff27fc2769a1b78a27578f13a17b -> 
  custom:video-decoder-webm-vp8: 9c59270c3fd7afecdb556c50c9e8de78 -> 
  custom:scripting/monoscript/fileName/TMP_PhoneNumberValidator.cs: 7c3049f481e464c6a9a15dee56c3126f -> 
  custom:SearchIndexIgnoredProperties: e643bd26f0fe6173181afceb89e7c659 -> 
  custom:AudioImporter_EditorPlatform: d09bf68614088b80899f8185d706f6e7 -> 
  custom:scripting/monoscript/fileName/EnvMapAnimator.cs: 1b4f61c17e4b7283c3ac351aacff9d26 -> 
  custom:scripting/monoscript/fileName/ShaderPropAnimator.cs: 55ce425812446482e623ff2695c94cb2 -> 
  custom:scripting/monoscript/fileName/SimpleScript.cs: 454caab0c6c050f29b39d82e1d66d0fa -> 
  custom:scripting/monoscript/fileName/ObjectSpin.cs: 2b96bb2079dd7fa5108d981627a28e1e -> 
  custom:scripting/monoscript/fileName/CameraController.cs: 34b6be4e23ce86dc89786916c5983296 -> 
  custom:scripting/monoscript/fileName/TMP_TextInfoDebugTool.cs: 3f1709cfb2cc628169113a35b5e9be3f -> 
  custom:scripting/monoscript/fileName/TMP_TextSelector_A.cs: 347309a09d56e367b188a6978f75b424 -> 
  custom:video-encoder-webm-vp8: eb34c28f22e8b96e1ab97ce403110664 -> 
  custom:scripting/monoscript/fileName/player.cs: b1b0b99e0fbd8450a8ac2481988cbaeb -> 
  custom:scripting/monoscript/fileName/combatsystem.cs: 8872a57b1c80ec4a65fcbcdad3cdf073 -> 
  custom:audio-decoder-ogg-vorbis: bf7c407c2cedff20999df2af8eb42d56 -> 
  custom:scripting/monoscript/fileName/VertexJitter.cs: d27eb5498e48714a66aece98da065133 -> 
  custom:scripting/monoscript/fileName/TextConsoleSimulator.cs: 33fc311abb20b5b0ed8f00e4d86b574e -> 
  custom:scripting/monoscript/fileName/VertexColorCycler.cs: 5f984ca91cf3609293aecc6bc5641572 -> 
  custom:scripting/monoscript/fileName/TMP_FrameRateCounter.cs: 46f655df8cb483ac5958307137b1585a -> 
  custom:scripting/monoscript/fileName/VertexShakeB.cs: a6f78c4fcda1a29a1a1c1baefedba9e7 -> 
  custom:scripting/monoscript/fileName/TMP_UiFrameRateCounter.cs: b01021aea19247f14a98ab338907956a -> 
  custom:scripting/monoscript/fileName/TMPro_InstructionOverlay.cs: b626d2270e6ebd5c4311585c18b58d8d -> 
  custom:scripting/monoscript/fileName/TMP_DigitValidator.cs: ac02af96215ae3951a3cce9e1a8c6085 -> 
  custom:audio-encoder-webm-vorbis: bf7c407c2cedff20999df2af8eb42d56 -> 
  custom:scripting/monoscript/fileName/Benchmark01_UGUI.cs: 6148cfe2627b7708298f301788144139 -> 
  custom:scripting/precompiled-assembly-types:Assembly-CSharp: a7ec28076fc996aa13be447a7c7289a2 -> 
  custom:scripting/monoscript/fileName/Benchmark03.cs: 17cc87e0529ac71d909a946afb47a274 -> 
Editor requested this worker to shutdown with reason: Scaling down because of idle timeout
TcpMessagingSession - receive error: operation aborted. errorcode: 995, details: The I/O operation has been aborted because of either a thread exit or an application request.
AssetImportWorker is now disconnected from the server
Process exiting
Exiting without the bug reporter. Application will terminate with return code 0